ra_u,dec_u,fpeak_u,fint_u,designation,G_mag,R_mag,Jmag,Kmag,spectrum,redshift,Class,JNAME,errHalfMaj,errHalfMin,errPosAng,W1mag,W2mag,W3mag,W4mag,Hmag,RAdeg,DEdeg,errHalfMaj_x,errHalfMin_x,errPosAng_x,objID,mode,q_mode,class_x,SDSS12,m_SDSS12,flags,ObsDate,Q,umag,e_umag,gmag,e_gmag,rmag,e_rmag,imag,e_imag,zmag,e_zmag,zsp,e_zsp,f_zsp,zph,e_zph,avg_zph,pmRA,e_pmRA,pmDE,e_pmDE,SpObjID,spType,spCl,subClass,angDist
135.058182,5.596989,1.2,1.45,J090014.01+053550.0,23.340999603271484,21.67099952697754,18.866,16.683,0,0.0,no_obs,J090014.01+053550.0,0.114,0.104,84.0,15.282,14.474,11.975,8.961,,135.058379,5.597138,0.074,0.07,0.0,1237660411038008157,2,,3,J090014.01+053549.6,,68987912960,2002.8679,3,26.721,0.337,23.365,0.333,21.976,0.166,20.897,0.115,19.925,0.18,,,,,,,,,,,0,,,,0.88601
135.446869,4.432961,1.19,0.9,J090147.31+042558.1,21.56599998474121,20.285999298095703,18.346,16.496,0,0.0,no_obs,J090147.31+042558.1,0.429,0.392,94.0,15.976,15.239,12.148,8.9,,135.446894,4.432962,0.062,0.061,90.0,1237654606925595345,2,,3,J090147.25+042558.6,,140840836141312,2001.1399,3,23.866,1.096,21.832,0.093,20.559,0.05,19.907,0.043,19.281,0.084,,,,,,,,,,,0,,,,0.08869
135.89389,7.188278,1.36,1.83,J090334.58+071117.1,20.913999557495117,19.511999130249023,17.511,15.838,022518,-1.0,?,J090334.58+071117.1,0.148,0.139,80.0,14.697,13.448,10.135,7.67,,135.894117,7.188099,0.029,0.027,0.0,1237658493333995944,1,+,3,J090334.58+071117.1,*,35253360132112,2002.1935,3,22.276,0.314,20.914,0.045,19.512,0.022,19.014,0.022,18.528,0.048,,,,0.31337,0.06175,0.31643,-0.3,5.1,4.0,5.1,0,,,,1.034469
136.039398,-0.123208,1.24,1.29,J090409.51-000723.0,22.625999450683594,21.566999435424805,18.613,16.52,0,0.0,no_obs,J090409.51-000723.0,0.2,0.181,83.0,15.341,14.066,10.26,7.839,,136.039644,-0.123155,0.053,0.049,90.0,1237674460413166447,1,+,6,J090409.51-000723.3,*,68987912448,2007.1985,3,24.383,0.909,22.626,0.124,21.567,0.073,21.11,0.066,20.329,0.119,,,,,,,,,,,0,,,,0.904616
136.21048,-1.756819,2.23,2.75,J090450.52-014524.7,21.17625,20.74213,16.636,14.821,F2M,1.005,QSO,J090450.52-014524.7,0.074,0.072,145.0,12.894,11.479,8.707,6.903,15.923,136.210507,-1.756937,0.042,0.038,0.0,1237654871601971908,1,+,6,J090450.52-014524.9,,68988043776,2001.2134,1,21.993,0.223,21.176,0.048,20.742,0.047,19.898,0.032,18.97,0.058,,,,,,,,,,,0,,,,0.436024
137.831024,9.659,2.41,1.56,J091119.53+093931.8,22.808000564575195,21.5310001373291,18.76,16.891,0,0.0,no_obs,J091119.53+093931.8,0.198,0.185,85.0,15.085,14.525,10.089,7.149,,137.831018,9.658975,0.058,0.049,0.0,1237661068706054529,1,,3,J091119.44+093932.3,,105622104179032,2003.0757,3,23.446,0.695,22.808,0.173,21.531,0.087,20.407,0.053,19.48,0.08,,,,0.87767,0.07931,0.64878,,,,,0,,,,0.094161
138.868927,4.489078,1.24,0.66,J091528.57+042920.9,21.35282,19.73313,17.041,14.673,030113,-1.0,?,J091528.57+042920.9,0.075,0.074,176.0,12.825,11.609,8.892,6.607,16.152,138.868988,4.489156,0.044,0.041,90.0,1237654362113966485,2,,3,J091528.55+042920.9,*,35253360132368,2001.0687,3,23.014,0.706,21.455,0.086,19.741,0.028,18.923,0.022,18.197,0.037,,,,,,,1.5,4.7,-2.0,4.7,0,,,,0.354095
139.028152,7.183164,11.51,12.81,J091606.76+071059.2,22.00951,21.59462,18.718,16.266,030113/021714,1.45,QSO,J091606.76+071059.2,0.137,0.131,88.0,14.777,13.148,9.956,7.526,,139.028263,7.183159,0.136,0.089,0.0,1237658492798435955,1,+,3,J091606.78+071059.3,,140806476399104,2002.1935,3,21.954,0.233,22.01,0.098,21.595,0.11,21.276,0.123,20.569,0.273,,,,0.68304,0.17433,0.52178,,,,,0,,,,0.395462
139.078156,0.859519,2.6,2.49,J091618.73+005134.3,24.08746,22.42871,17.743,15.925,0041314,1.53,QSO,J091618.73+005134.3,0.109,0.104,83.0,14.352,12.876,9.518,7.25,,139.078155,0.859493,0.151,0.09,0.0,1237653663643468208,2,,6,J091618.75+005134.1,,387099228508464,2000.9157,3,24.486,1.176,24.548,0.908,22.222,0.202,20.542,0.081,19.484,0.115,,,,,,,,,,,0,,,,0.09446
140.1465,6.364375,1.32,1.63,J092035.18+062152.6,19.981000900268555,18.77199935913086,16.664,14.851,040418,0.193,NLAGN,J092035.18+062152.6,0.118,0.11,80.0,14.219,13.476,9.201,6.971,15.47,140.146538,6.364582,0.066,0.055,90.0,1237658300599828493,1,,3,J092035.16+062152.4,,52879906181392,2002.1199,3,26.091,0.955,19.981,0.027,18.772,0.014,18.006,0.011,17.685,0.026,,,,0.33427,0.07168,0.31728,-4.1,2.9,-3.4,2.9,0,,,,0.757427
140.366333,2.607455,1.13,1.52,J092127.93+023627.4,22.49779,22.18034,19.331,16.893,041614,1.5,QSO,J092127.93+023627.4,0.181,0.169,74.0,15.25,13.936,10.967,8.555,,140.366351,2.607515,0.125,0.116,90.0,1237653665791541693,2,,3,J092127.92+023627.0,,217164284160,2000.9157,3,22.819,0.402,22.772,0.193,21.917,0.142,21.765,0.203,21.168,0.437,,,,,,,,,,,0,,,,0.224564
140.979324,2.598125,9.0,8.73,J092355.06+023553.1,23.62197,21.88839,18.33,16.445,041414,2.09,QSO,J092355.06+023553.1,0.229,0.214,92.0,15.337,14.217,10.911,8.267,,140.979317,2.598184,0.075,0.064,90.0,1237654604243599525,1,+,6,J092355.03+023553.4,,105622138130736,2001.1399,3,24.306,0.902,23.622,0.37,21.888,0.102,20.776,0.054,19.73,0.086,,,,,,,,,,,0,,,,0.213122
141.260605,5.478447,1.18,1.0,J092502.50+052842.8,25.2272,22.77061,18.413,16.53,041514,-1.0,?,J092502.50+052842.8,0.271,0.251,92.0,15.402,14.786,11.469,8.228,,141.2604,5.478528,0.061,0.058,0.0,1237658299526546486,1,,6,J092502.49+052842.7,,281543964623616,2002.1199,3,25.438,0.718,25.227,0.63,22.771,0.198,20.866,0.052,20.405,0.146,,,,,,,,,,,0,,,,0.7915
141.265381,3.909531,3.56,3.4,J092503.68+035434.6,22.35075,22.26649,18.969,16.919,041314,1.18,QSO,J092503.68+035434.6,0.314,0.286,92.0,15.716,14.622,12.492,8.299,,141.265351,3.909531,0.121,0.106,90.0,1237673709870448968,2,,3,J092503.68+035434.3,,2278815695176,2006.8815,3,22.338,0.341,22.573,0.152,22.531,0.238,21.341,0.132,20.661,0.321,,,,,,,,,,,0,,,,0.108408
141.888718,6.006992,1.02,2.09,J092733.29+060026.6,23.815000534057617,21.53499984741211,18.867,16.902,GNIRS,0.0,no_obs,J092733.29+060026.6,0.28,0.252,81.0,15.474,14.771,10.964,8.147,,141.888503,6.006982,0.085,0.074,0.0,1237658300063679076,1,+,3,J092733.24+060025.1,,105622137864464,2002.1199,3,23.586,0.693,23.815,0.472,21.535,0.084,20.855,0.07,20.243,0.129,,,,0.42292,0.03164,0.47285,,,,,0,,,,0.770251
142.264297,8.078195,1.55,1.55,J092903.39+080441.2,23.21439,21.16796,18.659,16.161,030113,-1.0,?,J092903.39+080441.2,0.159,0.15,81.0,14.644,13.909,10.209,8.248,,142.264167,8.078143,0.138,0.094,0.0,1237660668738535951,2,,3,J092903.40+080441.3,*,105624251662608,2002.9527,3,22.631,0.762,23.031,0.591,20.589,0.107,19.919,0.094,19.024,0.161,,,,,,,,,,,0,,,,0.499657
143.06366,2.492233,1.14,0.95,J093215.33+022932.6,22.81599998474121,21.819000244140625,,16.936,GNIRS,0.0,no_obs,J093215.33+022932.6,0.127,0.12,86.0,14.542,13.085,9.79,7.466,,143.063896,2.492358,0.201,0.192,90.0,1237653665792721551,2,,3,J093215.33+022932.4,,281543964623104,2000.9157,3,22.458,0.413,23.211,0.438,21.498,0.143,20.733,0.117,20.433,0.369,,,,,,,,,,,0,,,,0.959863
144.356262,1.554864,1.0,0.92,J093725.60+013316.8,20.724000930786133,19.493000030517578,17.471,15.797,0,0.0,no_obs,J093725.60+013316.8,0.236,0.215,80.0,15.301,14.547,10.601,8.284,16.167,144.356693,1.554646,0.034,0.029,0.0,1237651753457877334,1,+,3,J093725.60+013316.7,,68988044032,2000.3428,3,22.306,0.417,20.724,0.044,19.493,0.024,18.903,0.021,18.438,0.056,,,,0.26173,0.05662,0.26651,-5.6,5.5,-4.0,5.5,0,,,,1.738724
146.617599,0.287219,4.28,4.95,J094628.24+001713.8,23.72848,22.09976,18.773,16.747,041314,-1.0,?,J094628.24+001713.8,0.339,0.308,84.0,15.667,15.155,12.345,8.597,,146.617666,0.287233,0.095,0.091,0.0,1237648721753014831,1,+,3,J094628.23+001714.0,,68988043520,1999.2203,3,24.119,0.792,23.728,0.349,22.1,0.123,20.938,0.073,20.283,0.154,,,,0.63657,0.04619,0.5893,,,,,0,,,,0.246079
146.931091,3.034814,8.77,8.94,J094743.45+030205.2,23.18502,21.98312,18.881,16.272,021714,2.35,QSO,J094743.45+030205.2,0.266,0.238,74.0,15.702,14.453,11.334,8.848,,146.931113,3.034816,0.096,0.075,90.0,1237651737889997310,2,,6,J094743.46+030205.3,,140851640664392,2000.34,1,25.449,0.946,22.951,0.179,21.971,0.144,21.337,0.121,21.09,0.287,,,,,,,,,,,0,,,,0.078447
146.997818,-1.845892,1.37,1.08,J094759.44-015046.2,21.41699981689453,19.95599937438965,17.485,15.207,022518,-1.0,?,J094759.44-015046.2,0.107,0.102,90.0,13.897,12.969,10.039,7.599,,146.997684,-1.84622,0.03,0.027,0.0,1237650804802453817,1,+,3,J094759.44-015046.3,*,35253360001296,2000.1734,3,22.645,0.412,21.417,0.069,19.956,0.029,19.336,0.024,18.781,0.058,,,,0.38892,0.07199,0.38485,-3.9,5.1,-3.6,5.1,0,,,,1.275893
147.208603,10.480772,1.53,1.92,J094850.03+102851.3,22.1132,21.28862,18.103,16.192,030213,-1.0,?,J094850.03+102851.3,0.138,0.133,76.0,14.443,13.303,10.825,8.717,,147.208506,10.480912,0.101,0.086,0.0,1237660670888313429,1,+,3,J094850.04+102851.2,,68987912448,2002.9527,3,24.373,1.346,22.113,0.145,21.289,0.114,20.364,0.085,19.298,0.113,,,,0.28033,0.13296,0.58307,,,,,0,,,,0.61109
147.975159,2.463919,1.73,2.24,J095154.06+022751.2,24.80699920654297,22.72800064086914,18.68,16.552,0,0.0,no_obs,J095154.06+022751.2,0.217,0.194,80.0,15.156,14.444,10.271,7.402,,147.975161,2.463872,0.127,0.115,90.0,1237651754533191781,1,+,3,J095154.03+022749.9,,175990883352848,2000.3428,3,25.406,0.784,24.807,0.688,22.728,0.238,20.565,0.061,21.29,0.391,,,,0.7957,0.1112,0.47706,,,,,0,,,,0.169456
148.154678,5.033336,1.41,1.19,J095237.13+050159.9,24.03196,22.02098,18.817,16.795,041414,-1.0,?,J095237.13+050159.9,0.185,0.172,86.0,14.947,13.917,11.59,8.641,,148.154772,5.033358,0.171,0.097,90.0,1237658422474900204,1,+,3,J095237.14+050200.0,*,175997290938640,2002.1744,3,23.073,0.645,24.032,0.625,22.021,0.152,21.251,0.115,20.543,0.231,,,,0.56265,0.05023,0.51398,,,,,0,,,,0.344449
148.598923,8.616344,1.92,1.64,J095423.74+083658.9,23.57064,23.05098,18.617,16.951,050215/050315,1.65,QSO,J095423.74+083658.9,0.266,0.249,86.0,15.53,14.326,11.557,8.661,,148.598982,8.616337,0.125,0.076,90.0,1237658493339501589,1,,3,J095423.75+083658.8,,281543964623104,2002.1936,3,25.014,0.801,23.571,0.326,23.051,0.265,21.562,0.117,20.793,0.225,,,,0.85778,0.1189,0.69133,,,,,0,,,,0.211082
149.655411,5.637527,1.51,1.31,J095837.35+053815.4,22.39284,21.28395,18.435,16.191,030213,-1.0,?,J095837.35+053815.4,0.128,0.121,82.0,14.403,13.091,10.208,7.938,,149.655646,5.637728,0.277,0.234,0.0,1237658423012426570,1,+,3,J095837.35+053815.8,,68987912448,2002.1744,3,26.536,0.957,22.393,0.304,21.284,0.172,20.034,0.082,19.201,0.137,,,,0.69736,0.06207,0.64367,,,,,0,,,,1.110962
149.778961,13.880655,1.09,1.41,J095906.88+135250.1,21.716999053955078,20.586999893188477,18.556,16.165,0,0.0,no_obs,J095906.88+135250.1,0.221,0.203,79.0,15.092,14.417,10.44,8.159,,149.778758,13.880665,0.309,0.11,0.0,1237671260668887789,1,,3,J095906.90+135250.3,,105624251793752,2006.0846,3,23.263,0.748,21.717,0.101,20.587,0.055,19.869,0.044,19.296,0.083,,,,0.48123,0.12203,0.48096,32.4,4.1,5.3,4.1,0,,,,0.710959
150.882065,-2.920286,2.24,2.22,J100331.67-025511.9,23.48200035095215,21.680999755859375,18.259,16.514,0,0.0,no_obs,J100331.67-025511.9,0.196,0.181,82.0,15.223,13.931,10.793,8.558,,150.881948,-2.920007,0.074,0.07,90.0,1237654870534652570,1,+,6,J100331.66-025512.0,,105624251793680,2001.2135,3,24.285,1.024,23.482,0.33,21.681,0.104,20.592,0.06,20.182,0.149,,,,,,,,,,,0,,,,1.090223
151.602615,-1.052128,1.26,1.02,J100624.70-010306.8,21.072999954223633,19.725000381469727,17.781,16.038,0,0.0,no_obs,J100624.70-010306.8,0.25,0.232,88.0,15.314,14.784,12.145,8.603,,151.602837,-1.051967,0.042,0.034,90.0,1237651799624188365,1,+,3,J100624.68-010307.0,*,68987912960,2000.3482,3,23.145,0.762,21.073,0.066,19.725,0.03,19.069,0.024,18.65,0.063,,,,0.30639,0.06269,0.29385,10.6,5.7,-1.3,5.7,0,,,,0.988092
151.690475,9.877616,2.37,2.66,J100645.72+095239.8,23.58173,21.95996,18.986,16.954,041514,-1.0,?,J100645.72+095239.8,0.236,0.218,90.0,15.118,14.569,11.996,8.787,,151.690444,9.877531,0.141,0.131,0.0,1237661919102239494,2,,3,J100645.70+095239.1,,281709388108104,2003.242,3,26.92,1.098,21.816,0.286,21.234,0.265,19.762,0.089,18.515,0.096,,,,,,,,,,,0,,,,0.325632
151.815781,-1.591861,1.17,1.03,J100715.73-013529.4,21.334999084472656,20.033000946044922,18.271,16.222,0,0.0,no_obs,J100715.73-013529.4,0.084,0.078,83.0,14.776,13.965,10.961,7.98,,151.815552,-1.591533,0.064,0.061,0.0,1237650805341421905,1,+,3,J100715.73-013529.5,,68988044032,2000.1734,3,21.867,0.326,21.335,0.094,20.033,0.046,19.43,0.041,19.098,0.097,,,,0.43824,0.07902,0.42871,,,,,0,,,,1.441294
151.847809,-1.669989,1.25,0.62,J100723.47-014010.0,22.777000427246094,21.402000427246094,18.475,16.61,0,0.0,no_obs,J100723.47-014010.0,0.097,0.091,93.0,14.93,14.244,10.896,7.997,,151.847779,-1.669786,0.056,0.05,90.0,1237654898457575921,2,,3,J100723.46-014011.2,,105622137864464,2001.2162,1,23.39,0.61,22.469,0.134,21.087,0.063,20.405,0.057,20.124,0.16,,,,,,,,,,,0,,,,0.737397
152.490326,7.636739,1.83,1.26,J100957.75+073812.5,20.235000610351562,19.174999237060547,17.081,14.959,040418,0.241,NLAGN?,J100957.75+073812.5,0.101,0.099,105.0,13.747,12.734,9.681,7.325,,152.490629,7.636802,0.018,0.018,0.0,1237658491730526392,1,+,3,J100957.75+073812.4,,105622104310288,2002.1936,3,21.959,0.27,20.235,0.027,19.175,0.017,18.599,0.015,18.21,0.035,,,,0.20063,0.03792,0.1976,-3.8,3.8,-1.2,3.8,0,,,,1.104392
152.840515,-2.699367,2.8,2.46,J101121.73-024156.6,22.569000244140625,21.016000747680664,18.927,16.93,0,0.0,no_obs,J101121.73-024156.6,0.541,0.487,85.0,16.213,15.618,12.346,8.502,,152.840492,-2.699379,0.074,0.074,90.0,1237654871072375364,1,+,3,J101121.71-024157.7,,35253360132368,2001.2135,3,23.824,1.031,22.569,0.198,21.016,0.07,20.409,0.061,19.625,0.112,,,,0.45298,0.07327,0.45021,,,,,0,,,,0.093423
152.858459,10.7054,1.16,0.97,J101125.96+104219.1,22.525999069213867,20.902999877929688,18.768,16.846,0,0.0,no_obs,J101125.96+104219.1,0.34,0.309,81.0,15.617,15.02,12.558,9.043,,152.85822,10.705417,0.087,0.082,90.0,1237660670353867489,1,+,3,J101125.97+104219.5,,68987912960,2002.9528,3,24.358,1.686,22.526,0.222,20.903,0.09,19.995,0.065,19.453,0.168,,,,0.50412,0.03144,0.50259,,,,,0,,,,0.848165
153.410507,-0.744742,2.18,2.1,J101338.49-004441.3,22.2,22.2,18.666,16.384,0,0.0,no_obs,J101338.49-004441.3,0.123,0.117,91.0,14.273,12.854,9.934,7.872,,153.410456,-0.744829,0.187,0.118,0.0,1237654669200195923,2,,3,J101338.50-004441.3,,35255507484944,2001.1455,3,23.815,1.94,23.474,0.671,20.995,0.111,20.113,0.079,19.502,0.181,,,,,,,,,,,0,,,,0.363327
153.814835,4.884483,264.26,282.35,J101515.54+045305.1,22.652000427246094,21.384000778198242,18.864,16.941,GNIRS,0.0,no_obs,J101515.54+045305.1,0.323,0.291,84.0,15.74,14.646,11.833,8.665,,153.814814,4.884735,0.043,0.034,90.0,1237654602101948909,1,+,3,J101515.55+045305.0,,68987912960,2001.1397,3,23.782,0.691,22.652,0.151,21.384,0.062,20.705,0.053,20.201,0.12,,,,0.47003,0.09575,0.47468,,,,,0,,,,0.91068
153.982483,-1.741586,2.04,1.45,J101555.77-014429.8,22.9024,22.47054,18.853,16.98,GNIRS,0.0,no_obs,J101555.77-014429.8,0.242,0.218,76.0,16.318,15.358,11.973,8.626,,153.982401,-1.741657,0.104,0.101,0.0,1237654872146641357,1,,6,J101555.77-014429.9,,281543964754176,2001.2135,3,25.643,0.78,22.902,0.179,22.471,0.225,21.244,0.11,20.59,0.234,,,,,,,,,,,0,,,,0.391077
154.014313,2.402106,9.41,9.21,J101603.47+022407.0,23.313,22.81521,19.198,16.906,0,0.0,no_obs,J101603.47+022407.0,0.112,0.105,87.0,15.019,14.45,11.918,8.263,,154.014231,2.402116,0.138,0.084,0.0,1237651736819335843,2,,3,J101603.41+022407.6,,105622137869144,2000.3401,1,24.924,1.174,23.412,0.324,21.976,0.146,21.681,0.165,20.529,0.235,,,,,,,,,,,0,,,,0.295626
154.173874,12.879611,1.53,1.2,J101641.71+125247.1,23.13673,22.191,19.022,16.976,GNIRS,0.0,no_obs,J101641.71+125247.1,0.235,0.219,96.0,15.299,14.022,10.295,8.109,,154.173783,12.879688,0.156,0.125,0.0,1237664131551986624,2,,3,J101641.70+125246.8,,2450547278080,2003.9821,3,24.76,1.222,23.274,0.363,21.608,0.13,20.624,0.088,19.634,0.147,,,,,,,,,,,0,,,,0.423965
154.265289,4.452942,1.65,1.08,J101703.59+042711.1,24.40999984741211,22.46500015258789,18.909,16.885,GNIRS,0.0,no_obs,J101703.59+042711.1,0.207,0.192,77.0,15.268,13.763,11.13,8.372,,154.264962,4.452723,0.125,0.115,0.0,1237654601565274837,1,,6,J101703.59+042709.8,,439804919681280,2001.1397,3,24.301,0.834,24.41,0.53,22.465,0.166,23.181,0.402,22.146,0.593,,,,,,,,,,,0,,,,1.413223
154.708221,-0.383667,4.56,4.32,J101849.87-002300.2,23.98900032043457,21.375,,16.902,0,0.0,no_obs,J101849.87-002300.2,0.282,0.254,85.0,15.28,14.737,12.098,8.547,,154.707991,-0.38361,0.077,0.067,0.0,1237654669737656805,1,+,3,J101849.91-002300.9,*,316728371450128,2001.1455,3,24.194,1.13,23.989,0.524,21.375,0.083,20.681,0.069,21.348,0.532,,,,0.32542,0.11513,0.41173,,,,,0,,,,0.851449
155.41304,9.089814,21.5,25.86,J102139.13+090523.0,23.22243,22.91184,18.935,16.83,041314,-1.0,?,J102139.13+090523.0,0.086,0.08,86.0,14.775,13.587,10.565,8.332,,155.413063,9.089676,0.126,0.105,90.0,1237660584445674571,1,,3,J102139.13+090522.8,,281543964623104,2002.9337,1,25.043,0.915,23.222,0.251,22.912,0.284,21.318,0.116,21.152,0.469,,,,0.35626,0.15776,0.62258,,,,,0,,,,0.501877
155.499054,-1.167369,502.46,511.19,J102159.77-011002.6,22.2,22.2,18.474,16.956,GNIRS,0.0,no_obs,J102159.77-011002.6,0.339,0.311,81.0,15.669,14.979,12.06,9.019,,155.499075,-1.167379,0.068,0.064,90.0,1237654668664242654,2,,3,J102159.77-011002.5,,105624251663120,2001.1455,3,22.817,0.491,22.366,0.154,21.608,0.106,20.358,0.057,19.893,0.152,,,,,,,,,,,0,,,,0.085096
155.723618,5.282714,1.17,0.76,J102253.69+051656.7,21.496000289916992,20.434999465942383,17.702,15.718,02252018mjg,0.586,QSO,J102253.69+051656.7,0.062,0.059,93.0,14.01,12.759,9.369,6.243,,155.723719,5.282396,0.033,0.027,90.0,1237654602639671614,1,+,3,J102253.69+051656.6,*,96972440136,2001.1397,3,22.552,0.375,21.496,0.065,20.435,0.036,19.335,0.021,19.279,0.069,,,,0.58096,0.0788,0.6129,-0.6,5.7,-14.8,5.7,0,,,,1.19999
156.810028,4.6516,1.16,1.38,J102714.39+043905.0,23.4105,22.44328,18.885,16.929,GNIRS,0.0,no_obs,J102714.39+043905.0,0.133,0.124,80.0,15.493,14.608,12.482,8.957,,156.810047,4.651366,0.142,0.137,90.0,1237654605861160036,1,,3,J102714.41+043904.9,,281543964754176,2001.1401,3,22.193,0.451,23.411,0.606,22.443,0.387,20.838,0.127,19.889,0.223,,,,0.81985,0.08959,0.69067,,,,,0,,,,0.846788
157.1427,3.184261,1.67,1.15,J102834.21+031103.2,23.64324,23.64258,18.572,16.235,042813,-1.0,?,J102834.21+031103.2,0.099,0.085,42.0,13.774,12.062,8.504,6.134,,157.142573,3.184345,0.216,0.204,0.0,1237654599955906571,1,+,6,J102834.21+031103.6,,72092847398064400,2001.1397,3,25.104,0.816,23.643,0.47,23.643,0.447,22.658,0.274,20.248,0.115,,,,,,,,,,,0,,,,0.547704
157.200974,-1.055861,10.42,17.61,J102848.22-010320.0,21.743999481201172,20.924999237060547,18.269,16.604,0,0.0,no_obs,J102848.22-010320.0,0.243,0.23,87.0,15.333,14.581,12.148,8.873,,157.200971,-1.055533,0.036,0.032,90.0,1237650372082598274,2,,6,J102848.23-010319.9,*,105553384701968,2000.116,3,22.516,0.269,21.803,0.062,20.934,0.047,20.431,0.045,19.848,0.099,,,,,,,,,,,0,,,,1.181534
157.390839,10.310063,2.62,4.54,J102933.88+101836.0,22.62700080871582,21.190000534057617,18.8,16.982,0,0.0,no_obs,J102933.88+101836.0,0.273,0.25,75.0,15.546,14.96,12.023,8.578,,157.391052,10.310154,0.343,0.134,0.0,1237660669282026246,1,+,3,J102933.85+101836.5,,2450547278080,2002.9528,3,23.337,1.128,22.627,0.296,21.19,0.146,19.76,0.062,19.465,0.178,0.7016,3.1E-4,0,0.69192,0.06003,0.66165,,,,,6013475207540043776,LRG,GALAXY,,0.821331
157.448929,11.295522,3.6,12.39,J102947.84+111744.5,24.13599967956543,22.09000015258789,18.693,16.868,GNIRS,0.0,no_obs,J102947.84+111744.5,0.167,0.155,89.0,15.74,14.708,12.364,8.341,,157.44932,11.29555,0.095,0.089,0.0,1237660670355833626,1,+,3,J102947.83+111743.9,,68988043520,2002.9528,3,25.515,0.668,24.136,0.442,22.09,0.137,20.852,0.07,20.146,0.162,,,,0.83758,0.06029,0.64932,,,,,0,,,,1.38425
157.86882,-1.054225,1.15,1.35,J103128.58-010314.2,22.85300064086914,21.18199920654297,18.494,16.814,0,0.0,no_obs,J103128.58-010314.2,0.524,0.494,84.0,16.16,15.524,12.586,8.971,,157.869001,-1.054128,0.095,0.091,0.0,1237648702955258028,2,,6,J103128.56-010314.8,,35253394739548,1999.2177,3,25.365,0.858,22.483,0.159,21.635,0.109,20.594,0.06,19.993,0.121,,,,,,,,,,,0,,,,0.739621
158.257736,2.056847,53.48,54.22,J103301.87+020324.5,22.71119,21.49479,17.83,16.157,030113,-1.0,?,J103301.87+020324.5,0.242,0.221,80.0,15.171,14.452,11.995,8.494,,158.257787,2.056805,0.076,0.072,0.0,1237653664725598843,2,,3,J103301.86+020324.4,*,68987912960,2000.9158,1,23.07,0.468,22.227,0.13,21.462,0.099,20.413,0.065,19.619,0.125,,,,,,,,,,,0,,,,0.23781
158.823761,3.150556,7.26,7.34,J103517.72+030901.7,23.6435,22.23448,18.805,16.894,0,0.0,no_obs,J103517.72+030901.7,0.315,0.283,67.0,15.577,15.006,12.276,8.914,,158.823791,3.150442,0.102,0.092,90.0,1237651755074781876,1,+,3,J103517.70+030901.5,,281640601518848,2000.3429,3,26.024,0.558,23.644,0.35,22.234,0.16,21.131,0.103,20.697,0.239,,,,0.56637,0.04705,0.5805,,,,,0,,,,0.424975
159.319153,2.211878,17.02,17.87,J103716.59+021243.0,22.99729,21.64673,17.494,15.857,030113,0.77,QSO,J103716.59+021243.0,0.14,0.134,82.0,14.367,13.396,10.997,8.503,,159.31911,2.211891,0.046,0.045,90.0,1237651736284758703,1,,6,J103716.58+021242.8,*,105656464052568,2000.3401,1,23.555,0.742,22.997,0.215,21.647,0.085,20.455,0.042,19.427,0.075,,,,,,,,,,,0,,,,0.160567
159.472565,2.6099,6.67,7.05,J103753.40+023635.4,22.4957,21.57678,18.389,16.485,041514/LRIS051515,2.38,QSO,J103753.40+023635.4,0.297,0.271,82.0,15.678,14.53,11.157,8.381,,159.472531,2.609904,0.062,0.043,90.0,1237654030323286597,2,,6,J103753.40+023635.6,,68987912192,2000.9787,1,23.173,0.462,22.801,0.171,21.445,0.074,20.599,0.052,19.859,0.129,,,,,,,,,,,0,,,,0.121855
160.887039,-1.267992,1.25,1.35,J104332.86-011603.5,21.85300064086914,21.04400062561035,18.343,16.145,0,0.0,no_obs,J104332.86-011603.5,0.108,0.105,74.0,14.237,12.762,9.557,6.974,,160.886882,-1.267747,0.051,0.05,0.0,1237654898998379015,2,,6,J104332.85-011603.8,,35253393555728,2001.2162,1,24.357,1.15,21.904,0.085,20.872,0.053,20.351,0.053,19.882,0.133,,,,,,,,,,,0,,,,1.047061
161.128632,3.283131,1.14,1.2,J104430.93+031657.8,21.972999572753906,20.54599952697754,18.663,16.601,0,0.0,no_obs,J104430.93+031657.8,0.216,0.2,95.0,15.114,14.198,11.626,8.624,,161.128713,3.282766,0.057,0.045,90.0,1237651755075830172,1,+,3,J104430.89+031657.9,,68988043520,2000.3429,3,22.595,0.523,21.973,0.121,20.546,0.054,19.959,0.053,19.387,0.119,,,,0.43348,0.07231,0.42503,,,,,0,,,,1.34751
161.797028,7.200286,1.7,1.03,J104711.35+071200.9,21.613000869750977,20.118999481201172,18.304,16.478,0,0.0,no_obs,J104711.35+071200.9,0.374,0.349,79.0,15.8,15.029,12.276,8.639,,161.797191,7.200317,0.09,0.09,90.0,1237658424091476584,1,,3,J104711.32+071201.1,,35253360136536,2002.1745,3,22.541,0.745,21.613,0.145,20.119,0.055,19.417,0.042,19.062,0.123,,,,0.44487,0.071,0.45136,7.8,5.5,0.3,5.5,0,,,,0.591863
162.577057,2.298025,2.57,4.22,J105018.53+021754.2,22.433000564575195,20.81599998474121,18.806,16.987,GNIRS,0.0,no_obs,J105018.53+021754.2,0.498,0.442,75.0,16.074,15.294,12.448,9.042,,162.577027,2.297985,0.065,0.061,0.0,1237654029787791818,1,+,3,J105018.48+021752.7,*,35253360001808,2000.9788,1,23.355,0.784,22.433,0.179,20.816,0.068,19.976,0.049,19.571,0.143,,,,0.48661,0.05402,0.48996,,,,,0,,,,0.179205
163.220963,4.959728,50.21,72.71,J105253.09+045734.8,29.959999084472656,29.775999069213867,17.479,15.642,0,0.0,no_obs,J105253.09+045734.8,0.146,0.138,89.0,14.347,13.759,11.433,8.805,16.132,163.221227,4.959706,0.399,0.399,90.0,1237654605863977164,1,,3,J105253.09+045734.9,,457465827037460,2001.1401,3,27.31,7.801,29.96,0.822,29.776,0.855,20.002,1.292,18.539,1.159,,,,-9999.0,-9999.0,0.69469,,,,,0,,,,0.951728
165.440521,5.361686,6.11,6.73,J110145.80+052142.7,21.893999099731445,20.92300033569336,18.801,16.865,0,0.0,no_obs,J110145.80+052142.7,0.315,0.29,85.0,15.574,15.068,11.982,8.401,,165.440886,5.36195,0.072,0.07,0.0,1237654606401831322,1,+,3,J110145.81+052143.0,,96972308808,2001.1401,3,22.397,0.318,21.894,0.106,20.923,0.061,19.949,0.039,19.533,0.084,0.65112,5.0E-5,0,0.65898,0.06155,0.65779,70.4,5.4,91.3,5.4,5466365918056214528,LRG,GALAXY,BROADLINE,1.616164
166.079712,4.080811,46.64,54.51,J110419.10+040451.0,22.17947,21.98209,19.037,16.925,050315,-1.0,?,J110419.10+040451.0,0.312,0.284,81.0,15.669,14.916,11.681,8.723,,166.079511,4.080918,0.244,0.155,0.0,1237654600496644622,1,+,3,J110419.08+040451.3,,2450547278080,2001.1398,3,23.877,1.384,22.179,0.157,21.982,0.198,21.239,0.137,20.489,0.231,,,,0.59995,0.23913,0.5503,,,,,0,,,,0.818882
166.38179,7.986556,1.28,0.96,J110531.63+075911.6,23.60688,21.97518,18.594,16.81,041714,-1.0,?,J110531.63+075911.6,0.225,0.211,84.0,15.056,14.554,11.91,8.384,,166.381711,7.986586,0.796,0.111,90.0,1237661972788085548,1,+,3,J110531.61+075911.7,,68988043520,2003.2477,3,25.184,1.483,23.607,0.475,21.975,0.177,21.19,0.117,20.2,0.172,,,,0.58594,0.05592,0.50557,,,,,0,,,,0.302841
168.772186,0.409211,2.43,2.15,J111505.25+002434.2,23.770999908447266,21.35700035095215,18.571,16.843,0,0.0,no_obs,J111505.25+002434.2,0.229,0.21,86.0,15.14,14.608,11.803,8.319,,168.772212,0.409284,0.157,0.133,90.0,1237648721762713885,1,+,3,J111505.33+002433.4,*,35255507620624,1999.2205,3,23.431,0.845,23.771,0.602,21.357,0.121,20.097,0.062,19.532,0.162,,,,0.72423,0.03791,0.61413,,,,,0,,,,0.277373
168.837601,5.924906,1.03,1.11,J111521.11+055528.8,22.593000411987305,21.760000228881836,17.36,15.497,0,0.0,no_obs,J111521.11+055528.8,0.131,0.122,70.0,14.389,13.737,9.8,7.694,15.724,168.837547,5.924562,0.06,0.059,0.0,1237654606940209315,1,,3,J111521.01+055528.4,,105624285348112,2001.1402,3,22.927,0.342,22.593,0.131,21.76,0.098,21.114,0.078,22.272,0.504,,,,-9999.0,-9999.0,0.25781,,,,,0,,,,1.25541
168.882187,7.267437,1.33,0.91,J111531.70+071602.9,24.60187,22.33375,19.038,16.417,041314,-1.0,?,J111531.70+071602.9,0.143,0.135,72.0,14.633,13.339,10.403,8.006,,168.882111,7.267509,0.101,0.092,90.0,1237661971715457784,1,+,3,J111531.70+071603.0,,68987912960,2003.2477,3,23.417,0.651,24.602,0.609,22.334,0.146,21.181,0.073,20.084,0.123,,,,0.94237,0.04744,0.60903,,,,,0,,,,0.377184
169.006882,2.527222,2.24,2.7,J111601.68+023138.9,20.850000381469727,19.222000122070312,17.396,15.63,0,0.0,no_obs,J111601.68+023138.9,0.163,0.15,87.0,14.647,13.986,10.855,8.76,,169.006988,2.527476,0.023,0.02,90.0,1237651754005496364,1,+,3,J111601.67+023138.9,,68987912448,2000.343,3,23.562,1.229,20.85,0.054,19.222,0.021,18.63,0.019,18.114,0.048,,,,0.32369,0.03135,0.33279,5.0,5.5,7.8,5.5,0,,,,0.989081
169.146576,14.676325,1.35,1.09,J111635.17+144033.6,21.54400062561035,20.141000747680664,17.68,15.89,0,0.0,no_obs,J111635.17+144033.6,0.182,0.164,74.0,15.114,14.316,10.334,7.505,,169.146565,14.676083,0.015,0.014,90.0,1237664132095279846,1,+,3,J111635.17+144033.8,,68987912192,2003.9822,3,22.316,0.238,21.544,0.054,20.141,0.025,19.588,0.024,18.978,0.059,,,,0.41169,0.07509,0.40701,,,,,0,,,,0.871231
169.438309,2.765542,1.19,1.67,J111745.14+024554.9,21.792999267578125,20.097999572753906,17.741,15.629,022518,-1.0,?,J111745.14+024554.9,0.164,0.155,76.0,14.704,14.2,10.43,7.879,,169.438053,2.765276,0.047,0.039,0.0,1237654030327677256,1,,3,J111745.13+024554.9,*,193514315059472,2000.9788,1,22.651,0.418,21.793,0.099,20.098,0.035,19.415,0.03,18.852,0.079,,,,0.43169,0.03372,0.41892,-0.9,13.7,36.4,13.7,0,,,,1.328704
170.686752,-1.19065,1.84,2.01,J112244.81-011126.7,23.03593,21.97759,18.595,16.858,GNIRS,0.0,no_obs,J112244.81-011126.7,0.209,0.191,88.0,15.046,14.34,11.731,8.761,,170.686711,-1.190737,0.17,0.16,0.0,1237650372088496871,2,,3,J112244.81-011126.6,,68987912448,2000.1161,3,22.274,0.3,23.886,0.543,21.937,0.156,20.705,0.084,19.976,0.168,,,,,,,,,,,0,,,,0.346875
170.806961,8.810247,1.05,1.38,J112313.61+084835.7,21.437999725341797,20.038000106811523,18.277,16.377,0,0.0,no_obs,J112313.61+084835.7,0.213,0.194,77.0,15.329,14.514,10.397,7.039,,170.806688,8.809893,0.047,0.042,0.0,1237660612900290916,1,+,3,J112313.60+084835.6,,68987912448,2002.9445,3,22.665,0.586,21.438,0.096,20.038,0.043,19.675,0.047,18.99,0.096,,,,0.37888,0.07716,0.38174,21.0,4.6,-27.9,4.6,0,,,,1.600907
171.310181,3.46542,1.19,1.34,J112514.40+032755.9,21.94603,21.11668,18.457,15.946,030213,-1.0,?,J112514.40+032755.9,0.127,0.122,86.0,14.269,13.215,10.623,8.07,,171.310021,3.46551,0.085,0.067,90.0,1237651755080286551,1,+,3,J112514.40+032755.8,,68987912448,2000.343,3,23.074,0.612,21.946,0.098,21.117,0.071,20.179,0.053,19.87,0.152,,,,0.67404,0.05999,0.65403,,,,,0,,,,0.661591
172.47319,2.7532,5.87,7.36,J112953.45+024511.4,22.68400001525879,21.570999145507812,18.457,16.18,0,0.0,no_obs,J112953.45+024511.4,0.11,0.105,95.0,14.102,12.776,9.932,7.544,,172.472724,2.753173,0.095,0.075,90.0,1237651736827396775,2,,3,J112953.45+024511.4,,68988043264,2000.3402,1,22.778,0.721,21.835,0.134,21.007,0.094,19.777,0.047,19.554,0.171,,,,,,,,,,,0,,,,1.677668
172.653824,11.737333,1.12,2.42,J113036.87+114415.7,22.569000244140625,21.086000442504883,19.082,16.931,GNIRS,0.0,no_obs,J113036.87+114415.7,0.306,0.273,76.0,15.696,14.756,10.848,8.757,,172.653689,11.737739,0.24,0.164,90.0,1237661949175530082,1,+,3,J113036.88+114415.8,,68987912448,2003.2449,3,22.848,0.763,22.569,0.274,21.086,0.104,20.445,0.08,19.929,0.178,,,,0.43591,0.07459,0.43435,,,,,0,,,,1.538318
172.728729,-1.816619,1.11,1.55,J113054.88-014901.0,21.986000061035156,20.349000930786133,18.79,16.894,GNIRS,0.0,no_obs,J113054.88-014901.0,0.408,0.372,69.0,15.974,15.289,12.268,9.112,,172.728698,-1.816933,0.071,0.055,90.0,1237650762387358233,1,+,3,J113054.88-014900.9,*,68988043520,2000.1709,3,24.047,1.211,21.986,0.118,20.349,0.045,19.794,0.042,19.581,0.117,,,,0.36282,0.05966,0.36079,-21.2,16.0,21.9,16.0,0,,,,1.134389
173.24382,9.505503,1.66,2.96,J113258.45+093020.2,21.95199966430664,20.354000091552734,18.561,16.804,0,0.0,no_obs,J113258.45+093020.2,0.305,0.278,80.0,15.424,14.854,12.64,9.074,,173.243553,9.505635,0.077,0.059,90.0,1237658492276441588,1,+,3,J113258.45+093020.2,,35253360001296,2002.1938,3,24.432,1.922,21.952,0.155,20.354,0.056,19.592,0.038,19.118,0.091,,,,0.43078,0.04022,0.44376,,,,,0,,,,1.060152
173.290253,0.759139,1.93,2.3,J113309.64+004531.8,22.43400001525879,21.975000381469727,18.77,16.183,0,0.0,no_obs,J113309.64+004531.8,0.128,0.12,64.0,14.624,12.989,9.679,7.301,,173.290252,0.758847,0.143,0.086,90.0,1237660778253124098,2,,3,J113309.66+004531.8,,281709320864512,2002.9994,3,22.786,0.443,22.474,0.179,22.166,0.179,21.921,0.274,22.265,0.864,,,,,,,,,,,0,,,,1.052504
173.806488,5.552222,1.96,2.72,J113513.55+053308.2,23.50839,22.79906,18.684,16.329,041414,1.27,QSO,J113513.55+053308.2,0.164,0.148,75.0,14.902,13.451,10.535,8.071,,173.806479,5.552217,0.106,0.104,0.0,1237654606405501988,1,,3,J113513.55+053307.9,,281543964623104,2001.1402,3,24.079,0.943,23.508,0.35,22.799,0.274,21.656,0.147,20.629,0.189,,,,0.20609,0.15404,0.67316,,,,,0,,,,0.036991
173.865463,-1.022078,1.04,1.49,J113527.71-010120.8,21.892000198364258,20.36199951171875,18.151,16.119,0,0.0,no_obs,J113527.71-010120.8,0.221,0.201,86.0,15.131,14.606,10.622,8.169,,173.865394,-1.022502,0.05,0.046,90.0,1237648672890880330,2,,3,J113527.69-010121.0,*,35253360136976,1999.2151,3,25.944,0.75,22.145,0.14,20.426,0.045,19.947,0.046,19.401,0.105,,,,,,,,,,,0,,,,1.545228
174.10997,-0.894206,11.05,11.84,J113626.39-005339.5,23.47608,22.77537,18.166,16.472,041514,0.673,QSO,J113626.39-005339.5,0.163,0.154,79.0,14.915,13.777,10.534,7.789,,174.109994,-0.894258,0.053,0.049,90.0,1237660776106033442,2,,6,J113626.39-005339.3,*,193583068087128,2002.9995,1,23.198,0.739,21.623,0.122,20.797,0.06,20.28,0.059,19.801,0.147,,,,,,,,,,,0,,,,0.207353
175.452942,13.945811,6.0,6.44,J114148.67+135644.9,22.45922,21.54399,18.066,16.022,030213,0.82,QSO,J114148.67+135644.9,0.117,0.112,76.0,14.246,12.933,10.145,7.79,,175.452824,13.945789,0.053,0.05,90.0,1237664289387512348,1,+,6,J114148.67+135644.8,,68987912704,2004.075,3,23.04,0.349,22.459,0.121,21.544,0.072,20.608,0.045,19.794,0.073,0.81964,2.1E-4,0,,,,,,,,6055146974452838400,QSO,QSO,,0.418779
177.056,1.165597,45.29,75.32,J114813.48+010956.9,22.405000686645508,20.753000259399414,18.623,16.736,0,0.0,no_obs,J114813.48+010956.9,0.398,0.363,87.0,15.904,15.257,12.322,8.768,,177.056094,1.165737,0.043,0.043,90.0,1237674598384796127,2,,3,J114813.46+010956.6,*,68987912960,2007.286,3,22.254,0.327,22.169,0.135,20.592,0.049,19.821,0.04,19.333,0.11,,,,,,,,,,,0,,,,0.606879
177.864624,14.740335,2.96,2.84,J115127.50+144425.4,24.17564,21.90653,18.748,16.753,041514,-1.0,NLAGN?no_obs,J115127.50+144425.4,0.223,0.205,86.0,15.176,14.205,11.784,8.467,,177.864667,14.740389,0.182,0.162,90.0,1237664131562078737,2,,3,J115127.52+144425.4,,316659650789720,2003.9823,3,21.182,0.422,20.643,0.139,20.018,0.123,19.07,0.08,18.762,0.248,,,,,,,,,,,0,,,,0.245371
178.815521,9.521341,2.1,2.33,J115515.65+093117.1,21.10700035095215,19.716999053955078,18.016,16.26,0,0.0,no_obs,J115515.65+093117.1,0.144,0.133,66.0,15.094,13.65,9.539,6.984,,178.815333,9.521406,0.064,0.053,90.0,1237660613440635301,2,,3,J115515.68+093117.0,,68988043776,2002.9446,3,22.48,0.736,21.104,0.104,19.615,0.043,18.894,0.033,18.473,0.088,,,,,,,-8.6,4.5,-4.4,4.5,0,,,,0.706571
179.167175,9.499165,1.12,1.04,J115640.05+092957.9,21.545000076293945,20.003000259399414,18.093,15.879,0,0.0,no_obs,J115640.05+092957.9,0.168,0.153,75.0,14.647,14.093,10.445,8.836,,179.166855,9.499497,0.111,0.078,0.0,1237660613440766392,1,+,3,J115640.04+092958.1,,217164284160,2002.9446,3,22.957,1.05,21.545,0.141,20.003,0.055,19.358,0.047,18.761,0.102,,,,0.40903,0.06232,0.40696,,,,,0,,,,1.64926
179.925537,12.288055,1.68,1.26,J115942.14+121716.9,23.37249,22.35161,19.51,16.968,021714,-1.0,?,J115942.14+121716.9,0.195,0.179,80.0,15.112,13.906,10.928,8.963,,179.925447,12.288009,0.206,0.135,0.0,1237661949715546815,1,,3,J115942.10+121716.8,,439804919677696,2003.245,3,23.002,1.231,23.372,0.712,22.352,0.44,20.74,0.129,19.854,0.214,,,,0.93725,0.08661,0.69955,,,,,0,,,,0.355896
181.281082,-0.775361,1.51,2.01,J120507.48-004630.9,23.0748,22.52907,,16.954,GNIRS,0.0,no_obs,J120507.48-004630.9,0.161,0.151,90.0,14.896,13.432,10.456,8.436,,181.281209,-0.775252,0.18,0.097,0.0,1237674649392382884,1,+,3,J120507.49-004630.9,,281543964623104,2007.2999,3,22.652,0.431,23.075,0.211,22.529,0.199,21.505,0.107,20.924,0.222,,,,0.82187,0.07889,0.75619,,,,,0,,,,0.602485
181.408981,-0.993197,1.47,1.61,J120538.06-005935.0,21.11199951171875,19.452999114990234,18.389,15.881,0,0.0,no_obs,J120538.06-005935.0,0.156,0.146,81.0,14.487,13.917,10.452,8.146,,181.408787,-0.993149,0.056,0.053,90.0,1237648672894157363,2,,3,J120538.10-005935.3,,35255507616016,1999.2151,3,24.787,2.053,22.16,0.215,19.913,0.045,19.418,0.044,18.636,0.082,,,,,,,,,,,0,,,,0.717717
182.109833,2.679047,1.01,1.55,J120826.46+024044.1,21.30500030517578,20.29800033569336,18.265,16.468,0,0.0,no_obs,J120826.46+024044.1,0.246,0.223,80.0,15.282,14.578,11.334,8.637,,182.110227,2.67894,0.055,0.035,90.0,1237651754011263395,1,+,3,J120826.45+024044.1,,68987912192,2000.3431,3,21.832,0.23,21.305,0.062,20.298,0.039,19.787,0.038,19.522,0.128,,,,0.47124,0.09476,0.46443,,,,,0,,,,1.468374
182.281265,14.883831,4.12,3.79,J120907.51+145301.5,23.2703,22.50354,18.846,16.519,041314/LRIS051515,2.3,QSO,J120907.51+145301.5,0.367,0.335,75.0,16.068,14.942,11.942,8.875,,182.28137,14.883768,0.126,0.119,90.0,1237664131563979623,2,,6,J120907.52+145301.5,,281543964623104,2003.9823,2,23.208,0.45,23.631,0.323,22.534,0.272,21.65,0.194,20.72,0.21,,,,,,,,,,,0,,,,0.431227
183.865326,7.299253,2.36,2.64,J121527.66+071757.6,21.75762,21.44708,17.94,15.796,030113,1.43,QSO,J121527.66+071757.6,0.093,0.091,79.0,14.121,12.426,9.312,7.293,,183.865258,7.299311,0.12,0.09,90.0,1237658423564174061,1,+,3,J121527.66+071757.5,,68987912448,2002.1747,3,22.82,0.615,21.758,0.097,21.447,0.121,20.962,0.109,20.276,0.204,,,,0.53537,0.23208,0.54143,,,,,0,,,,0.321048
184.372726,-1.070975,3.2,3.5,J121729.43-010415.6,24.11235,21.98967,18.825,16.841,0,0.0,no_obs,J121729.43-010415.6,0.438,0.406,91.0,15.772,15.208,11.7,8.275,,184.372608,-1.070912,0.209,0.176,0.0,1237654668676891300,2,,3,J121729.42-010415.2,,281709320864000,2001.1457,1,25.38,1.696,26.329,0.874,22.152,0.28,20.551,0.108,19.704,0.197,,,,,,,,,,,0,,,,0.480341
184.739136,9.590356,1.3,0.74,J121857.33+093525.8,23.39299964904785,21.5,19.025,16.863,0,0.0,no_obs,J121857.33+093525.8,0.325,0.295,86.0,15.686,15.185,12.195,8.99,,184.739121,9.590554,0.179,0.09,90.0,1237658492281422432,1,+,3,J121857.38+093525.9,*,263953926193936,2002.1939,3,23.308,0.882,23.393,0.571,21.5,0.135,20.165,0.057,19.572,0.129,,,,0.70177,0.04074,0.65463,,,,,0,,,,0.715221
185.239243,9.721089,1.13,0.91,J122057.44+094316.0,22.59715,21.74236,18.533,16.503,050215,0.89,QSO,J122057.44+094316.0,0.176,0.161,72.0,15.025,13.925,11.291,8.272,,185.239334,9.721123,0.065,0.06,0.0,1237658492281618923,1,+,3,J122057.44+094316.0,,69524783360,2002.1939,3,24.266,0.998,22.597,0.142,21.742,0.092,20.435,0.039,19.572,0.077,,,,0.84974,0.09088,0.66951,,,,,0,,,,0.344248
185.654282,1.263314,5.75,5.48,J122237.02+011549.4,21.209999084472656,19.69099998474121,18.359,16.437,0,0.0,no_obs,J122237.02+011549.4,0.297,0.268,72.0,15.49,14.961,11.293,8.135,,185.654343,1.263795,0.076,0.054,90.0,1237651752402158096,1,+,3,J122237.04+011549.6,,68987912192,2000.3431,3,22.178,0.573,21.21,0.114,19.691,0.042,19.065,0.04,18.835,0.121,,,,0.37632,0.09079,0.36712,,,,,0,,,,1.74537
185.97673,8.656931,1.27,1.41,J122354.36+083925.8,20.809999465942383,19.5,17.694,15.614,0,0.0,no_obs,J122354.36+083925.8,0.133,0.125,91.0,14.482,13.446,10.226,7.903,,185.976499,8.657198,0.05,0.034,90.0,1237659344272163418,2,,3,J122354.35+083925.9,*,35259802452240,2002.4399,1,23.591,1.517,20.764,0.056,19.585,0.029,18.995,0.027,18.529,0.065,,,,,,,-43.2,5.4,7.9,5.4,0,,,,1.265617
186.084183,8.050058,1.2,2.11,J122420.16+080259.0,20.05699920654297,18.878999710083008,17.107,15.227,0,0.0,no_obs,J122420.16+080259.0,0.064,0.061,94.0,14.288,13.675,9.799,8.168,15.995,186.083997,8.049621,0.072,0.054,0.0,1237654786779316422,2,,3,J122420.15+080258.6,*,105622104310616,2001.1946,1,21.822,0.908,20.232,0.123,18.893,0.033,18.304,0.024,17.81,0.041,,,,,,,-1.6,4.7,-4.7,4.7,0,,,,1.707165
188.688583,1.213272,16.28,16.11,J123445.27+011248.2,22.21562,21.71405,18.236,16.574,050315,1.38,?,J123445.27+011248.2,0.292,0.264,86.0,15.484,14.795,11.526,8.325,,188.688535,1.213238,0.172,0.142,90.0,1237648722845172091,1,+,3,J123445.24+011247.6,,68988043520,1999.2206,3,23.011,0.688,22.216,0.167,21.714,0.159,20.7,0.1,20.566,0.336,,,,0.75139,0.06084,0.71979,,,,,0,,,,0.211515
189.002136,11.76315,3.39,5.75,J123600.45+114547.9,23.378000259399414,22.08099937438965,18.776,16.992,0,0.0,no_obs,J123600.45+114547.9,0.284,0.26,90.0,15.674,15.04,12.217,8.246,,189.001951,11.763261,0.271,0.145,0.0,1237658633453503087,2,,3,J123600.46+114547.7,,281543964623616,2002.2244,1,23.164,0.899,23.821,0.635,21.741,0.164,20.469,0.078,20.312,0.243,,,,,,,,,,,0,,,,0.764894
189.371475,10.624531,8.21,7.95,J123729.15+103727.9,24.14935,22.39802,18.913,16.967,041514,-1.0,?,J123729.15+103727.9,0.28,0.262,71.0,15.469,14.845,11.942,8.231,,189.371423,10.62451,0.157,0.146,0.0,1237662238542069802,1,,3,J123729.14+103728.2,,105622138392924,2003.3187,3,25.73,0.688,24.149,0.503,22.398,0.19,20.931,0.073,21.092,0.274,,,,0.53116,0.09022,0.53605,,,,,0,,,,0.200391
189.977692,3.712031,1.87,7.6,J123954.64+034242.3,23.3567,22.09363,18.669,16.693,0,0.0,no_obs,J123954.64+034242.3,0.266,0.243,96.0,15.24,14.547,12.29,8.918,,189.977578,3.711792,0.188,0.122,0.0,1237651737908806130,1,+,3,J123954.61+034242.4,,105624285217552,2000.3404,3,22.882,0.526,23.357,0.33,22.094,0.167,20.902,0.096,20.345,0.224,,,,0.63937,0.06352,0.66034,,,,,0,,,,0.952282
189.97821,0.037603,1.1,0.93,J123954.82+000214.8,20.659000396728516,19.23699951171875,16.903,14.752,0,0.0,no_obs,J123954.82+000214.8,0.096,0.094,66.0,13.459,12.505,9.768,8.105,15.645,189.978439,0.037464,0.015,0.013,90.0,1237648704579961085,1,+,3,J123954.82+000214.8,,68987912448,1999.2179,3,21.931,0.215,20.659,0.035,19.237,0.016,18.569,0.014,17.916,0.028,,,,0.37988,0.08349,0.43355,2.8,5.6,-8.2,5.6,0,,,,0.963828
190.235382,11.297389,1.07,0.95,J124056.49+111750.7,22.42873,21.54053,18.794,16.271,042813,-1.0,?,J124056.49+111750.7,0.095,0.088,66.0,13.907,12.248,9.057,7.516,,190.235387,11.29746,0.061,0.047,0.0,1237661815485563391,1,,3,J124056.49+111750.8,*,123248650093400,2003.2231,3,22.758,0.344,22.429,0.117,21.541,0.079,20.916,0.065,20.147,0.117,,,,0.62427,0.11896,0.5786,,,,,0,,,,0.255117
190.33345,1.243786,20.86,21.08,J124120.01+011437.7,22.62811,22.2212,,16.832,0,0.0,no_obs,J124120.01+011437.7,0.421,0.379,80.0,16.007,15.37,12.06,9.032,,190.333425,1.243731,0.128,0.128,90.0,1237651752404255357,2,,6,J124120.02+011437.4,,281543964623104,2000.3431,3,23.124,0.567,23.268,0.291,22.429,0.181,22.067,0.23,21.033,0.341,,,,,,,,,,,0,,,,0.218169
190.728577,12.393683,1.33,1.42,J124254.96+122337.7,22.344999313354492,20.885000228881836,18.757,16.932,GNIRS,0.0,no_obs,J124254.96+122337.7,0.242,0.219,79.0,15.386,14.311,10.917,8.311,,190.728731,12.393499,0.041,0.038,90.0,1237661949720134313,1,+,6,J124254.89+122336.5,*,193585215570192,2003.2451,3,24.843,1.144,22.345,0.122,20.885,0.05,20.703,0.047,19.923,0.089,0.33666,4.0E-5,0,,,,-237.0,5.0,83.8,5.0,6090214797403156480,QSO,QSO,AGN BROADLINE,0.855059
190.848892,10.395661,2.37,2.18,J124323.71+102344.7,21.54865,20.52405,17.52,15.474,F2M,0.68,QSO,J124323.71+102344.7,0.108,0.107,105.0,13.919,12.824,10.194,7.93,16.56,190.84874,10.395703,0.032,0.028,90.0,1237658493357785446,1,+,3,J124323.69+102344.5,,140806476398592,2002.1939,3,22.881,0.376,21.549,0.058,20.524,0.036,19.522,0.023,19.041,0.046,,,,0.62302,0.06368,0.62814,,,,,0,,,,0.559017
190.922607,14.083795,6.39,5.83,J124341.42+140501.8,25.23363,22.2389,18.596,16.578,0,0.0,no_obs,J124341.42+140501.8,0.161,0.146,81.0,14.808,13.342,10.234,7.702,,190.922606,14.083759,0.061,0.044,90.0,1237664289394066093,1,+,6,J124341.42+140501.5,,35255507485456,2004.0751,3,25.155,0.691,25.234,0.586,22.239,0.114,21.152,0.066,20.403,0.114,,,,,,,,,,,0,,,,0.130651
191.075638,5.755689,1.6,1.3,J124418.16+054520.9,23.05038,21.98244,18.847,16.864,GNIRS,0.0,no_obs,J124418.16+054520.9,0.186,0.174,81.0,15.112,13.815,10.981,8.458,,191.075642,5.755697,0.169,0.119,90.0,1237654881263485659,2,,3,J124418.15+054520.5,,68987912960,2001.2138,3,26.05,0.788,23.431,0.452,21.914,0.172,21.292,0.149,20.182,0.18,,,,,,,,,,,0,,,,0.032778
191.27861,12.102475,2.06,2.9,J124506.79+120609.3,23.573999404907227,20.767000198364258,18.575,16.735,0,0.0,no_obs,J124506.79+120609.3,0.248,0.226,81.0,15.37,14.802,12.141,8.643,,191.278291,12.102507,0.088,0.074,90.0,1237661816559763477,1,,3,J124506.78+120609.0,,72163216142238040,2003.2232,3,23.97,1.431,23.574,0.515,20.767,0.069,19.672,0.037,20.835,0.383,0.57856,9.0E-5,0,0.41675,0.10698,0.42134,,,,,6090250806408966144,LRG,GALAXY,,1.129561
191.317673,0.6152,1.14,0.73,J124516.30+003654.2,22.322999954223633,20.45400047302246,18.718,16.5,0,0.0,no_obs,J124516.30+003654.2,0.291,0.26,73.0,15.579,14.951,11.111,8.686,,191.317855,0.615104,0.065,0.059,90.0,1237648705117422130,2,,3,J124516.28+003654.3,*,2450547278080,1999.2179,3,22.739,0.557,22.046,0.15,20.259,0.047,19.699,0.045,19.31,0.104,,,,,,,,,,,0,,,,0.741777
191.626587,12.135131,1.33,1.18,J124630.30+120806.0,22.042999267578125,20.54800033569336,18.256,16.379,0,0.0,no_obs,J124630.30+120806.0,0.135,0.128,74.0,14.502,13.769,9.63,7.023,16.119,191.626923,12.135068,0.044,0.043,90.0,1237658629697306762,2,,3,J124630.46+120806.2,*,35253360132112,2002.2243,3,23.249,0.674,22.407,0.141,20.604,0.043,19.939,0.035,19.604,0.098,,,,,,,,,,,0,,,,1.205279
192.802597,14.071755,1.59,1.8,J125112.65+140418.2,25.325000762939453,24.91900062561035,,16.267,041514/LRIS051515,2.09,QSO,J125112.65+140418.2,0.093,0.088,87.0,14.26,12.542,8.775,6.406,,192.802723,14.071492,0.119,0.09,0.0,1237662524695445792,1,,6,J125112.65+140417.3,,439804986786120,2003.4091,3,22.095,0.205,25.325,0.592,24.919,0.791,25.413,0.564,22.601,0.8,,,,,,,,,,,0,,,,1.042562
192.802597,14.071755,1.59,1.8,J125112.65+140418.2,22.2,22.2,,16.267,041514,2.09,duplicate,J125112.65+140418.2,0.093,0.088,87.0,14.26,12.542,8.775,6.406,,192.802723,14.071492,0.119,0.09,0.0,1237662524695445792,1,,6,J125112.65+140417.3,,439804986786120,2003.4091,3,22.095,0.205,25.325,0.592,24.919,0.791,25.413,0.564,22.601,0.8,,,,,,,,,,,0,,,,1.042562
192.809189,7.264444,4.85,4.61,J125114.20+071551.9,22.29093,21.59739,18.687,15.89,030213,0.738,QSO,J125114.20+071551.9,0.104,0.099,80.0,13.973,12.702,9.938,7.4,,192.809072,7.264452,0.142,0.123,0.0,1237671762642273065,1,+,3,J125114.17+071552.0,*,68988044032,2006.3308,3,23.446,0.859,22.291,0.153,21.597,0.126,20.333,0.065,19.765,0.141,,,,0.76865,0.08594,0.72554,,,,,0,,,,0.418743
193.052917,13.033728,1.43,1.88,J125212.67+130159.9,21.62299919128418,20.5310001373291,18.695,16.888,0,0.0,no_obs,J125212.67+130159.9,0.405,0.369,72.0,15.995,15.467,12.024,9.096,,193.05287,13.033282,0.101,0.074,0.0,1237658630771638779,2,,3,J125212.68+130159.8,,268435456,2002.2243,3,24.009,1.061,22.334,0.148,21.015,0.067,20.357,0.058,19.896,0.128,,,,,,,,,,,0,,,,1.614732
193.667633,12.201442,1.42,0.9,J125440.22+121204.9,23.64159,22.52878,,16.519,0,0.0,no_obs,J125440.22+121204.9,0.162,0.151,87.0,14.891,13.76,10.584,7.899,,193.667619,12.201443,0.137,0.133,90.0,1237658629698159414,1,+,3,J125440.22+121205.1,,68987912960,2002.2243,3,25.792,0.674,23.642,0.368,22.529,0.19,21.175,0.085,20.496,0.198,,,,0.71632,0.07655,0.68062,,,,,0,,,,0.047854
193.928757,10.944517,1.36,1.25,J125542.91+105640.6,23.63638,22.07838,18.632,16.479,0,0.0,no_obs,J125542.91+105640.6,0.153,0.143,69.0,14.785,13.639,10.949,8.405,,193.928741,10.944644,0.17,0.146,90.0,1237660615594607267,2,,3,J125542.89+105640.7,,281709320864000,2002.9447,2,22.332,0.363,23.08,0.308,22.293,0.249,21.146,0.144,20.02,0.186,,,,,,,,,,,0,,,,0.45975
194.140533,4.046372,2.92,3.18,J125633.72+040246.2,21.70737,20.9434,17.522,15.687,030213,0.918,QSO,J125633.72+040246.2,0.106,0.104,111.0,13.969,12.717,9.636,7.125,,194.14043,4.046178,0.046,0.041,0.0,1237654879117312575,1,+,3,J125633.70+040246.2,,103347651328,2001.2139,3,22.468,0.329,21.707,0.083,20.943,0.056,20.432,0.05,19.576,0.082,,,,0.5565,0.16707,0.56164,,,,,0,,,,0.790016
195.252991,0.796667,7.34,7.98,J130100.70+004748.0,22.96151,21.75329,18.281,16.18,041514,-1.0,?,J130100.70+004748.0,0.136,0.13,90.0,14.824,13.431,10.097,7.416,,195.252951,0.796664,0.097,0.082,90.0,1237648675047735867,2,,6,J130100.70+004747.9,,2450547278080,1999.2152,3,23.293,0.423,23.026,0.167,22.188,0.139,21.143,0.086,20.55,0.177,,,,,,,,,,,0,,,,0.143972
195.253159,0.982758,1.72,1.3,J130100.78+005857.5,23.40761,22.28335,18.958,16.776,GNIRS,0.0,no_obs,J130100.78+005857.5,0.257,0.233,81.0,15.671,14.599,12.136,8.558,,195.253304,0.982675,0.178,0.137,0.0,1237648705655997435,1,+,6,J130100.79+005857.6,,439873639153920,1999.218,3,24.141,0.934,23.408,0.316,22.283,0.161,21.054,0.087,20.405,0.18,,,,,,,,,,,0,,,,0.599366
195.72879,10.499367,3.15,3.54,J130254.94+102957.8,22.2,22.2,18.472,16.823,0,0.0,no_obs,J130254.94+102957.8,0.456,0.417,84.0,16.128,15.452,12.399,8.832,,195.728884,10.499361,0.051,0.048,90.0,1237660615058522637,2,,3,J130254.93+102957.6,*,105622104179472,2002.9447,3,26.138,0.666,22.368,0.195,20.697,0.059,20.075,0.057,19.772,0.146,,,,,,,,,,,0,,,,0.33513
195.737259,-0.960553,1.87,1.7,J130256.93-005737.7,22.11707,20.67942,19.01,15.495,030113,-1.0,?,J130256.93-005737.7,0.07,0.069,154.0,12.591,11.342,8.533,6.626,,195.737281,-0.960542,0.106,0.066,90.0,1237648720163897700,1,+,3,J130256.94-005737.9,,68987912448,1999.2207,3,23.432,0.771,22.117,0.139,20.679,0.059,20.261,0.06,20.174,0.198,,,,0.38127,0.09766,0.38216,,,,,0,,,,0.089636
196.520172,-1.655183,1.38,0.85,J130604.88-013919.6,22.408000946044922,20.916000366210938,18.754,16.981,0,0.0,no_obs,J130604.88-013919.6,0.754,0.674,74.0,16.878,16.203,12.531,9.317,,196.520384,-1.655442,0.052,0.051,0.0,1237650371562897883,1,,3,J130604.89-013919.5,,17661174092032,2000.1163,3,25.047,1.016,22.408,0.135,20.916,0.059,20.274,0.055,19.796,0.145,,,,0.40044,0.06364,0.39863,-83.5,4.7,99.3,4.7,0,,,,1.204135
197.5168,13.981308,1.66,1.65,J131003.96+135853.4,22.422000885009766,21.652999877929688,18.642,16.85,0,0.0,no_obs,J131003.96+135853.4,0.208,0.191,73.0,15.224,14.565,10.643,7.793,,197.516733,13.981273,0.112,0.064,90.0,1237662524697477451,1,,3,J131004.01+135852.5,,105658611401048,2003.4092,3,22.497,0.342,22.422,0.138,21.653,0.104,20.718,0.076,20.326,0.207,,,,0.72791,0.06934,0.70463,,,,,0,,,,0.26573
198.293091,-0.032683,1.28,1.4,J131310.32-000156.9,23.55125,22.82992,19.131,16.736,GNIRS,0.0,no_obs,J131310.32-000156.9,0.162,0.149,88.0,14.8,13.661,11.092,7.859,,198.292993,-0.032541,0.138,0.116,0.0,1237651203694461856,1,,3,J131310.31-000157.1,,387099228504336,2000.2583,3,22.885,0.395,23.551,0.331,22.83,0.229,21.495,0.104,22.203,0.725,,,,0.5956,0.13901,0.43223,,,,,0,,,,0.62185
198.513275,8.702625,245.83,270.02,J131403.19+084209.3,22.43321,21.63234,18.245,16.32,0,0.0,no_obs,J131403.19+084209.3,0.279,0.253,76.0,15.917,14.915,11.703,8.729,,198.513271,8.702535,0.096,0.094,0.0,1237664813911179814,1,+,6,J131403.18+084209.1,,68987912448,2004.2062,3,23.61,0.867,22.433,0.144,21.632,0.11,21.38,0.127,20.671,0.216,,,,,,,,,,,0,,,,0.324143
199.161438,14.972492,1.81,1.83,J131638.79+145821.5,23.22038,22.6488,18.731,16.766,041314,-1.0,?,J131638.79+145821.5,0.182,0.171,87.0,14.996,14.22,11.744,8.723,,199.161549,14.9725,0.79,0.167,0.0,1237664291008152530,1,,3,J131638.77+145820.9,,105658611532048,2004.0752,3,23.792,0.999,23.22,0.297,22.649,0.305,20.922,0.124,19.959,0.162,,,,0.87364,0.09089,0.69606,,,,,0,,,,0.38576
199.468933,10.9567,1.07,0.94,J131752.63+105723.2,21.57699966430664,20.222999572753906,18.071,16.37,0,0.0,no_obs,J131752.63+105723.2,0.247,0.226,82.0,15.601,14.996,11.454,9.22,,199.469007,10.956512,0.033,0.03,90.0,1237661815489495164,1,+,3,J131752.56+105723.4,,35253360136464,2003.2232,3,23.909,1.16,21.577,0.087,20.223,0.035,19.591,0.029,19.383,0.087,,,,0.34257,0.09403,0.37138,-37.3,5.6,14.4,5.6,0,,,,0.724693
200.579041,9.810628,2.53,2.62,J132218.98+094838.5,23.72672,22.9327,19.098,16.92,GNIRS,0.0,QSO,J132218.98+094838.5,0.145,0.137,78.0,15.043,13.766,10.663,8.413,,200.579029,9.810705,0.093,0.093,0.0,1237658492825109388,2,,3,J132218.96+094838.5,,281709320999168,2002.194,3,25.541,0.598,23.702,0.3,22.556,0.163,22.137,0.146,21.051,0.229,,,,,,,,,,,0,,,,0.280513
201.32608,5.690008,1.52,1.7,J132518.32+054123.6,20.94700050354004,19.659000396728516,17.712,16.048,0,0.0,no_obs,J132518.32+054123.6,0.221,0.203,87.0,15.355,14.72,10.921,8.367,,201.326262,5.689853,0.04,0.016,90.0,1237655126627189055,1,+,3,J132518.30+054123.4,*,35253360136208,2001.2902,3,23.017,0.591,20.947,0.044,19.659,0.022,19.143,0.022,18.714,0.052,,,,0.27487,0.06834,0.26499,-6.1,5.2,-10.8,5.2,0,,,,0.856403
201.977951,12.385754,134.69,278.46,J132754.69+122309.2,21.74896,21.30875,18.16,16.214,042813,-1.0,?,J132754.69+122309.2,0.108,0.104,92.0,14.295,13.144,10.124,7.561,,201.977824,12.385901,0.033,0.03,90.0,1237661950261854714,1,+,6,J132754.67+122309.2,*,68987912192,2003.2452,3,22.355,0.281,21.749,0.063,21.309,0.057,20.908,0.051,20.344,0.138,0.94943,6.0E-5,0,,,,-7.5,3.8,4.5,3.8,6116007142023163904,QSO,GALAXY,,0.691887
202.084366,3.072158,5.56,5.74,J132820.27+030419.4,23.01462,22.19855,19.168,16.664,0,0.0,no_obs,J132820.27+030419.4,0.121,0.114,95.0,14.716,13.409,10.38,8.519,,202.084525,3.071939,0.116,0.113,90.0,1237651737377244043,1,+,3,J132820.28+030418.9,,281543964754176,2000.3405,3,22.874,0.485,23.015,0.235,22.199,0.177,21.709,0.199,21.17,0.421,,,,0.61672,0.10139,0.5696,,,,,0,,,,0.97285
202.980591,2.510511,1.14,1.33,J133155.30+023039.2,23.652999877929688,21.381999969482422,18.707,16.967,GNIRS,0.0,no_obs,J133155.30+023039.2,0.251,0.233,89.0,15.686,14.987,11.288,8.559,,202.980533,2.510747,0.278,0.101,0.0,1237651754020373338,1,+,3,J133155.32+023038.6,*,35259802452240,2000.3432,3,25.602,1.157,23.653,0.533,21.382,0.12,20.122,0.06,19.553,0.162,,,,0.62283,0.03957,0.60391,,,,,0,,,,0.87437
203.087357,8.20465,75.55,77.17,J133220.95+081216.8,23.85925,22.58938,18.807,16.413,0,0.0,no_obs,J133220.95+081216.8,0.213,0.197,88.0,15.192,14.334,12.084,9.096,,203.087291,8.204652,0.129,0.099,0.0,1237661977091899827,2,,3,J133220.94+081216.7,,281571949150536,2003.2483,3,25.156,1.263,23.931,0.518,23.389,0.496,21.212,0.113,20.566,0.227,,,,,,,,,,,0,,,,0.23699
203.427933,10.227477,1.12,1.31,J133342.76+101340.2,21.670000076293945,20.990999221801758,18.481,16.457,0,0.0,no_obs,J133342.76+101340.2,0.158,0.15,95.0,14.969,13.728,10.958,8.141,,203.428194,10.227809,0.044,0.037,0.0,1237662238548099630,1,+,3,J133342.76+101340.1,,68988043520,2003.3188,3,22.072,0.229,21.67,0.07,20.991,0.055,20.638,0.055,19.65,0.079,,,,0.71426,0.15668,0.46883,,,,,0,,,,1.510756
203.716064,2.521095,17.5,17.28,J133451.85+023116.0,21.57458,21.15871,17.863,16.148,0,0.0,no_obs,J133451.85+023116.0,0.179,0.167,84.0,15.268,14.26,11.741,8.942,,203.716027,2.521095,0.029,0.028,0.0,1237671990267019655,1,+,6,J133451.84+023115.9,,72057828449190472,2006.3989,3,22.366,0.257,21.575,0.058,21.159,0.05,20.773,0.053,20.136,0.121,,,,,,,6.0,3.2,1.7,3.2,0,,,,0.131279
204.334518,-0.717506,2.83,3.13,J133720.30-004302.7,23.06158,21.79888,18.375,16.285,041514,-1.0,?,J133720.30-004302.7,0.163,0.152,89.0,15.13,14.055,10.754,8.237,,204.334505,-0.717514,0.166,0.143,90.0,1237648703512511672,1,+,6,J133720.28-004303.0,,96972440392,1999.218,3,26.075,0.851,23.062,0.37,21.799,0.198,20.541,0.089,19.545,0.129,,,,,,,,,,,0,,,,0.054772
204.717117,0.8084,2.73,2.55,J133852.07+004830.3,23.385,21.83312,18.966,16.645,0,0.0,no_obs,J133852.07+004830.3,0.121,0.116,88.0,14.607,13.389,10.724,8.067,,204.71702,0.808384,0.123,0.101,90.0,1237650770978210521,2,,6,J133852.08+004830.1,,281543964623104,2000.1712,3,24.479,0.977,23.768,0.432,22.388,0.166,21.528,0.128,20.989,0.259,,,,,,,,,,,0,,,,0.352671
204.784363,0.702886,1.25,0.71,J133908.21+004210.1,22.04866,21.49417,18.966,16.41,0,0.0,no_obs,J133908.21+004210.1,0.113,0.107,75.0,14.714,13.238,9.909,7.505,,204.78429,0.702734,0.192,0.147,0.0,1237671956445463292,1,+,3,J133908.22+004209.8,,68988043520,2006.3962,3,21.892,0.273,22.049,0.133,21.494,0.134,21.033,0.143,20.168,0.24,,,,0.67799,0.16462,0.56593,,,,,0,,,,0.606129
205.051086,12.247986,1.01,2.33,J134012.33+121452.4,20.555999755859375,19.326000213623047,17.371,15.391,0,0.0,no_obs,J134012.33+121452.4,0.172,0.166,130.0,14.739,14.187,10.435,8.583,15.877,205.05126,12.247842,0.034,0.027,90.0,1237661817639338722,1,+,3,J134012.30+121452.2,,68987912192,2003.2233,3,22.086,0.307,20.556,0.044,19.326,0.02,18.671,0.018,18.173,0.036,,,,0.26847,0.09335,0.28891,-2.3,15.4,-4.7,15.4,0,,,,0.802527
205.113663,9.584309,1.24,1.25,J134027.41+093503.1,22.93600082397461,21.593000411987305,18.886,16.985,GNIRS,0.0,no_obs,J134027.41+093503.1,0.246,0.228,81.0,15.691,14.938,12.694,9.191,,205.113972,9.584093,0.088,0.083,0.0,1237658492827074901,2,,3,J134027.35+093502.7,,263953926197592,2002.194,3,22.914,0.626,23.112,0.322,21.541,0.101,20.538,0.066,19.816,0.154,,,,,,,,,,,0,,,,1.345136
205.89946,8.911577,1.07,1.27,J134335.91+085441.3,23.36576,22.94761,19.454,16.849,041514,0.99,QSO,J134335.91+085441.3,0.12,0.114,91.0,14.791,13.3,10.372,8.461,,205.899662,8.911455,0.136,0.113,90.0,1237662236938601492,1,,3,J134335.91+085441.2,,281543964623616,2003.3188,3,23.827,1.487,23.366,0.446,22.948,0.486,21.204,0.133,21.117,0.417,,,,0.3787,0.10978,0.68301,,,,,0,,,,0.84342
206.274231,9.8227,3.0,2.97,J134505.78+094921.8,23.96128,22.19981,,16.952,GNIRS,0.0,no_obs,J134505.78+094921.8,0.125,0.119,76.0,14.978,13.442,10.069,7.815,,206.274101,9.822663,0.113,0.094,0.0,1237662264312988686,1,+,3,J134505.78+094921.5,,281543964754176,2003.3217,3,23.645,0.898,23.961,0.528,22.2,0.177,21.516,0.151,21.103,0.361,,,,0.52093,0.05523,0.46839,,,,,0,,,,0.481721
206.363785,13.289403,1.18,1.08,J134527.27+131720.9,21.923999786376953,20.85700035095215,,16.623,0,0.0,no_obs,J134527.27+131720.9,0.129,0.122,88.0,14.767,13.593,10.797,8.815,,206.363599,13.289098,0.047,0.046,90.0,1237662528989102547,1,+,3,J134527.26+131720.7,,68988043520,2003.4093,3,22.674,0.464,21.924,0.096,20.857,0.054,20.174,0.048,19.927,0.15,,,,0.54391,0.06347,0.55064,-20.0,5.4,-8.2,5.4,0,,,,1.277375
206.464188,-0.279444,1.29,2.13,J134551.43-001644.8,20.52400016784668,19.131000518798828,17.461,15.533,0,0.0,no_obs,J134551.43-001644.8,0.082,0.08,109.0,13.931,12.725,8.992,6.092,16.186,206.464249,-0.279148,0.025,0.019,0.0,1237651710504141520,2,,3,J134551.41-001644.9,,17661174088448,2000.3377,3,21.415,0.249,20.62,0.053,19.138,0.022,18.371,0.018,17.877,0.046,,,,,,,-6.7,3.8,10.5,3.8,0,,,,1.087978
207.469131,2.331717,1.12,0.98,J134952.64+021955.4,20.371999740600586,18.929000854492188,16.981,15.111,0,0.0,no_obs,J134952.64+021955.4,0.109,0.104,86.0,14.351,13.684,9.444,7.704,16.022,207.469238,2.331964,0.02,0.019,90.0,1237651754022338788,1,+,3,J134952.61+021955.0,,68988043264,2000.3433,3,22.76,0.744,20.372,0.04,18.929,0.018,18.324,0.016,17.84,0.041,,,,0.28837,0.03967,0.28572,-5.3,2.9,6.7,2.9,0,,,,0.970165
207.663864,13.124342,14.58,14.83,J135039.35+130727.2,22.03279,21.83038,18.732,16.19,042813/LRIS062813,2.446,QSO,J135039.35+130727.2,0.206,0.191,77.0,15.53,14.758,12.184,9.31,,207.663882,13.124246,0.066,0.064,90.0,1237662528989627216,1,+,6,J135039.33+130727.2,,68987912960,2003.4093,3,22.996,0.525,22.033,0.087,21.83,0.099,21.1,0.086,20.625,0.212,,,,,,,,,,,0,,,,0.351447
208.428802,12.206349,1.35,1.83,J135342.90+121223.9,20.902000427246094,19.572999954223633,17.877,15.955,0,0.0,no_obs,J135342.90+121223.9,0.13,0.126,93.0,14.697,14.182,10.37,8.039,,208.428715,12.206743,0.04,0.036,90.0,1237661950801478166,1,+,3,J135342.89+121224.2,,68987912448,2003.2452,3,21.888,0.3,20.902,0.056,19.573,0.025,18.971,0.022,18.467,0.045,,,,0.37193,0.06753,0.36561,-12.8,4.6,19.1,4.6,0,,,,1.450409
208.579239,0.198058,1.62,1.02,J135419.00+001152.6,20.08603,18.90609,16.445,13.777,F2M,0.263,Starb,J135419.00+001152.6,0.067,0.065,143.0,12.165,11.071,8.593,6.31,15.015,208.57914,0.197927,0.01,0.009,90.0,1237648704588087480,1,+,3,J135418.99+001152.5,*,193589476982800,1999.2181,3,21.324,0.119,20.086,0.021,18.906,0.012,18.569,0.012,17.781,0.024,,,,0.27453,0.10622,0.32358,1.9,3.6,2.7,3.6,0,,,,0.590392
208.746658,13.353561,5.33,6.67,J135459.21+132110.8,23.018999099731445,21.488000869750977,18.753,16.956,0,0.0,no_obs,J135459.21+132110.8,0.203,0.188,85.0,15.39,14.761,12.498,8.817,,208.746698,13.353019,0.215,0.199,0.0,1237664289938539696,1,+,3,J135459.20+132110.8,*,35255507485456,2004.0752,3,22.78,0.554,23.019,0.33,21.488,0.143,20.23,0.07,19.449,0.125,,,,0.71974,0.06806,0.67502,,,,,0,,,,1.955287
209.607956,13.796358,23.54,30.16,J135825.97+134746.3,21.482999801635742,20.270999908447266,18.244,16.555,0,0.0,no_obs,J135825.97+134746.3,0.218,0.206,82.0,15.535,14.907,12.836,9.206,,209.608218,13.796196,0.027,0.021,0.0,1237662530064155427,1,+,3,J135825.97+134746.3,*,68988043264,2003.4093,3,22.106,0.257,21.483,0.064,20.271,0.032,19.57,0.026,19.314,0.092,0.4647,3.0E-5,0,0.52095,0.06121,0.51861,24.0,5.2,2.7,5.2,6131684528668471296,BLUE_RADIO,GALAXY,AGN,1.086491
210.226349,-0.507353,1.35,0.8,J140054.39-003026.5,21.079999923706055,19.621999740600586,17.686,15.63,0,0.0,no_obs,J140054.39-003026.5,0.12,0.113,76.0,14.513,13.982,9.869,7.471,,210.226603,-0.507308,0.07,0.043,90.0,1237648673443676695,2,,3,J140054.38-003026.3,*,105587744440920,1999.2153,3,22.093,0.35,21.012,0.062,19.475,0.028,18.93,0.027,18.388,0.063,,,,,,,-3.6,5.4,14.8,5.4,0,,,,0.927171
211.077591,5.756292,1.58,1.26,J140418.68+054522.5,22.94300079345703,21.41200065612793,19.002,16.979,GNIRS,0.0,no_obs,J140418.68+054522.5,0.177,0.165,79.0,15.294,14.591,10.682,8.177,,211.077582,5.756236,0.068,0.062,0.0,1237659345883890422,2,,3,J140418.61+054522.4,*,105589892055384,2002.4401,1,22.579,0.78,22.391,0.331,21.044,0.076,20.576,0.09,20.18,0.219,,,,,,,,,,,0,,,,0.204942
211.441589,5.240222,1.28,1.67,J140546.00+051425.7,22.659000396728516,21.56399917602539,18.748,16.503,0,0.0,no_obs,J140546.00+051425.7,0.153,0.143,83.0,14.95,14.252,11.209,8.884,,211.441678,5.240488,0.077,0.071,0.0,1237654881272332931,1,+,3,J140546.00+051425.7,,2416187539712,2001.214,3,23.35,0.772,22.659,0.194,21.564,0.098,20.526,0.063,19.975,0.131,,,,0.6635,0.06689,0.6456,,,,,0,,,,1.008233
211.850632,12.779989,1.06,1.23,J140724.12+124647.3,22.83184,21.82998,19.118,16.675,021714,-1.0,?,J140724.12+124647.3,0.098,0.095,95.0,14.428,12.977,10.057,8.044,,211.850455,12.779816,0.078,0.075,90.0,1237662528991461962,1,+,3,J140724.10+124647.3,*,35191082975504,2003.4094,3,24.039,1.14,22.832,0.199,21.83,0.117,21.026,0.09,21.236,0.421,,,,0.61409,0.14113,0.52107,,,,,0,,,,0.879313
212.484879,-0.549181,1.44,1.32,J140956.43-003256.2,22.398000717163086,20.590999603271484,18.301,16.558,0,0.0,no_obs,J140956.43-003256.2,0.192,0.18,71.0,15.319,14.748,11.747,8.889,,212.48503,-0.549029,0.075,0.066,90.0,1237648720708108742,2,,3,J140956.40-003256.5,,2416187539712,1999.2208,3,24.23,1.612,22.014,0.156,20.422,0.056,19.32,0.033,18.74,0.075,,,,,,,,,,,0,,,,0.771455
212.976776,0.505611,2.3,2.04,J141154.40+003019.7,23.68376,22.29439,18.796,16.823,GNIRS,0.0,no_obs,J141154.40+003019.7,0.261,0.244,94.0,15.939,15.182,12.299,8.966,,212.97681,0.505436,0.051,0.049,0.0,1237648705126924320,1,+,3,J141154.43+003019.5,,72303953630593296,1999.2181,3,24.031,0.761,23.684,0.341,22.294,0.136,20.406,0.041,20.114,0.104,,,,0.65226,0.05725,0.6744,,,,,0,,,,0.640796
214.10434,4.015267,1.79,2.03,J141625.05+040055.4,23.03259,22.60031,18.91,16.292,041414,-1.0,?,J141625.05+040055.4,0.089,0.087,107.0,14.19,12.697,10.015,7.634,,214.104357,4.015408,0.133,0.124,90.0,1237651822171718423,1,,3,J141625.04+040055.4,,281543964758272,2000.357,3,24.555,1.201,23.033,0.246,22.6,0.248,21.442,0.152,20.392,0.234,,,,0.00995,0.14675,0.66204,,,,,0,,,,0.511503
214.545776,8.582628,1.01,1.53,J141810.94+083457.8,23.52411,22.7179,18.936,16.51,050215,-1.0,?,J141810.94+083457.8,0.097,0.093,78.0,14.596,12.903,9.672,7.255,,214.545549,8.582669,0.07,0.067,0.0,1237662237479208100,1,,3,J141810.93+083457.6,,281543964623104,2003.3189,3,23.528,0.71,23.524,0.299,22.718,0.231,21.19,0.075,20.394,0.136,,,,0.79239,0.08304,0.7122,,,,,0,,,,0.822331
215.612595,9.827614,1.06,0.86,J142227.07+094940.2,21.125,19.95400047302246,17.775,16.033,0,0.0,no_obs,J142227.07+094940.2,0.166,0.157,77.0,15.187,14.565,10.915,9.476,,215.612617,9.827774,0.032,0.026,0.0,1237661948657140412,2,,3,J142227.02+094939.9,,35253360001296,2003.2453,3,24.447,1.284,21.186,0.054,19.975,0.027,19.366,0.023,19.055,0.058,,,,,,,,,,,0,,,,0.57994
216.19635,9.299622,3.45,3.01,J142447.11+091758.7,23.17391,21.92149,19.022,16.744,GNIRS,0.725,QSO,J142447.11+091758.7,0.103,0.092,35.0,14.438,12.928,9.697,7.639,,216.196324,9.299621,0.044,0.042,90.0,1237662238553604352,1,+,6,J142447.11+091758.6,*,144238402399764496,2003.3189,3,23.475,0.594,23.174,0.207,21.921,0.092,20.998,0.06,20.35,0.111,,,,,,,,,,,0,,,,0.092898
216.53833,6.717419,1.24,0.74,J142609.20+064302.2,22.61204,21.92565,18.722,16.802,GNIRS,0.0,no_obs,J142609.20+064302.2,0.19,0.175,77.0,15.673,14.341,10.8,8.387,,216.538327,6.717337,0.096,0.08,0.0,1237661976023991118,2,,6,J142609.19+064302.4,*,439873639158016,2003.2484,3,22.746,0.448,22.56,0.154,21.867,0.121,21.12,0.093,20.491,0.228,,,,,,,,,,,0,,,,0.297069
216.893143,4.961767,1.13,0.98,J142734.35+045743.3,24.10327,22.71641,19.037,16.887,GNIRS,0.0,no_obs,J142734.35+045743.3,0.186,0.169,80.0,15.408,14.149,11.529,8.409,,216.89312,4.962131,0.229,0.139,90.0,1237654881274757999,1,,3,J142734.34+045743.6,,281543964623104,2001.214,3,24.616,1.234,24.103,0.537,22.716,0.316,21.821,0.188,20.643,0.206,,,,0.84172,0.08149,0.5932,,,,,0,,,,1.313442
218.346146,8.88098,1.67,1.71,J143323.07+085251.6,24.18289,21.95346,17.954,15.543,030113/LRIS062813,3.77,QSO,J143323.07+085251.6,0.109,0.106,72.0,14.231,13.532,9.73,7.245,,218.346146,8.880993,0.048,0.038,0.0,1237662264318231626,1,+,6,J143323.07+085251.5,,140806476399360,2003.3217,3,23.093,0.375,24.183,0.388,21.953,0.093,21.182,0.071,20.161,0.111,,,,,,,,,,,0,,,,0.045563
218.519241,9.591364,1.53,1.48,J143404.58+093528.5,23.65996,20.98331,17.148,15.068,F2M,0.771,QSO,J143404.58+093528.5,0.072,0.07,123.0,13.186,11.852,8.787,6.352,16.341,218.519098,9.591255,0.033,0.032,90.0,1237662239091523744,1,+,3,J143404.58+093528.5,,35253360132880,2003.3189,3,23.685,1.076,23.66,0.428,20.983,0.057,19.693,0.027,18.974,0.053,,,,0.71647,0.03849,0.60376,-25.2,14.7,-153.9,14.7,0,,,,0.642396
219.322235,6.054647,1.06,2.07,J143717.41+060316.6,20.68600082397461,19.305999755859375,17.66,15.91,0,0.0,no_obs,J143717.41+060316.6,0.165,0.156,88.0,15.129,14.466,10.763,7.749,,219.322514,6.054506,0.021,0.021,0.0,1237661975488365161,2,,3,J143717.40+060316.2,*,105622104314640,2003.2484,3,21.715,0.256,20.698,0.049,19.269,0.02,18.885,0.023,18.376,0.056,,,,,,,,,,,0,,,,1.12161
219.591064,6.615342,1.01,2.96,J143821.96+063656.3,22.37299919128418,23.128999710083008,17.666,15.767,0,0.0,no_obs,J143821.96+063656.3,0.153,0.142,87.0,15.036,14.279,10.295,8.83,,219.591176,6.615631,0.237,0.211,90.0,1237655744553353589,1,,3,J143821.88+063656.2,,105622137733392,2001.4571,3,22.717,0.354,22.373,0.132,23.129,0.324,22.608,0.319,22.827,0.727,,,,-9999.0,-9999.0,0.35779,,,,,0,,,,1.11522
219.702316,13.115695,1.23,1.68,J143848.50+130657.8,21.54400062561035,20.253000259399414,18.186,16.285,0,0.0,no_obs,J143848.50+130657.8,0.176,0.168,90.0,15.164,14.586,10.927,8.627,,219.702097,13.116027,0.023,0.02,90.0,1237662637977108917,1,+,3,J143848.50+130657.6,,68987912704,2003.4722,3,22.073,0.203,21.544,0.06,20.253,0.03,19.709,0.029,19.285,0.066,,,,0.41879,0.07986,0.43493,,,,,0,,,,1.419071
219.837296,11.601528,3.02,2.81,J143920.96+113605.4,19.74073,18.63284,16.252,13.39,F2M,0.296,QSO,J143920.96+113605.4,0.065,0.062,147.0,11.744,10.645,8.384,5.83,14.962,219.837316,11.60149,0.012,0.012,90.0,1237662528994869513,1,+,3,J143920.95+113605.3,*,35287719874576,2003.4094,3,20.758,0.111,19.741,0.02,18.633,0.012,18.103,0.01,17.289,0.016,,,,0.24418,0.12714,0.36889,5.2,3.1,3.2,3.1,0,,,,0.153531
220.065338,5.718464,2.08,1.59,J144015.67+054306.0,23.96445,23.36787,19.141,16.894,GNIRS,0.0,no_obs,J144015.67+054306.0,0.217,0.194,75.0,15.865,14.485,10.631,8.361,,220.065285,5.718238,0.095,0.068,0.0,1237662266996950376,1,,6,J144015.66+054305.6,,281475245146880,2003.322,3,24.086,0.762,23.964,0.345,23.368,0.326,22.318,0.174,21.487,0.344,,,,,,,,,,,0,,,,0.83511
220.421127,11.148067,1.21,1.01,J144141.08+110851.7,23.350000381469727,22.275999069213867,18.845,16.973,041514,1.0,QSO,J144141.08+110851.7,0.18,0.167,89.0,15.376,14.145,11.591,8.816,,220.421241,11.147753,0.12,0.108,0.0,1237662200427840414,2,,3,J144141.09+110851.9,,281543964623104,2003.3138,3,24.671,0.968,23.837,0.351,22.447,0.167,21.43,0.107,20.966,0.257,,,,,,,,,,,0,,,,1.198409
220.421127,11.148067,1.21,1.01,J144141.08+110851.7,22.2,22.2,18.845,16.973,051514,1.0,duplicate,J144141.08+110851.7,0.18,0.167,89.0,15.376,14.145,11.591,8.816,,220.421241,11.147753,0.12,0.108,0.0,1237662200427840414,2,,3,J144141.09+110851.9,,281543964623104,2003.3138,3,24.671,0.968,23.837,0.351,22.447,0.167,21.43,0.107,20.966,0.257,,,,,,,,,,,0,,,,1.198409
221.225494,-1.430022,1.79,1.66,J144454.12-012547.8,24.3037,22.55694,18.835,16.905,0,0.0,no_obs,J144454.12-012547.8,0.195,0.18,83.0,15.288,14.617,12.306,8.814,,221.225496,-1.429957,0.101,0.084,90.0,1237655693013549269,1,,6,J144454.11-012547.8,,35253395263764,2001.4544,3,24.785,0.746,24.304,0.462,22.557,0.16,21.096,0.064,20.244,0.105,,,,,,,,,,,0,,,,0.233524
221.4897,-0.479706,2.92,2.81,J144557.52-002846.9,25.51171,22.74116,18.853,16.875,GNIRS,0.0,no_obs,J144557.52-002846.9,0.141,0.134,90.0,15.374,13.6,10.084,7.968,,221.489652,-0.479775,0.224,0.212,0.0,1237648720712041149,1,,3,J144557.51-002847.1,,105624285348624,1999.2209,3,25.657,0.888,25.512,0.866,22.741,0.342,21.803,0.22,19.949,0.162,,,,-9999.0,-9999.0,0.57255,,,,,0,,,,0.302343
221.615372,1.579703,2.2,2.4,J144627.70+013447.3,24.10952,21.80308,,16.056,042813,-1.0,?,J144627.70+013447.3,0.091,0.088,121.0,13.983,12.726,9.945,7.37,,221.61539,1.579759,0.092,0.083,90.0,1237651735775150359,1,+,3,J144627.69+013447.1,,105622104179472,2000.3406,3,24.115,1.143,24.11,0.501,21.803,0.116,21.021,0.085,20.27,0.182,,,,0.50276,0.04013,0.50405,,,,,0,,,,0.211417
222.730988,6.504461,2.78,3.29,J145055.42+063015.9,21.76616,21.19169,17.884,16.124,041514,1.66,QSO,J145055.42+063015.9,0.122,0.116,84.0,14.879,13.494,10.329,7.827,,222.73094,6.504444,0.042,0.036,90.0,1237655744554729891,1,+,6,J145055.42+063015.9,,68987912192,2001.4571,3,21.837,0.169,21.766,0.072,21.192,0.057,20.446,0.047,19.791,0.095,,,,,,,,,,,0,,,,0.18272
223.544876,4.305525,3.54,3.32,J145410.78+041820.1,23.04495,21.43407,17.995,15.606,041414,1.22,QSO,J145410.78+041820.1,0.077,0.076,143.0,13.648,12.137,9.244,7.357,,223.544915,4.305571,0.048,0.046,90.0,1237654880740770516,1,+,6,J145410.77+041820.0,*,52845546177296,2001.2141,3,23.48,0.617,23.045,0.205,21.434,0.071,20.675,0.053,19.762,0.104,,,,,,,,,,,0,,,,0.21776
223.90509,11.487619,1.0,0.97,J145537.14+112916.0,22.400999069213867,20.715999603271484,18.695,16.988,0,0.0,no_obs,J145537.14+112916.0,0.224,0.208,94.0,15.598,15.079,11.712,9.414,,223.904928,11.487636,0.056,0.042,90.0,1237662529533510123,1,+,3,J145537.18+112915.4,,105622104310544,2003.4094,3,23.418,0.874,22.401,0.164,20.716,0.05,20.094,0.04,19.79,0.126,,,,0.39169,0.05673,0.38849,,,,,0,,,,0.575764
224.085007,7.8333,4.57,10.0,J145620.31+075000.5,20.214000701904297,18.99799919128418,17.431,15.695,0,0.0,no_obs,J145620.31+075000.5,0.144,0.135,77.0,14.943,14.359,10.533,8.651,,224.084636,7.833455,0.031,0.024,90.0,1237658492835266641,2,,3,J145620.31+075000.4,,35253360136976,2002.1942,1,22.943,0.654,20.637,0.037,19.425,0.021,18.746,0.017,18.443,0.052,,,,,,,2.5,5.1,3.8,5.1,0,,,,1.434628
224.424973,3.610886,1.77,2.19,J145742.02+033639.8,22.16322,20.66261,17.204,15.421,042813,1.19,QSO,J145742.02+033639.8,0.085,0.082,137.0,13.834,12.467,9.577,7.379,,224.425064,3.611077,0.027,0.026,90.0,1237651822176174706,1,+,6,J145742.01+033639.8,*,105624251793680,2000.3571,3,22.944,0.457,22.163,0.107,20.663,0.039,19.815,0.029,18.992,0.054,,,,,,,,,,,0,,,,0.761368
224.915421,6.074244,2.41,3.17,J145939.73+060427.9,24.47436,23.15646,18.57,15.828,041314/LRIS051515,2.16,QSO,J145939.73+060427.9,0.131,0.123,82.0,15.027,13.811,10.322,8.212,,224.915585,6.07437,0.092,0.091,90.0,1237662268072788493,1,+,6,J145939.74+060427.7,,246396099887376,2003.3221,3,24.789,0.701,24.474,0.371,23.156,0.205,22.023,0.113,21.263,0.257,,,,,,,,,,,0,,,,0.740204
225.026276,12.10847,1.0,1.84,J150006.24+120631.1,21.690000534057617,20.23699951171875,18.235,16.21,0,0.0,no_obs,J150006.24+120631.1,0.228,0.212,89.0,15.636,15.101,11.665,8.926,,225.025981,12.10861,0.04,0.039,90.0,1237662530607645496,1,+,3,J150006.23+120630.9,,35253360136208,2003.4094,3,22.84,0.525,21.69,0.088,20.237,0.034,19.631,0.03,19.211,0.066,,,,0.36619,0.06518,0.36373,-40.4,5.4,-22.0,5.4,0,,,,1.153308
225.705734,10.043978,1.01,1.75,J150249.40+100237.3,21.503999710083008,20.118999481201172,17.791,15.839,0,0.0,no_obs,J150249.40+100237.3,0.153,0.143,81.0,15.092,14.374,10.495,8.49,,225.70579,10.043683,0.025,0.023,0.0,1237662199893328343,1,+,3,J150249.38+100237.2,*,68987912704,2003.3139,3,22.49,0.31,21.504,0.063,20.119,0.028,19.592,0.028,19.074,0.056,,,,0.38892,0.06626,0.38749,,,,,0,,,,1.080815
225.963364,12.196661,1.87,1.72,J150351.22+121148.1,24.31318,22.66962,17.867,15.348,030113,0.57,QSO,J150351.22+121148.1,0.079,0.076,150.0,13.448,12.274,9.643,7.255,,225.963427,12.196698,0.173,0.123,90.0,1237668348140782613,2,,6,J150351.22+121148.1,,68987912448,2005.3644,3,24.927,0.935,25.886,0.553,22.599,0.195,20.969,0.066,19.983,0.098,,,,,,,,,,,0,,,,0.25851
226.022202,11.597414,1.71,1.12,J150405.33+113550.4,22.84233,21.50976,18.135,16.432,0,0.0,no_obs,J150405.33+113550.4,0.151,0.141,90.0,15.105,14.081,11.571,8.877,,226.022243,11.597347,0.05,0.043,90.0,1237662530071233458,1,+,6,J150405.33+113550.4,,68987912448,2003.4095,3,23.293,0.557,22.842,0.161,21.51,0.066,20.442,0.037,19.643,0.089,0.28303,2.7E-4,4,,,,,,,,6170197397114384384,QSO,QSO,,0.28273
226.879929,10.280522,1.44,1.59,J150731.24+101649.5,23.96743,22.85208,18.838,16.481,041514,1.66,QSO,J150731.24+101649.5,0.179,0.167,91.0,15.475,14.273,11.296,8.696,,226.880152,10.280431,0.111,0.1,90.0,1237662635832903010,1,,3,J150731.23+101649.5,,281543964623104,2003.4722,3,23.842,0.677,23.967,0.415,22.852,0.225,21.77,0.131,21.666,0.445,,,,0.63607,0.06235,0.64404,,,,,0,,,,0.854778
227.307709,4.468203,3.05,2.33,J150913.85+042805.7,23.24615,22.04889,18.9,16.584,0,0.0,no_obs,J150913.85+042805.7,0.283,0.261,84.0,16.144,14.869,11.484,8.864,,227.307723,4.468232,0.176,0.101,0.0,1237654881279280046,2,,6,J150913.85+042805.6,,68987912448,2001.2141,3,25.863,0.661,23.245,0.288,22.088,0.152,21.147,0.1,20.23,0.157,,,,,,,,,,,0,,,,0.116456
227.49202,11.410444,2.06,1.54,J150958.08+112437.4,21.91632,21.83907,18.727,16.704,042915,-1.0,?,J150958.08+112437.4,0.177,0.161,80.0,15.658,14.132,10.522,7.952,,227.491972,11.410394,0.05,0.039,90.0,1237662637443645863,1,+,6,J150958.07+112437.4,,68987912960,2003.4722,3,21.545,0.119,21.916,0.06,21.839,0.078,21.41,0.077,20.685,0.185,,,,,,,,,,,0,,,,0.246115
227.588348,4.327692,12.97,13.36,J151021.21+041939.6,23.87687,23.00618,18.519,16.563,050215,-1.0,?,J151021.21+041939.6,0.21,0.193,86.0,15.467,14.879,11.862,8.976,,227.588362,4.327641,0.113,0.101,0.0,1237654881279411236,2,,6,J151021.20+041939.5,,281543964623616,2001.2141,3,25.019,0.959,24.327,0.51,23.924,0.528,21.965,0.155,20.662,0.17,,,,,,,,,,,0,,,,0.189699
227.708588,4.355786,2.06,2.61,J151050.08+042119.6,22.22100067138672,21.3439998626709,18.267,16.322,0,0.0,no_obs,J151050.08+042119.6,0.124,0.117,90.0,14.829,13.626,10.758,7.995,,227.708678,4.355488,0.082,0.077,0.0,1237655742409474644,1,+,3,J151050.08+042119.7,,68987912448,2001.4572,3,23.253,0.608,22.221,0.118,21.344,0.085,20.763,0.079,19.999,0.144,,,,0.55555,0.15002,0.53144,,,,,0,,,,1.120593
228.325729,-0.800961,5.26,5.69,J151318.17-004803.6,23.20398,22.25709,18.654,16.608,LRIS051515,1.001,QSO,J151318.17-004803.6,0.096,0.094,96.0,14.258,12.703,9.724,7.878,,228.325707,-0.80103,0.129,0.081,90.0,1237655693553566885,2,,3,J151318.16-004803.7,,79792439624,2001.4544,3,23.203,0.487,23.305,0.224,22.285,0.139,21.6,0.111,20.625,0.169,,,,,,,,,,,0,,,,0.261979
228.471558,7.655308,3.86,3.6,J151353.15+073919.0,24.88214,24.22527,18.477,16.285,041514,-1.0,?,J151353.15+073919.0,0.114,0.109,85.0,14.838,13.343,9.91,7.795,,228.471544,7.65527,0.106,0.088,90.0,1237662238022108351,1,,6,J151353.17+073918.9,,316728370266384,2003.319,3,25.381,0.887,24.882,0.622,24.225,0.569,22.307,0.172,20.713,0.185,,,,,,,,,,,0,,,,0.147062
228.931778,-1.055781,2.03,1.68,J151543.57-010321.9,21.236000061035156,20.40999984741211,18.18,16.331,0,0.0,no_obs,J151543.57-010321.9,0.152,0.143,88.0,15.04,14.151,11.108,8.29,,228.931562,-1.056107,0.016,0.015,90.0,1237648702986387946,1,+,6,J151543.57-010321.9,*,251524022272,1999.2182,3,22.007,0.153,21.236,0.041,20.41,0.027,19.823,0.024,19.572,0.071,,,,,,,2.9,6.0,-3.0,6.0,0,,,,1.408358
229.335541,9.869531,1.21,1.11,J151720.51+095210.5,23.71117,23.01631,18.086,16.172,041314/041414,0.98,QSO,J151720.51+095210.5,0.052,0.051,113.0,14.524,13.136,10.339,7.841,,229.335474,9.869558,0.118,0.093,90.0,1237662200431707360,2,,3,J151720.51+095210.4,,422281453110016,2003.3139,3,23.435,0.805,23.149,0.278,23.516,0.558,21.122,0.112,20.178,0.184,,,,,,,,,,,0,,,,0.257747
229.495132,1.032419,10.72,11.26,J151758.85+010156.8,21.9285,20.72978,17.649,15.392,F2M,0.519,QSO,J151758.85+010156.8,0.08,0.078,125.0,13.571,12.244,9.303,6.896,16.188,229.495163,1.032439,0.033,0.031,0.0,1237651819488215546,2,,3,J151758.83+010156.7,,268436224,2000.3569,3,22.596,0.319,21.791,0.068,20.675,0.041,19.621,0.027,19.064,0.062,,,,,,,,,,,0,,,,0.132906
229.98819,-2.578017,4.83,4.91,J151957.15-023440.7,24.02652,22.59467,18.975,16.991,GNIRS,-1.0,?,J151957.15-023440.7,0.182,0.166,86.0,15.32,14.575,11.25,8.42,,229.988216,-2.57793,0.191,0.112,90.0,1237655691406803529,1,,3,J151957.17-023440.5,,475060158730512,2001.4544,3,26.587,0.319,24.027,0.417,22.595,0.196,21.292,0.087,20.551,0.15,,,,0.67718,0.06259,0.63284,,,,,0,,,,0.326707
230.170929,-1.311872,1.14,1.33,J152041.10-011842.8,24.13599967956543,22.76300048828125,19.134,16.832,0,0.0,no_obs,J152041.10-011842.8,0.205,0.193,88.0,15.501,14.979,11.041,8.157,,230.171045,-1.311983,0.241,0.224,90.0,1237655693017482122,1,,6,J152041.05-011843.1,,246361773707536,2001.4544,3,24.215,0.821,24.136,0.463,22.763,0.216,21.716,0.125,21.502,0.312,,,,,,,,,,,0,,,,0.578323
230.44574,-2.226995,1.92,1.53,J152146.95-021336.3,22.69989,21.77057,18.49,16.351,041514/LRIS051515,0.75,NLAGN,J152146.95-021336.3,0.138,0.129,89.0,14.852,14.039,10.021,7.369,,230.445701,-2.226881,0.078,0.07,90.0,1237655498139304532,1,+,3,J152146.96-021336.7,,35287719871248,2001.3945,3,24.184,1.164,22.7,0.176,21.771,0.101,20.9,0.07,20.181,0.145,,,,0.63135,0.12707,0.61,,,,,0,,,,0.433076
230.825302,8.05855,1.0,1.43,J152318.15+080329.3,22.0,20.864999771118164,18.776,16.591,0,0.0,no_obs,J152318.15+080329.3,0.076,0.075,149.0,13.883,12.314,8.957,6.676,,230.825553,8.058293,0.209,0.125,0.0,1237662264860541620,1,,3,J152318.13+080329.8,*,175992995971416,2003.3218,3,21.586,0.224,22.0,0.137,20.865,0.077,20.005,0.057,19.543,0.145,,,,0.60875,0.06476,0.59861,,,,,0,,,,1.287846
230.857376,1.574253,1.1,0.92,J152325.66+013427.1,24.52899932861328,22.315000534057617,18.663,16.376,0,0.0,no_obs,J152325.66+013427.1,0.118,0.112,108.0,14.614,13.458,10.933,8.699,,230.856871,1.574079,0.058,0.054,0.0,1237651736316085610,1,+,6,J152325.64+013426.6,,281543964623104,2000.3407,3,23.798,0.706,24.529,0.504,22.315,0.132,21.611,0.109,20.803,0.238,,,,,,,,,,,0,,,,1.922041
230.937775,8.142239,1.8,1.46,J152345.07+080831.2,24.35768,23.59506,,16.99,041514,-1.0,?,J152345.07+080831.2,0.118,0.116,95.0,14.814,13.465,10.323,8.354,,230.937767,8.14212,0.122,0.103,90.0,1237661949200695565,1,,3,J152345.06+080831.6,,316728370397456,2003.2454,3,24.094,0.99,24.358,0.507,23.595,0.46,21.939,0.136,21.672,0.319,,,,0.68849,0.05851,0.72634,,,,,0,,,,0.430184
231.474106,-0.764342,4.73,4.3,J152553.78-004551.5,22.61378,21.60162,18.927,15.936,041414/LRIS051515,0.65,QSO,J152553.78-004551.5,0.094,0.093,53.0,13.848,12.442,9.498,7.138,,231.474023,-0.764401,0.089,0.086,0.0,1237648703524373269,1,+,3,J152553.76-004551.8,,217164284160,1999.2182,3,24.688,1.248,22.614,0.183,21.602,0.11,20.643,0.067,20.049,0.151,,,,0.59532,0.1023,0.59279,,,,,0,,,,0.367836
231.558273,-1.88645,1.38,1.47,J152613.94-015312.2,22.489999771118164,20.966999053955078,18.515,16.791,GNIRS,0.0,no_obs,J152613.94-015312.2,0.345,0.315,91.0,15.777,15.096,11.391,8.393,,231.558122,-1.886725,0.045,0.03,0.0,1237655498676634283,1,,3,J152613.94-015312.2,,475058011246864,2001.3945,3,24.918,1.067,22.49,0.135,20.967,0.05,20.425,0.047,20.214,0.15,,,,0.35968,0.09441,0.34615,,,,,0,,,,1.128848
232.366806,8.611883,7.04,6.97,J152928.01+083642.6,23.78472,22.15773,18.643,16.181,042813/LRIS051515,1.29,QSO,J152928.01+083642.6,0.084,0.082,146.0,13.924,12.423,9.817,8.279,,232.366673,8.611795,0.044,0.042,0.0,1237662199359342021,1,+,6,J152928.00+083642.4,,68987912960,2003.3139,3,24.262,0.808,23.785,0.271,22.158,0.105,20.962,0.056,20.148,0.11,,,,,,,,,,,0,,,,0.569271
232.727631,0.980603,1.35,1.25,J153054.70+005850.1,21.708999633789062,20.457000732421875,18.672,16.205,0,0.0,no_obs,J153054.70+005850.1,0.157,0.129,179.0,14.306,13.348,10.258,7.574,,232.727948,0.980732,0.068,0.057,90.0,1237655468063916375,2,,3,J153054.70+005850.6,,105624285216784,2001.3918,3,22.923,0.564,22.804,0.215,20.957,0.061,20.448,0.05,20.181,0.133,,,,,,,,,,,0,,,,1.231234
234.152176,6.422978,1.2,2.13,J153636.43+062522.9,22.17300033569336,20.996000289916992,18.516,16.593,082718,-1.0,?,J153636.43+062522.9,0.26,0.242,88.0,15.493,14.93,12.51,8.538,,234.151987,6.423015,0.072,0.061,0.0,1237662237487792695,1,+,3,J153636.47+062522.8,,68988043520,2003.319,3,26.529,0.609,22.173,0.144,20.996,0.076,20.053,0.045,19.319,0.096,,,,0.55826,0.04974,0.54954,,,,,0,,,,0.688104
234.151627,8.965731,89.06,263.14,J153636.49+085756.8,21.402999877929688,19.731000900268555,17.969,16.197,0,0.0,no_obs,J153636.49+085756.8,0.187,0.174,87.0,15.01,14.411,11.998,9.102,,234.151974,8.965767,0.036,0.03,90.0,1237661950812619372,2,,3,J153636.47+085756.7,*,175990848491792,2003.2454,3,25.081,1.807,21.411,0.089,19.833,0.032,19.02,0.023,18.614,0.05,,,,,,,0.4,11.8,3.1,11.8,0,,,,1.242289
234.350342,-1.147317,1.95,1.98,J153724.02-010850.8,22.93707,21.7257,18.162,16.367,050315/LRIS051515,0.593,NLAGN,J153724.02-010850.8,0.174,0.16,85.0,14.907,14.012,10.595,8.216,,234.35017,-1.147461,0.087,0.08,90.0,1237651816805958703,2,,3,J153724.04-010850.8,,68987912448,2000.3569,3,24.661,1.047,22.895,0.213,21.523,0.091,20.501,0.061,19.909,0.147,,,,,,,,,,,0,,,,0.808427
234.923233,-1.353831,2.7,3.58,J153941.57-012112.6,20.952999114990234,19.718000411987305,17.559,15.481,0,0.0,no_obs,J153941.57-012112.6,0.121,0.114,89.0,14.074,13.243,10.532,8.734,16.007,234.923185,-1.353687,0.017,0.015,90.0,1237655499215012317,1,+,3,J153941.56-012113.2,,246359592669456,2001.3945,3,23.903,1.132,20.953,0.041,19.718,0.022,19.18,0.02,18.727,0.055,,,,0.19359,0.04176,0.19361,-9.7,4.3,-5.0,4.3,0,,,,0.547497
