counter,RA,DEC,G_mag,R_mag,J_mag,K_mag,W1mag,W2mag,petro_g,petro_r,Fpk,Hpk,redshift,specObjID,class,U_mag,I_mag,Z_mag
182,23:18:03.03,+00:09:49.3,23.6101,22.0933,19.780508,18.803232,17.174395,16.914455,4.675730300903321,5.399697635650635,-999.0,-999.0,-999.0,0,none,24.746,20.371,19.335
74,01:58:21.09,+00:27:52.7,22.806,21.9611,19.82468,18.769571,17.981083,17.459742,4.469256099700928,4.5163005867004395,1.43,1.35,1.352,NIRES091818,QSO,22.818,21.184,20.385
9,00:04:11.62,+00:13:14.3,23.269,21.3521,19.562054,18.58928,18.880589,18.582056,5.1634283409118655,4.658480529785156,-999.0,-999.0,-999.0,0,none,23.15,20.182,19.964
216,23:43:27.59,-00:33:48.1,23.1697,21.6726,20.018776,18.889189,18.226269,18.054785,4.317666881561279,4.048205108642578,-999.0,-999.0,-999.0,0,none,22.875,20.573,20.14
130,22:25:12.61,+00:37:34.7,22.9488,21.8369,20.033295,17.102247,19.06589,19.020247,9.143940673828125,6.046041000366211,-999.0,-999.0,-999.0,0,none,24.116,21.239,21.189
71,01:57:25.40,-00:51:14.6,22.4808,21.2006,19.570675,18.556599,17.626598,17.351961,4.39398454284668,4.146215274810791,-999.0,-999.0,0.583,Gemini18B,QSO,25.643,20.579,20.197
16,00:15:52.05,-00:59:15.6,23.1471,21.6604,19.971056,18.851816,18.694536,18.780142,4.850057750701905,3.8054020042419436,-999.0,-999.0,-999.0,0,none,24.134,20.934,20.343
205,23:36:21.76,+00:52:25.2,22.497,21.4211,19.430565,18.190762,17.257559,16.97206,4.91356799697876,5.650602951049805,-999.0,-999.0,-999.0,0,none,23.14,19.894,19.324
126,22:24:09.44,-00:15:23.9,23.5393,22.9742,19.717018,17.971811,17.905102,17.479963,3.7165393981933597,3.4708608283996583,-999.0,-999.0,2.22,Gemini,QSO,24.877,21.82,21.65
64,01:53:37.11,-00:38:13.0,22.9359,21.9708,19.662199,18.596663,19.040916,19.135971,6.12366459274292,6.299298728942872,-999.0,-999.0,-999.0,Gemini18B,none,,,
11,00:12:15.00,+00:48:25.7,23.9467,22.395,19.478487,18.68961,17.535511,17.013062,4.105442882537842,3.4036914825439455,-999.0,-999.0,-999.0,0,none,23.339,21.17,20.178
104,22:08:45.96,+00:37:43.5,22.9371,20.9344,19.254114,18.251202,18.462442,18.483479,7.616030754089356,8.61390259552002,-999.0,-999.0,999.0,TSPEC082918,??,24.914,20.135,19.395
160,22:51:55.04,+01:02:43.4,23.8958,21.4062,19.63998,18.720953,18.436796,18.500093,5.365720767974854,7.608189880371094,-999.0,-999.0,-999.0,NIRES092218,none,26.901,20.109,19.3
49,00:50:03.70,-00:12:07.3,22.9633,21.5985,18.999687,18.230623,18.57537,18.57858,3.2534093284606933,2.9962311630249023,-999.0,-999.0,-999.0,Gemini,none,23.054,19.724,19.398
224,23:48:12.30,-00:50:12.6,22.609,21.1276,19.416544,18.507973,18.828014,18.737932,6.685589218139649,5.417208744049073,-999.0,-999.0,-999.0,0,none,26.577,20.3,19.833
211,23:40:03.28,+00:31:22.2,23.1593,21.4226,19.896946,18.74853,19.133343,19.216005,5.917190013885499,6.066427196502686,-999.0,-999.0,-999.0,0,none,23.988,21.113,20.629
62,01:52:52.36,+00:25:08.0,22.7449,21.1421,19.34337,18.539125,18.166182,18.034271,7.267899284362794,6.099358337402344,-999.0,-999.0,-999.0,0,none,24.484,20.534,20.024
141,22:34:56.25,+00:05:30.7,23.0998,21.4567,19.856535,18.82419,18.735205,18.722849,8.70642505645752,5.332527912139893,-999.0,-999.0,-999.0,0,none,22.356,20.005,19.382
30,00:23:23.35,+00:50:05.3,23.0183,21.3112,19.609398,18.706873,19.053808,19.138788,5.823100662231446,5.4548447113037115,-999.0,-999.0,-999.0,0,none,25.731,20.64,20.169
171,23:05:51.49,-00:22:44.6,23.218,21.5843,19.71894,18.738487,18.922981,18.953276,7.828253997802735,6.140914741516114,-999.0,-999.0,-999.0,NIRES091818,none,23.319,20.906,20.656
24,00:21:17.54,+00:15:05.4,23.0772,21.445,19.897892,18.766512,17.920576,17.905872,4.996158130645752,4.466119674682617,-999.0,-999.0,-999.0,0,none,25.703,19.903,19.312
140,22:34:30.53,+00:05:57.5,22.9573,21.2383,19.68024,18.551361,18.896025,18.880016,6.450364517211915,6.991379516601563,-999.0,-999.0,-999.0,0,none,26.173,20.459,19.427
194,23:27:18.28,+00:42:52.9,23.4302,21.4754,19.568232,18.783468,18.235868,18.010054,11.796745948791504,11.215480476379396,-999.0,-999.0,-999.0,0,none,23.855,20.513,19.903
57,01:47:24.56,+00:15:29.2,22.1109,21.0349,19.447983,18.277002,16.9584,16.33638,4.666844078063965,5.548934062957764,-999.0,-999.0,-999.0,TSPEC082818,none,25.93,20.667,21.062
208,23:38:04.57,+00:52:13.1,23.7703,21.8756,19.414211,17.883938,16.502172,16.138258,4.197441535949707,8.715049186706544,-999.0,-999.0,-999.0,0,none,22.51,20.92,19.518
125,22:23:52.60,-00:47:48.8,23.1344,21.564,19.634243,18.841915,19.191797,19.229916,4.8529324607849125,3.7803109817504885,-999.0,-999.0,-999.0,NIRES091818,none,25.81,21.034,20.34
18,00:17:42.14,+00:37:17.9,22.6011,22.0745,19.735699,18.87875,19.073723,19.142057,6.200504550933839,7.203081596374512,-999.0,-999.0,-999.0,0,none,22.79,20.039,19.41
10,00:11:39.70,-00:10:25.3,23.1258,22.328,19.460985,18.569656,17.359503,16.895254,5.177803024291992,3.7071301231384277,-999.0,-999.0,-999.0,0,none,23.492,21.464,20.88
152,22:48:06.28,+00:33:11.1,24.4809,22.7865,19.783106,18.818525,17.339958,17.265293,3.467201728820801,4.443120105743408,-999.0,-999.0,0.88,Gemini,QSO,24.976,21.468,20.731
124,22:22:43.35,-00:29:56.1,22.657,21.3166,19.198795,18.372616,18.937078,18.852842,3.8994913558959965,3.587950126647949,-999.0,-999.0,-999.0,0,none,25.677,20.612,20.003
164,22:58:52.53,+00:18:39.8,23.1365,21.7715,19.874706,18.649614,18.929468,18.889223,6.699702186584473,3.8033109283447266,-999.0,-999.0,-999.0,NIRES092218,none,23.085,20.835,20.175
201,23:30:54.91,+00:56:56.9,23.3269,21.59,19.866182,18.762281,18.960617,18.887865,6.217754322052002,5.991155261993408,-999.0,-999.0,-999.0,0,none,24.281,20.959,22.592
203,23:33:07.40,+00:55:06.4,22.8613,21.6184,20.108574,18.839222,18.514269,18.550991,4.4786649971008305,5.934701499938965,-999.0,-999.0,-999.0,0,none,26.78,20.535,19.832
150,22:46:26.06,+00:48:08.5,22.9831,21.2728,19.64929,18.640886,18.932909,18.851236,4.725650253295899,5.120565250396729,-999.0,-999.0,999.0,NIRES092218,?,24.265,20.583,19.913
196,23:28:01.96,-00:28:22.1,22.1886,20.7876,19.21418,17.895296,16.86127,16.672306,6.251731189727783,5.233472774505615,-999.0,-999.0,-999.0,0,none,23.67,20.263,19.915
112,22:14:38.06,+00:49:09.2,22.4646,21.082,19.31235,17.994434,18.144482,18.041004,6.960016777038574,5.772919750213624,-999.0,-999.0,999.0,TSPEC082818,??,25.06,20.359,19.749
4,00:00:32.18,+00:41:42.1,23.4021,21.9563,19.740633,18.790592,18.524115,18.444016,4.812683120727539,4.537471172332764,-999.0,-999.0,-999.0,0,none,24.722,20.941,20.096
200,23:30:49.95,+00:50:20.9,23.5168,21.3072,19.65708,18.608528,18.662817,18.742205,4.459063190460205,7.534224632263184,-999.0,-999.0,-999.0,NIRES092318,none,23.298,20.826,19.991
191,23:26:07.59,+00:17:49.1,22.4975,21.6561,19.706724,18.870152,18.078615,18.154795,3.9870468978881837,3.9162184524536134,-999.0,-999.0,999.0,NIRES091818,??,23.296,20.536,20.036
237,23:56:46.43,-00:56:22.2,23.693,22.7535,19.689388,18.623104,17.578903,17.09441,4.430574783325196,3.396634620666504,-999.0,-999.0,0.876,Gemini,QSO,24.052,21.307,20.864
127,22:24:20.46,+00:50:38.2,23.1191,21.7748,19.261927,17.068174,18.27231,17.830782,,5.072997333526612,-999.0,-999.0,-999.0,0,none,,,
25,00:21:32.72,+00:43:38.3,22.6211,21.2211,19.563522,18.48406,17.640324,17.274273,5.915884082794189,5.352652770996094,-999.0,-999.0,-999.0,0,none,23.162,20.226,19.604
95,02:18:13.61,+00:13:26.3,22.4433,20.9345,19.42382,18.112679,18.356007,18.29546,3.648585662841797,5.4509246520996095,-999.0,-999.0,2.181,TSPEC082818,QSO,22.038,20.519,19.69
131,22:25:21.99,-00:19:46.3,23.1917,21.464,19.880795,18.812025,19.084314,19.134626,5.521230045318604,5.2501998710632325,-999.0,-999.0,-999.0,0,none,24.356,20.824,20.521
81,02:02:21.07,-00:30:40.4,22.1663,20.5981,18.963036,17.929186,17.917034,17.790567,5.861782356262207,6.278912910461426,-999.0,-999.0,999.0,TSPEC082718,??,23.168,19.627,19.281
76,01:59:10.14,+01:01:26.5,22.8906,21.6125,19.465324,18.71226,18.106535,18.053753,3.284772445678711,4.4104499244689945,-999.0,-999.0,999.0,NIRES091818,??,24.065,20.548,19.964
20,00:17:55.84,+00:50:47.5,23.1346,21.6043,19.58175,18.624626,19.282793,19.323788,5.655830451965333,4.317667636871338,-999.0,-999.0,999.0,NIRES080418_0922,?,,,
189,23:25:33.45,+00:56:58.8,23.8279,22.9265,19.509106,18.765951,17.742996,17.029814,3.4860195236206057,6.200766265869141,-999.0,-999.0,1.569,Gemini,QSO,23.734,21.805,21.051
206,23:37:07.75,-00:11:45.4,23.324,21.6017,20.00307,18.724482,18.995108,19.043505,4.602810779571533,4.401302742004395,-999.0,-999.0,-999.0,0,none,22.218,20.724,19.952
172,23:06:33.75,-00:19:49.4,22.8103,21.3927,19.823763,18.672869,18.515001,18.582495,5.854463779449463,5.918236118316651,-999.0,-999.0,-999.0,0,none,24.715,20.637,19.913
105,22:10:00.83,+00:11:47.2,23.4526,21.524,19.823439,18.72413,18.952425,19.051607,5.864134391784669,6.2875377960205086,-999.0,-999.0,999.0,NIRES080218,??,23.263,20.717,20.393
79,02:00:00.35,-00:25:18.6,22.7116,21.4309,19.648737,18.807434,18.86826,18.902428,4.897363952636719,5.32547142791748,-999.0,-999.0,-999.0,0,none,26.162,20.851,19.933
219,23:46:42.13,+00:12:07.3,22.3867,21.927,19.42613,18.419031,18.601303,18.698864,4.380393871307374,6.145096515655518,-999.0,-999.0,-999.0,Gemini18B,??,,,
186,23:23:39.28,-00:22:11.4,22.5997,21.5122,19.623615,18.478287,17.814896,17.756956,4.276372192382813,4.315576183319092,0.92,-999.0,-999.0,0,none,24.225,20.961,19.97
43,00:41:29.50,+00:08:01.0,22.945,21.3517,19.558575,18.608295,18.639807,18.708858,5.62028556060791,4.547664081573487,-999.0,-999.0,2.1?,NIRES080418_0922,QSO?,24.674,20.487,19.731
56,01:47:12.37,+00:44:53.4,22.9546,21.197,19.533281,18.521955,18.486404,18.569769,6.5444542465209965,7.484827354431153,-999.0,-999.0,-999.0,Gemini18B,none,,,
178,23:14:39.55,+00:38:14.1,21.6501,20.5894,18.42292,17.622385,17.894796,17.841461,5.443083023071289,5.18538256072998,-999.0,-999.0,999.0,TSPEC083018,??,22.941,18.999,18.572
48,00:49:55.39,-00:47:11.9,23.137,21.459,19.792374,18.75854,18.96958,19.012737,4.462199237823486,4.58948182296753,-999.0,-999.0,-999.0,0,none,25.126,20.814,20.513
220,23:46:48.35,+00:49:20.4,22.5014,21.4157,19.813034,18.698067,18.08767,18.115824,10.609125114440918,9.62850228881836,-999.0,-999.0,-999.0,NIRES092318,none,22.681,20.422,20.088
132,22:26:21.82,-00:25:59.7,23.7838,21.656,19.480682,18.765566,18.705353,18.568567,3.876491409301758,5.333050964355469,-999.0,-999.0,-999.0,0,none,24.883,20.413,19.608
51,00:50:48.70,+00:27:23.6,21.8593,21.2488,19.534382,18.31422,16.821789,16.27835,5.344289600372314,4.056307319641114,1.0799999,0.71,-999.0,0,none,22.137,20.432,19.813
145,22:42:53.04,+00:53:30.5,23.0533,21.509,20.008501,18.817123,18.352617,18.161888,4.104658870697022,3.989399311065674,-999.0,-999.0,-999.0,0,none,23.184,20.398,19.519
133,22:26:26.09,-00:13:27.8,22.5786,21.3126,19.613358,18.698317,18.576996,18.527761,3.605983909606934,3.326590187072754,-999.0,-999.0,999.0,NIRES080318,?,23.107,20.368,19.955
102,02:22:52.91,-00:43:52.2,22.366,21.4493,19.633734,18.819748,17.858881,17.660727,6.013893871307373,6.141959712982178,-999.0,-999.0,-999.0,0,none,23.641,20.519,19.935
55,00:54:26.80,+00:14:38.8,21.9034,20.5287,18.972878,17.761864,17.752895,17.750784,5.5606957511901856,5.220927452087403,1.02,0.75,999.0,TSPEC082718,??,22.421,19.867,19.512
13,00:14:53.85,+00:40:01.2,22.8729,21.6203,19.468552,18.389635,17.401804,16.856028,5.219359050750732,3.32240841293335,-999.0,-999.0,-999.0,0,none,24.492,20.593,20.204
167,23:01:59.80,+00:14:27.6,22.9114,21.6928,19.844791,18.746202,18.95189,19.03635,4.871489295959472,6.184039169311523,-999.0,-999.0,999.0,NIRES080218,?,,,
80,02:02:14.29,-00:17:48.4,21.8464,21.402,19.581646,18.770527,17.991934,18.009,4.18228284072876,3.7259482955932617,67.49,37.32,-999.0,0,none,22.994,20.746,20.141
36,00:30:04.97,+00:25:01.2,22.997,22.1429,19.30157,18.00772,17.517044,16.839203,4.942317741394043,9.212417839050293,-999.0,-999.0,-999.0,0,none,23.082,21.415,20.571
238,23:57:38.45,+00:45:41.5,24.2575,22.233,20.153868,18.63258,17.57046,17.1792,4.177317054748535,3.467201728820801,-999.0,-999.0,0.467,Gemini,QSO/AGN,23.265,21.211,20.569
110,22:12:55.27,+00:01:08.2,23.321,22.5719,20.233511,18.842813,17.56702,16.81474,4.087670436859131,3.5309733123779297,1.1,0.53,1.522,NIRES091818,QSO,22.371,21.337,21.064
239,23:58:39.99,-00:48:57.7,23.1612,21.356,19.708775,18.689625,18.879488,18.875639,8.057205848693847,6.028007217407227,-999.0,-999.0,-999.0,0,none,25.807,20.331,19.857
233,23:54:46.84,-00:44:17.6,22.8219,22.169,20.110823,18.31124,16.67346,16.039476,4.78811515045166,3.341226585388184,-999.0,-999.0,?,Gemini,QSO,25.208,21.154,20.442
37,00:30:30.88,-00:34:22.4,22.7951,21.4104,19.41549,18.311056,17.27934,16.989735,7.020652313232422,7.197854095458985,7.81,-999.0,-999.0,0,none,25.125,20.241,19.773
33,00:25:51.87,+00:21:13.9,22.5651,21.1335,19.519297,18.423338,18.573938,18.621902,5.342198146820069,5.1631666259765625,-999.0,-999.0,-999.0,0,none,23.312,20.382,20.149
23,00:20:54.03,+00:13:31.0,23.2039,21.5391,19.671373,18.602667,19.037373,18.97446,5.445174476623535,4.528845909118653,-999.0,-999.0,999.0,NIRES080418_0922,?,24.012,20.775,20.365
139,22:32:53.43,-00:53:39.8,23.0978,21.7016,20.08417,18.798594,18.93794,18.999502,5.650341613769531,5.227199924468994,-999.0,-999.0,-999.0,NIRES091818,none,25.175,20.667,22.078
32,00:24:58.30,+00:30:00.1,23.4141,22.1628,19.716919,18.792313,18.128263,17.662277,3.149649364471436,2.7913249855041506,-999.0,-999.0,-999.0,0,none,23.524,21.379,20.426
17,00:17:32.34,-00:04:45.3,23.3359,21.9261,19.435913,18.540066,17.72955,17.802277,7.096446922302246,5.243143386840821,-999.0,-999.0,-999.0,Gemini18B,none,23.904,20.788,19.913
116,22:18:05.21,-00:32:07.0,22.8613,21.1197,19.534903,18.430433,18.840542,18.86857,7.127286987304688,5.860736629486084,-999.0,-999.0,-999.0,Gemini18B,??,25.885,20.391,19.726
227,23:49:46.64,+00:04:58.2,23.916,22.1409,19.628986,18.879122,17.924667,18.002878,7.272080680847169,5.620547275543213,-999.0,-999.0,-999.0,0,none,24.52,20.736,19.736
128,22:24:20.46,+00:50:38.2,23.1191,21.7331,19.261927,17.068174,18.27231,17.830782,4.281076641082764,,-999.0,-999.0,-999.0,0,none,,,
163,22:56:40.07,-00:53:15.9,23.3758,21.4325,19.669353,18.797338,19.283978,19.277096,4.993805717468262,5.603035789489747,-999.0,-999.0,-999.0,Gemini,none,24.292,21.015,20.306
38,00:34:44.86,-00:48:56.2,22.9673,21.5015,19.727467,18.213379,17.300392,16.852503,3.6883127059936527,3.4520430335998538,-999.0,-999.0,-999.0,0,none,24.959,20.649,20.006
19,00:17:48.72,-00:14:51.5,22.6335,21.3365,19.661568,18.533945,18.027304,18.096281,5.301948806762695,5.078486171722412,-999.0,-999.0,-999.0,0,none,25.489,20.342,19.921
212,23:40:15.28,-00:10:33.7,21.7893,21.3575,19.04834,17.986286,17.640783,17.40266,6.271071659088135,5.134940311431885,4.81,-999.0,-999.0,0,none,22.986,20.683,20.078
188,23:24:31.24,+00:43:17.3,22.8844,21.4918,19.943657,18.828064,19.434258,19.292433,5.428447002410889,4.599936447143555,-999.0,-999.0,-999.0,0,none,22.88,21.048,20.47
63,01:52:52.36,+00:25:08.0,22.7449,21.1878,19.34337,18.539125,18.166182,18.034271,,,-999.0,-999.0,-999.0,0,none,24.484,20.534,20.024
190,23:26:03.07,+00:45:33.4,22.7989,21.0463,19.06826,18.087446,17.383953,17.210388,8.44454168701172,7.967036933898926,-999.0,-999.0,-999.0,0,none,24.099,20.257,19.528
166,23:00:57.18,+00:03:07.5,22.7111,22.5785,19.406677,18.01242,17.048405,16.385134,5.702874938964844,3.5495301475524905,-999.0,-999.0,2,TSPEC082918,QSO?,22.225,22.06,20.003
165,23:00:34.41,-00:16:18.2,23.1933,22.0836,19.83673,18.325249,17.09672,16.57262,4.863909381866455,4.549232105255127,-999.0,-999.0,-999.0,0,none,23.666,21.477,20.386
226,23:49:20.89,+00:01:44.5,23.6576,22.1485,19.63071,18.885256,18.376717,18.006044,3.3819986000061038,3.3307719612121582,-999.0,-999.0,-999.0,0,none,25.912,21.026,20.566
70,01:57:17.03,-00:42:59.1,23.0052,21.752,19.505253,18.617168,17.698195,17.794424,7.150025596618653,6.049961437225342,-999.0,-999.0,-999.0,NIRES092218,none,22.868,20.737,20.454
198,23:30:05.56,-01:03:50.4,23.675,21.6209,19.594645,18.886896,19.085066,19.128284,3.796515403747559,4.2246232566833495,-999.0,-999.0,-999.0,0,none,22.738,20.305,19.665
232,23:54:44.62,+00:39:54.4,23.0312,22.0909,19.848028,18.853582,17.807272,17.680412,4.764592529296875,5.3029945335388184,-999.0,-999.0,-999.0,0,none,24.916,21.635,20.184
242,23:59:19.39,+00:05:31.7,23.0784,21.6486,19.888184,18.824001,18.114698,17.913889,3.4366226234436037,3.7612318496704105,-999.0,-999.0,-999.0,0,none,22.965,20.645,20.14
229,23:51:25.29,-00:06:12.4,23.3304,22.4066,19.302832,18.310598,18.078878,17.900877,4.28081530380249,2.6554177036285402,-999.0,-999.0,-999.0,0,none,25.541,21.911,21.689
151,22:47:00.72,+00:43:39.9,22.9215,21.1824,19.308329,18.34663,18.65688,18.689234,4.56334582901001,5.043202617645264,-999.0,-999.0,-999.0,0,none,25.372,20.159,19.669
195,23:27:38.81,-00:20:26.7,22.1651,20.923,19.394022,18.17455,17.603346,17.259592,4.683309837341309,4.0813979644775396,-999.0,-999.0,-999.0,0,none,22.289,20.241,19.75
199,23:30:27.35,-00:41:00.8,23.2681,22.2314,19.529284,17.825876,16.126738,15.644488,3.914127376556397,5.229029663085938,-999.0,-999.0,-999.0,0,none,22.438,21.59,20.77
146,22:44:24.48,+00:38:14.0,22.8212,21.7656,19.700924,18.680605,19.067896,19.115528,3.6548585128784183,4.500619216918945,-999.0,-999.0,0,NIRES092218,star,21.856,19.746,19.322
85,02:05:03.70,-00:03:25.4,22.6001,21.6243,19.601007,18.88011,18.199638,17.766153,4.121124629974365,3.288954219818115,26.39,19.23,-999.0,0,none,23.421,20.735,20.416
108,22:12:25.31,-00:19:07.9,23.2905,21.5276,19.958334,18.779768,18.910446,18.82611,3.852969165802002,5.054963550567627,-999.0,-999.0,999.0,NIRES080218,??,24.559,20.936,20.743
83,02:04:28.27,+00:29:13.4,23.1015,21.9574,19.898903,18.881916,18.236177,18.039913,3.8550598640441898,3.5064060974121096,-999.0,-999.0,-999.0,0,none,24.231,21.304,20.653
65,01:54:00.58,+00:31:12.6,24.8057,23.7166,19.977674,18.204708,20.090279,20.055918,3.5709616928100587,3.1896373672485354,-999.0,-999.0,-999.0,Gemini,none,25.206,23.542,21.92
60,01:50:57.64,+00:33:43.0,22.7847,21.6376,19.890991,18.848858,18.083433,17.689007,4.6373106994628905,4.882204879760742,-999.0,-999.0,-999.0,0,none,23.554,20.516,19.988
109,22:12:54.72,-00:49:52.2,22.3034,22.9673,19.577742,18.63762,18.80808,18.855581,4.758581394195557,5.207859455108643,-999.0,-999.0,-999.0,NIRES080318,weak-det,25.752,20.149,19.632
214,23:41:46.54,-00:38:08.5,22.6612,21.3805,19.833729,18.774496,18.641905,18.64007,5.88582727432251,5.014975547790527,-999.0,-999.0,-999.0,0,none,,,
89,02:08:19.54,+00:52:57.8,22.9257,21.3742,19.66052,18.679695,17.81442,17.863415,4.271667743682862,6.511000053405762,-999.0,-999.0,2.055,NIRES092318,QSO?,21.957,19.868,19.744
97,02:18:32.57,+00:51:49.2,22.9512,21.3784,19.680748,18.73362,18.618752,18.715855,7.383158843994141,8.153387031555177,-999.0,-999.0,999.0,NIRES092218,?,24.927,21.344,21.541
230,23:51:34.41,+00:38:14.5,22.654,21.7743,19.58326,18.864212,19.024065,18.900663,7.687643211364747,6.16757341003418,-999.0,-999.0,-999.0,0,none,22.599,19.973,19.712
41,00:37:53.85,-00:51:52.3,22.1846,21.7524,18.755983,17.356277,15.874057,15.2813,4.490426307678223,4.547664081573487,-999.0,-999.0,0.860,TSPEC082718,QSO,22.123,20.676,19.742
31,00:24:03.57,-00:04:21.8,22.7103,21.4831,19.942816,18.641287,19.234577,18.920824,5.177280349731445,5.661057197570801,-999.0,-999.0,999.0,NIRES080418_0923,?,23.934,20.278,19.988
187,23:24:24.10,-00:51:16.1,22.9224,21.8431,19.901556,18.669817,17.476011,17.172007,3.2534093284606933,4.657434803009034,4.54,-999.0,-999.0,0,none,23.735,21.281,20.043
12,00:14:17.53,+00:46:14.3,23.4829,21.7386,20.134527,18.81685,18.401943,18.482817,4.666844078063965,6.753542953491212,-999.0,-999.0,-999.0,0,none,22.799,20.848,20.024
15,00:15:13.51,-00:32:59.1,22.5644,21.4342,19.459167,18.521544,17.394745,17.093983,5.240790596008301,4.6221516265869145,-999.0,-999.0,0.832,Gemini18B,QSO,23.552,20.38,19.627
168,23:02:14.08,+00:12:02.5,23.4823,21.8817,19.798117,18.749569,17.879591,17.828129,6.790132438659668,6.735247077941895,-999.0,-999.0,999.0,NIRES091818,?,22.575,20.605,19.92
84,02:04:50.82,+00:04:41.0,22.6148,21.0828,19.535616,18.428946,18.410091,18.439005,5.911179256439209,5.5303776054382325,-999.0,-999.0,-999.0,Gemini18B,none,25.34,19.967,19.278
50,00:50:20.57,-00:25:48.4,22.78,21.1146,19.537792,18.449102,18.361729,18.370527,5.232427425384522,4.838296440124512,-999.0,-999.0,-999.0,0,none,23.208,20.289,19.783
6,00:00:46.11,-00:32:03.2,22.7765,21.1863,19.500998,18.531534,18.9445,18.713732,4.504539653778076,4.317667636871338,-999.0,-999.0,-999.0,0,none,22.694,20.523,19.878
52,00:52:04.54,+00:19:52.8,22.1481,20.9057,19.150032,18.090773,17.164408,16.80752,3.6828238677978518,4.052125545501709,-999.0,-999.0,-999.0,0,none,24.767,20.099,19.376
26,00:21:42.95,-00:06:07.2,22.9102,21.4839,19.832794,18.693705,18.775902,18.722273,8.126988945007325,5.427924705505371,-999.0,-999.0,2.1,NIRES092318,QSO,23.542,20.489,19.805
213,23:40:47.19,-00:33:05.1,22.7686,21.1931,19.57212,18.394823,18.40211,18.415436,6.4268426513671875,6.703883583068848,-999.0,-999.0,-999.0,0,none,24.68,20.454,19.805
176,23:10:52.68,-00:38:12.1,22.7125,21.4982,19.782381,18.881065,19.627443,19.593887,5.397083885192871,5.273722492218018,-999.0,-999.0,-999.0,0,none,25.516,20.681,
118,22:19:28.51,+00:57:19.3,22.6611,21.0888,19.292482,18.172895,18.434444,18.312239,4.739763977050782,4.572754726409912,-999.0,0.41,999.0,TSPEC082918,??,22.677,20.538,19.953
106,22:10:36.79,-00:57:17.2,22.1284,20.4083,18.615494,17.727022,17.180386,16.917213,6.67330485534668,8.453950584411622,-999.0,0.31,999.0,TSPEC082818,??,23.005,19.51,18.797
73,01:57:59.67,-00:42:38.6,22.4548,21.1398,19.330526,18.43902,18.770966,18.723246,4.292576614379883,5.534820716857911,-999.0,-999.0,-999.0,Gemini18B,AGN,23.396,20.545,19.881
40,00:36:13.06,-00:52:30.9,23.5897,21.8578,19.822058,18.864023,19.327871,19.262728,5.993507675170899,4.638617385864258,-999.0,-999.0,-999.0,0,none,24.263,20.7,20.033
185,23:23:36.35,+00:12:05.8,23.0964,21.5583,19.858252,18.892618,18.469349,18.516819,3.4708608283996583,4.589220108032227,-999.0,-999.0,-999.0,0,none,25.348,21.797,20.063
45,00:47:16.57,+00:22:49.6,22.5392,21.1434,19.479342,18.47449,18.79018,18.857439,5.271631038665772,3.9873082351684572,-999.0,-999.0,-999.0,Gemini18B,QSO??,25.342,20.305,19.778
135,22:28:35.29,-00:39:35.4,22.8392,21.7639,19.699232,18.732332,17.176493,16.81226,5.050259479522706,6.011279743194581,-999.0,-999.0,-999.0,NIRES092218,none,23.125,21.049,20.104
243,23:59:41.10,-00:06:24.9,21.9948,21.9932,19.903374,18.458908,17.99646,17.593521,4.9815217323303225,3.2408640060424805,-999.0,-999.0,-999.0,Gemini18B,none,23.113,21.747,20.588
39,00:35:34.68,-00:21:06.6,22.7201,21.6114,19.662773,18.798473,18.160852,18.1016,4.201100635528564,3.7803109817504885,-999.0,-999.0,-999.0,0,none,24.896,20.72,20.014
34,00:26:16.07,+00:30:17.1,22.7666,21.6697,20.140182,18.841904,17.98598,17.808239,4.8456142616271975,4.927943058013916,-999.0,-999.0,-999.0,0,none,25.615,20.083,19.415
78,01:59:55.13,-00:51:17.4,23.4811,21.598,20.087072,18.828447,18.016905,17.624575,4.6861845474243164,6.807382965087891,-999.0,-999.0,-999.0,0,none,22.31,20.333,19.96
192,23:26:27.92,-00:51:45.3,22.8124,21.2038,19.69192,18.557207,18.390116,18.451147,6.115823719024658,6.499239120483399,-999.0,-999.0,-999.0,0,none,22.173,20.204,19.677
121,22:20:39.14,+00:03:03.2,23.4369,22.0153,20.005934,18.762663,17.784386,17.775654,7.548598937988282,6.3134120750427245,-999.0,-999.0,-999.0,0,none,21.674,20.019,18.877
202,23:31:33.21,-00:08:15.8,23.0142,21.3127,19.105051,17.942284,16.987457,16.546293,4.363405437469483,3.5503141593933107,-999.0,-999.0,-999.0,0,none,26.222,19.952,19.368
180,23:16:45.59,+00:50:42.7,23.021,21.3233,19.655495,18.586868,18.706934,18.64379,4.780274276733398,5.017327583312989,-999.0,-999.0,-999.0,0,none,25.886,20.678,19.935
5,00:00:35.67,+00:57:16.6,22.5714,21.4646,19.176252,18.133766,17.54958,17.5643,4.633912937164307,3.947581569671631,-999.0,-999.0,-999.0,0,none,23.912,20.691,19.999
236,23:55:45.45,-00:11:21.8,22.4901,22.6377,20.213734,18.047157,17.674706,17.11865,3.339135509490967,3.3213626861572267,25.24,-999.0,2.53,Gemini,QSO,24.651,22.554,21.701
120,22:20:13.89,+00:11:48.0,23.0467,21.4978,19.955538,18.891333,19.3694,19.223328,4.6600485534667975,3.6987669525146485,-999.0,-999.0,1.93?,NIRES092218,QSO?,24.533,20.604,20.15
47,00:48:58.08,-00:15:34.6,24.0693,21.428,19.821133,18.69751,18.420877,18.223461,0.0,14.167803955078126,-999.0,-999.0,999.0,NIRES092318,?,26.21,20.484,19.812
53,00:52:37.69,+00:22:34.7,23.4212,21.7223,19.65363,18.301104,17.348104,17.021675,4.976294609069824,5.207859455108643,-999.0,-999.0,-999.0,0,none,25.068,20.748,20.278
161,22:53:00.94,+00:06:13.2,21.7819,20.8818,18.756773,17.888144,16.709618,16.375813,4.160851295471192,3.8158562507629394,-999.0,0.35,0.820,TSPEC082818,QSO,25.021,19.76,19.743
91,02:10:50.30,+00:09:36.3,23.5632,22.3757,20.576773,18.546062,17.060972,16.695597,3.9776380004882816,3.165592638015747,-999.0,-999.0,0.59,Gemini,QSO/AGN,25.818,21.108,21.51
75,01:59:07.42,-00:00:28.1,22.7116,21.8037,18.999475,18.190443,18.31191,18.279144,6.788564414978028,5.680659381866455,-999.0,-999.0,999.0,TSPEC082918,NL??,23.012,19.629,19.177
223,23:47:46.28,+00:17:18.7,23.0721,21.4338,19.83519,18.58587,19.20618,19.183153,6.643771476745606,6.1628685836792,-999.0,-999.0,-999.0,0,none,25.162,20.706,20.407
88,02:08:15.52,+00:24:20.6,22.1142,21.132,19.566977,18.530066,17.7003,17.527111,5.42165185546875,3.7928563041687013,-999.0,-999.0,0.551,Gemini18B,QSO,23.038,20.373,20.087
175,23:08:31.85,-00:18:43.0,22.3634,20.7532,19.131529,18.049341,18.006533,17.978643,5.426617641448975,5.246018096923828,-999.0,-999.0,999.0,TSPEC082918,??,26.078,20.128,19.587
100,02:20:24.54,+00:20:00.0,24.1987,23.1083,19.858755,18.855892,18.560385,18.136868,4.60411784362793,3.438975036621094,-999.0,-999.0,2.26,Gemini,QSO,25.699,21.397,21.197
181,23:17:37.44,+00:36:09.2,23.462,21.5359,19.866264,18.80444,18.880075,18.975649,4.798308437347412,6.318116901397706,-999.0,-999.0,999.0,NIRES080318,?,22.719,20.382,19.703
204,23:35:48.47,-00:13:58.1,22.9896,21.5389,19.81245,18.87862,18.787828,18.653955,4.457494789123535,4.450437927246094,-999.0,-999.0,-999.0,0,none,24.815,20.971,20.627
170,23:05:04.11,+00:50:12.6,22.6179,21.0459,19.357265,18.364195,18.233847,18.073605,5.600683753967285,4.863387084960937,-999.0,-999.0,-999.0,0,none,25.983,20.438,19.601
42,00:41:15.48,-00:44:31.1,23.6233,21.5817,19.6422,18.842009,19.396353,19.481527,5.147485256195068,6.604567108154297,-999.0,-999.0,-999.0,0,none,23.352,20.403,19.56
197,23:28:11.55,+00:13:16.7,22.5696,21.5636,19.985415,18.857218,18.152271,18.05265,4.5764138259887694,5.619240211486817,-999.0,-999.0,-999.0,0,none,25.82,20.754,20.204
179,23:15:42.01,+00:13:04.0,22.5182,21.826,19.542757,18.647974,17.687464,17.762646,5.1819847984313965,6.271071659088135,-999.0,-999.0,999.0,NIRES091818,?,21.886,20.241,19.921
35,00:26:37.47,-00:23:22.8,22.5556,21.7125,19.535555,18.810768,18.466146,18.51755,5.373561641693115,4.546880069732667,-999.0,-999.0,-999.0,0,none,24.072,20.912,19.73
99,02:20:16.96,-00:29:16.5,22.9192,21.5821,20.02377,18.86577,19.209831,19.1034,5.047906688690186,5.294891944885254,-999.0,-999.0,-999.0,0,none,25.503,21.001,20.716
44,00:47:06.73,-00:49:54.6,22.4349,21.445,19.672117,18.818233,19.134884,19.119205,3.7217665214538576,4.024944202423096,-999.0,-999.0,-999.0,0,none,,,
153,22:49:00.14,-00:18:04.3,23.9491,21.6459,19.870897,18.817608,18.98873,18.921543,4.700559608459473,7.371920585632324,-999.0,-999.0,-999.0,0,none,24.957,21.766,21.462
59,01:50:32.51,+00:58:34.5,22.3923,21.8449,19.753225,18.826435,18.119349,17.587133,3.3119541664123537,3.245046157836914,-999.0,-999.0,-999.0,0,none,23.177,20.742,20.407
129,22:25:10.73,+00:37:25.0,22.4233,21.0541,19.360802,17.154995,20.263508,20.360723,4.223577907562256,3.3830439491271975,-999.0,-999.0,-999.0,0,none,24.638,20.232,19.833
241,23:59:05.67,-00:17:38.2,23.0456,21.4479,19.723139,18.637936,19.01207,18.926954,4.3986886138916015,4.104397911071778,-999.0,-999.0,-999.0,NIRES092218,none,22.999,20.758,20.515
221,23:46:51.15,+00:50:37.0,22.4964,21.4684,19.481907,18.613375,17.799837,17.882986,4.678605388641357,5.165519416809082,-999.0,-999.0,.866,NIRES080318,QSO,22.651,20.459,19.714
225,23:49:11.85,-00:13:00.8,22.8922,21.497,19.51373,18.746956,19.407831,19.131176,4.35164412689209,3.6694945335388187,-999.0,-999.0,-999.0,0,none,23.873,20.839,19.998
107,22:11:30.28,-00:49:53.2,22.2006,21.1637,19.185528,18.322132,18.5239,18.499638,5.410151882171631,6.666248748779298,-999.0,-999.0,-999.0,0,none,26.402,19.405,19.117
14,00:15:11.16,+00:46:17.2,22.7267,21.7316,19.629282,18.54679,17.985064,17.977507,6.769223945617676,5.5771611328125,-999.0,-999.0,-999.0,Gemini18B,none,24.859,20.839,20.028
144,22:42:39.82,-00:38:47.7,23.4932,22.0036,19.875326,18.172308,17.212803,16.93403,5.351346462249756,5.8821681747436525,1.34,0.83,0.61,Gemini,NLAGN,25.026,21.479,21.437
228,23:51:03.46,-00:13:38.9,23.2486,22.1326,20.11738,18.899805,18.02873,18.040573,4.067022903442383,3.989399311065674,-999.0,-999.0,-999.0,0,none,22.699,20.742,20.256
210,23:39:23.31,+00:38:19.9,23.08,21.3445,19.843487,18.616552,18.704168,18.59565,6.77340609741211,6.1887436180114745,-999.0,-999.0,999.0,NIRES092318,?,23.411,20.346,19.453
61,01:51:12.70,-00:41:59.3,23.1224,21.4989,19.827023,18.819948,18.81853,18.772259,3.941309097290039,5.710715812683106,-999.0,-999.0,-999.0,0,none,25.671,20.375,19.907
28,00:22:45.11,+00:25:00.8,22.4254,21.3845,19.575296,18.56883,17.666836,17.54623,5.467651371002198,5.614013088226319,-999.0,-999.0,-999.0,0,none,23.221,20.267,19.78
72,01:57:26.77,-00:09:38.7,22.6741,21.3599,19.746346,18.470629,18.689508,18.614697,6.912971534729004,5.520706993103028,-999.0,-999.0,-999.0,Gemini18B,none,25.554,20.79,20.076
142,22:38:54.51,-00:46:48.6,23.318,21.6493,19.63393,18.777521,18.080412,18.011179,5.6665460357666015,5.508946060180664,-999.0,-999.0,-999.0,NIRES080318,weak-det,23.773,19.755,19.109
98,02:19:24.01,+00:09:31.6,23.3084,21.7237,20.20349,18.886705,18.14731,18.209833,7.166491355895997,7.216149971008301,-999.0,-999.0,-999.0,0,none,23.8,20.688,19.963
154,22:49:25.58,+00:40:31.8,23.8438,21.9546,19.999817,18.897232,18.730165,18.808495,4.407313877105713,5.161859939575195,-999.0,-999.0,-999.0,0,none,23.193,20.122,19.872
137,22:31:40.36,+00:26:24.3,22.9179,21.5276,19.536808,18.790472,17.990324,17.861074,3.2513182525634767,3.5900412025451662,-999.0,-999.0,-999.0,0,none,25.076,20.321,19.827
87,02:07:09.82,+01:00:00.0,22.8359,21.5775,20.065105,18.785833,17.80008,17.530842,5.736851806640625,5.673602897644043,-999.0,-999.0,0.614,NIRES092318,QSO,22.63,20.804,20.519
173,23:07:07.46,-00:22:37.4,22.9015,21.4061,19.835749,18.801311,19.03053,18.933851,4.909124507904053,5.471310092926026,-999.0,-999.0,-999.0,0,none,,,
101,02:20:52.74,+00:12:32.2,22.6398,21.2897,19.590958,18.388466,17.174377,16.862614,7.695745422363282,7.908753433227539,-999.0,-999.0,-999.0,0,none,23.382,20.152,19.51
134,22:27:59.75,+00:37:08.4,22.3075,21.0265,19.264458,18.350256,18.041807,18.13056,5.031179969787598,4.441029407501221,-999.0,-999.0,-999.0,0,none,22.197,20.237,19.643
143,22:40:30.68,-00:54:20.0,23.6087,21.538,19.724396,18.710655,18.534485,18.585701,5.610092273712159,7.3389883117675785,-999.0,-999.0,0,NIRES092218,star,26.129,21.235,20.564
68,01:56:24.81,-00:14:58.7,22.6757,22.2178,19.703093,18.6483,17.489199,16.820826,3.8365034065246584,3.7217665214538576,-999.0,-999.0,1.528,NIRES080418_0922,QSO,23.342,21.16,20.355
119,22:19:31.16,+00:26:29.8,22.5225,20.9277,19.205976,18.257269,18.544968,18.419746,4.98204440689087,5.1937461090087895,-999.0,-999.0,999.0,TSPEC083018,??,24.371,20.213,20.361
54,00:53:12.69,+00:00:28.5,21.026,20.8156,18.985386,18.093754,18.002626,18.075323,6.851814079284669,6.870631874084473,-999.0,-999.0,-999.0,0,none,21.943,18.967,18.563
8,00:03:35.28,-00:51:11.5,22.7775,21.6727,19.68032,18.82614,18.495144,18.555216,4.977339580535889,4.570402313232422,-999.0,-999.0,-999.0,0,none,22.421,20.545,19.892
235,23:55:36.85,-00:16:00.1,22.1121,21.2792,19.534441,18.671068,18.602219,18.268713,4.342757904052735,4.107011283874512,-999.0,-999.0,-999.0,0,none,23.448,20.473,19.669
148,22:44:42.43,+00:13:55.8,23.5527,21.8584,19.961582,18.726618,17.940624,18.015509,8.357246726989747,5.901508266448975,-999.0,-999.0,999.0,NIRES092218,?,26.752,20.603,19.909
69,01:56:54.09,-00:16:59.1,23.359,22.0483,19.548601,18.845137,17.718231,17.39633,3.6600856361389162,3.544041687011719,-999.0,-999.0,-999.0,0,none,23.685,21.078,20.378
103,22:06:27.64,+00:33:32.0,22.9048,21.2536,19.728151,18.629257,18.134697,18.218039,6.598817687988282,6.079233478546143,-999.0,-999.0,999.0,NIRES080218,??,24.117,20.127,19.516
157,22:50:48.71,-00:28:18.2,22.6612,21.377,19.73506,18.711393,19.144758,18.869888,7.723188102722168,4.791512912750244,-999.0,-999.0,999.0,NIRES092218,?,25.712,20.615,19.892
111,22:14:33.20,-00:33:55.9,23.0674,21.4581,19.703657,18.550323,18.480854,18.491678,6.247288455963135,6.358104904174805,-999.0,-999.0,-999.0,Gemini,??,27.153,20.489,20.909
113,22:15:46.88,-01:01:21.2,23.2509,21.4481,19.943037,18.72312,18.765358,18.647976,6.715906608581543,6.170709835052491,-999.0,-999.0,-999.0,0,none,25.269,20.988,20.326
193,23:27:08.60,-00:24:57.4,23.2947,21.5335,19.628942,18.893177,19.144272,19.218428,5.678307346343995,6.193447689056397,-999.0,-999.0,-999.0,0,none,26.593,20.12,19.821
231,23:54:13.88,-00:59:47.8,23.747,21.9869,20.294317,18.862354,18.756699,18.797974,3.5307123527526856,6.250163166046143,-999.0,-999.0,-999.0,Gemini,none,22.895,20.349,19.68
174,23:07:10.93,+00:49:22.5,23.7588,21.8108,20.15876,18.586742,18.616959,18.658789,6.445660446166992,7.014902137756348,-999.0,-999.0,-999.0,Gemini18B,??,24.349,20.435,20.43
218,23:45:42.89,-00:18:06.5,23.4904,21.5446,20.01014,18.768414,18.729773,18.819674,4.069375316619873,5.35003902053833,-999.0,-999.0,-999.0,0,none,25.15,20.56,19.968
158,22:51:06.19,-00:35:09.2,23.2218,21.4543,19.675415,18.644983,18.759281,18.759615,9.889862983703614,4.810331085205078,-999.0,-999.0,-999.0,NIRES092218,none,25.488,20.618,19.723
96,02:18:22.69,+00:25:38.8,22.0105,21.4954,19.616907,18.607805,19.080065,19.137821,6.565101402282715,5.879554801940918,-999.0,-999.0,999.0,NIRES092218,?,23.706,19.922,19.457
3,00:00:16.67,+00:05:22.5,23.3576,21.6781,19.708937,18.771132,18.017138,17.556839,5.721170059204102,6.595680885314942,-999.0,-999.0,999.0,NIRES080218,?,24.172,20.331,19.949
82,02:03:36.57,+00:41:51.7,22.9165,21.3897,19.685446,18.74491,19.061583,19.056417,4.135237976074219,4.223577907562256,-999.0,-999.0,-999.0,NIRES092218,none,24.393,20.634,19.948
209,23:38:19.14,+00:25:37.5,22.7039,21.4185,19.545547,18.476404,18.622126,18.66442,3.9538544197082524,4.991453304290772,-999.0,-999.0,-999.0,Gemini18B,none,26.351,20.393,19.806
92,02:13:45.44,+00:24:36.4,23.3875,23.2332,19.695654,18.355148,17.307598,16.699816,4.189339702606201,4.37777974319458,1.36,1.09,-999.0,0,none,26.354,21.735,21.519
77,01:59:33.91,+00:22:30.6,23.6137,21.6956,19.909418,18.669964,18.890892,18.727045,5.56174072265625,4.871489295959472,-999.0,-999.0,999.0,NIRES092318,?,25.042,21.149,19.92
162,22:55:30.02,-00:39:06.6,22.9867,21.2927,19.713392,18.670637,18.865507,18.671917,4.8456142616271975,5.196098522186279,-999.0,-999.0,999.0,NIRES091818,?,23.585,20.517,19.89
22,00:19:53.94,+00:32:02.7,23.6121,21.4346,19.424898,18.715292,18.622532,18.253471,3.2413866806030276,3.0610484733581544,-999.0,-999.0,-999.0,0,none,23.157,20.176,19.309
217,23:44:18.71,-00:36:09.6,23.5552,22.2729,20.008617,18.816364,18.055857,18.073925,4.292315654754639,4.104658870697022,-999.0,-999.0,-999.0,0,none,25.279,21.211,20.433
93,02:16:26.11,-00:13:01.0,22.4859,21.6544,19.642962,18.694187,18.135307,17.726,3.996455795288086,3.263863952636719,-999.0,-999.0,999.0,NIRES092318,?,23.732,,
183,23:22:10.18,-00:14:50.2,22.9699,21.3655,19.660084,18.333895,18.217361,18.272192,5.195053173065186,4.885602264404297,-999.0,-999.0,-999.0,0,none,22.722,20.621,20.321
7,00:02:16.11,+00:37:17.9,22.115,22.3845,19.731567,18.790096,18.9538,18.83985,9.14132805633545,6.2263795852661135,-999.0,-999.0,-999.0,0,none,,,
27,00:22:24.45,+00:52:00.9,23.1784,21.6555,19.605831,18.59778,19.033134,18.982973,4.010569519042969,4.325769470214844,-999.0,-999.0,-999.0,0,none,24.006,21.156,20.498
147,22:44:30.21,+00:32:31.2,23.3099,21.7897,19.615976,18.8566,17.827799,17.109653,2.966174732208252,2.987867614746094,-999.0,-999.0,-999.0,0,none,23.982,20.803,20.233
86,02:05:25.48,+01:02:07.6,22.4725,21.5082,19.950455,18.821999,17.087954,16.438395,5.7159433135986335,5.751226867675782,95.87,68.43,-999.0,0,none,22.787,21.007,19.84
58,01:50:04.17,-00:48:54.6,22.9078,21.7119,19.672216,18.832945,18.857979,18.336483,3.7753451957702637,3.008776485443115,-999.0,-999.0,-999.0,0,none,25.299,21.022,19.927
21,00:19:49.63,+00:41:16.5,21.9286,21.0621,19.548784,18.11601,16.779903,16.25257,6.330138793945313,7.30605754852295,-999.0,-999.0,-999.0,0,none,,,
149,22:45:30.70,+00:00:48.1,23.1277,21.7985,20.037848,18.781353,17.91845,17.8081,4.782888027191162,4.706832080841065,-999.0,-999.0,-999.0,0,none,24.904,21.259,20.598
94,02:17:08.72,+00:19:29.2,23.3835,21.6818,19.951826,18.865675,18.773642,18.806326,11.441296279907228,8.415792320251466,-999.0,-999.0,-999.0,0,none,27.108,20.83,20.369
156,22:50:18.05,-00:12:12.5,22.4923,20.868,19.175581,18.219614,18.58247,18.631426,6.280480934143067,5.896281520843506,-999.0,-999.0,999.0,TSPEC083018,??,22.668,20.077,19.446
138,22:32:29.33,+00:52:16.1,24.5428,22.4393,19.513147,18.722,17.447687,16.908815,2.4902381916046146,2.749507432937622,-999.0,-999.0,1.374,Gemini,QSO,24.959,21.052,20.443
155,22:50:17.18,+00:41:53.0,22.3299,21.221,19.523342,18.447979,17.709066,17.595415,4.368109886169433,4.112761081695557,-999.0,-999.0,-999.0,0,none,23.589,20.463,20.059
169,23:03:30.54,-00:21:55.6,23.1977,21.3927,19.336523,18.465664,17.904568,17.980604,4.068068252563477,3.640222492218018,-999.0,-999.0,-999.0,0,none,22.583,20.533,20.114
159,22:51:13.12,-00:45:55.8,22.8015,21.309,19.41985,18.704971,18.505428,18.58494,4.620844562530518,4.462199237823486,-999.0,-999.0,-999.0,NIRES092218,none,23.399,20.073,19.583
222,23:46:58.42,-00:38:06.5,23.2825,22.2705,19.330584,17.262726,15.530456,14.790944,5.241051933288574,4.667889427185059,-999.0,-999.0,-999.0,0,none,25.211,21.078,20.088
122,22:22:15.16,+00:38:47.0,23.0037,21.3099,19.6581,18.424793,18.299309,18.373543,5.19374573135376,6.962630905151368,-999.0,-999.0,-999.0,0,none,24.634,20.599,19.677
114,22:16:19.55,-00:49:09.0,23.3471,21.4086,19.533133,18.320763,18.241446,18.321165,5.611922012329102,6.301650764465332,-999.0,-999.0,-999.0,0,none,25.436,20.643,19.877
46,00:48:38.76,+00:16:49.0,21.9223,21.5359,19.552826,18.81935,18.422325,18.116707,4.884295955657959,4.668935153961182,-999.0,-999.0,-999.0,0,none,23.112,21.066,20.919
117,22:18:33.98,-00:31:41.9,22.6182,21.5453,19.909595,18.715322,17.99036,17.7839,7.57944051361084,5.316062530517578,-999.0,2.235,-999.0,NIRES092218,QSO?,24.457,19.08,18.31
66,01:55:32.45,+00:00:27.4,22.0488,21.0772,19.253906,18.28835,18.618723,18.49646,5.97207612991333,4.798569774627686,-999.0,-999.0,-999.0,0,none,23.003,19.999,19.499
115,22:17:07.76,+00:09:24.5,22.9335,21.0136,19.458551,18.305244,18.29643,18.372522,4.77347912979126,6.5556925048828125,-999.0,-999.0,-999.0,0,none,22.687,20.261,19.694
90,02:09:30.43,+00:24:00.3,23.0074,21.3728,19.523605,18.196886,17.13543,16.662699,3.6694941558837892,4.165033069610596,-999.0,-999.0,999.0,TSPEC083018,??,23.303,20.213,19.606
215,23:43:12.41,+00:02:16.8,23.1499,21.4187,19.694263,18.549038,18.228247,18.035093,4.464551651000977,4.7280022888183595,-999.0,-999.0,0.415?,Gemini18B,AGN,25.396,20.881,19.985
177,23:14:16.62,+00:06:13.8,22.9303,22.8443,19.860361,18.223532,16.894344,16.395842,4.045852695465088,3.0971158504486085,-999.0,-999.0,-999.0,Gemini,?,23.265,21.577,20.984
67,01:55:32.84,+00:06:34.2,22.5862,21.2838,19.543222,18.550753,18.114252,18.003977,5.657921527862549,5.050259479522706,-999.0,-999.0,-999.0,Gemini18B,none,24.798,20.29,20.021
2,00:00:15.00,-00:34:43.5,24.2109,22.2703,19.78327,18.481094,17.63439,17.652925,3.165592638015747,5.445174476623535,-999.0,-999.0,-999.0,Gemini,none,26.408,20.528,19.48
136,22:29:27.38,+00:19:56.0,23.7023,22.126,20.285515,18.564192,17.807322,17.590422,4.997203102111817,5.101747455596924,-999.0,-999.0,0.615,Gemini,QSO,26.816,20.58,20.545
29,00:23:11.67,+00:38:13.7,23.3677,21.8579,19.786095,18.42485,18.676977,18.7132,4.035921123504639,3.996455795288086,-999.0,-999.0,-999.0,Gemini18B,none,25.03,20.378,20.04
240,23:58:59.67,-00:20:31.5,24.1739,22.1638,20.045828,18.689875,17.564264,17.57074,6.77026929473877,5.146701244354248,-999.0,-999.0,-999.0,NIRES091818,none,23.076,21.251,20.014
184,23:22:50.27,+00:55:01.3,22.4816,21.1675,19.51542,18.558062,18.733658,18.824621,4.261213874816895,4.706832080841065,-999.0,-999.0,-999.0,0,none,25.529,20.521,20.088
234,23:55:33.86,-00:12:10.0,22.9461,21.5711,19.306894,18.12852,16.99459,16.607683,4.004819343566894,4.306690338134766,-999.0,-999.0,-999.0,0,none,23.742,20.04,19.858
