,data,RA,DEC,G_mag,R_mag,J_mag,K_mag,redshift,U_mag,I_mag,Z_mag,ug,ur,ui,uz,uj,uk,uw1,uw2,gr,gi,gz,gk,gw1,gw2,ri,rz,rw1,rw2,iz,ij,ik,iw1,iw2,zj,zk,zw1,zw2,jw1,jw2,kw1,kw2,w1w2,class_cleaned,class_bin
0,SpIES,00:00:16.67,+00:05:22.5,23.3576,21.6781,19.708937,18.771132,999.0,24.349,20.413,19.743,0.9913999999999988,2.6709,3.936,4.606000000000002,4.640063000000001,5.577867999999999,6.331862000000001,6.792161,1.6795000000000009,2.944600000000001,3.614600000000003,4.586468,5.340462000000002,5.800761000000001,1.2651000000000003,1.935100000000002,3.6609620000000014,4.1212610000000005,0.6700000000000017,0.7040630000000014,1.6418679999999988,2.395862000000001,2.856161,0.0340629999999997,0.9718679999999972,1.7258619999999991,2.1861609999999985,1.6917989999999996,2.1520979999999987,0.7539940000000023,1.2142930000000014,0.4602989999999991,?,0
1,SpIES,00:15:13.51,-00:32:59.1,22.5644,21.4342,19.459167,18.521544,0.832,24.234,20.288,19.581,1.6696000000000026,2.799800000000001,3.9460000000000015,4.653000000000002,4.774833000000001,5.712456000000003,6.839255000000001,7.140017,1.1301999999999983,2.276399999999999,2.9834,4.042856,5.169654999999999,5.470416999999998,1.1462000000000003,1.853200000000001,4.039455,4.340216999999999,0.7070000000000007,0.8288329999999995,1.7664560000000016,2.893255,3.1940169999999988,0.1218329999999987,1.0594560000000008,2.186254999999999,2.487016999999998,2.0644220000000004,2.3651839999999997,1.1267989999999983,1.4275609999999972,0.3007619999999988,QSO,1
2,SpIES,00:17:55.84,+00:50:47.5,23.1346,21.6043,19.58175,18.624626,999.0,23.071,20.543,20.12,-0.0635999999999974,1.466700000000003,2.5280000000000022,2.9510000000000005,3.489250000000002,4.446374000000002,3.788207,3.747212000000001,1.5303000000000004,2.5916,3.014599999999998,4.509974,3.851806999999997,3.810811999999999,1.0612999999999992,1.4842999999999975,2.321506999999997,2.280511999999998,0.4229999999999982,0.9612499999999996,1.918374,1.2602069999999976,1.2192119999999989,0.5382500000000014,1.4953740000000018,0.8372069999999994,0.7962120000000006,0.2989569999999979,0.2579619999999991,-0.6581670000000024,-0.6991620000000012,-0.0409949999999987,?,0
3,SpIES,00:20:54.03,+00:13:31.0,23.2039,21.5391,19.671373,18.602667,999.0,23.329,20.817,20.527,0.1250999999999997,1.7898999999999994,2.5120000000000005,2.802,3.6576270000000015,4.726333,4.291627000000002,4.35454,1.6647999999999996,2.3869000000000007,2.6769,4.601233000000001,4.166527000000002,4.22944,0.7221000000000011,1.0121000000000002,2.5017270000000025,2.5646400000000007,0.2899999999999991,1.145627000000001,2.214333,1.7796270000000014,1.84254,0.8556270000000019,1.9243330000000007,1.4896270000000025,1.5525400000000005,0.6340000000000003,0.6969129999999986,-0.4347059999999985,-0.3717930000000002,0.0629129999999982,?,0
4,SpIES,00:21:42.95,-00:06:07.2,22.9102,21.4839,19.832794,18.693705,2.1,22.953,20.788,20.466,0.0427999999999997,1.469100000000001,2.164999999999999,2.4869999999999983,3.120206,4.259294999999998,4.177098000000001,4.230726999999998,1.4263000000000012,2.1221999999999994,2.4441999999999986,4.216494999999998,4.134298000000001,4.187926999999998,0.6958999999999982,1.0178999999999974,2.707998,2.761626999999997,0.3219999999999992,0.9552060000000004,2.094294999999999,2.0120980000000017,2.065726999999999,0.6332060000000013,1.7722949999999995,1.6900980000000023,1.7437269999999998,1.0568920000000013,1.1105209999999983,-0.0821969999999971,-0.0285679999999999,0.0536289999999972,QSO,1
5,SpIES,00:24:03.57,-00:04:21.8,22.7103,21.4831,19.942816,18.641287,999.0,24.425,20.774,20.071,1.7147000000000006,2.9419000000000004,3.651,4.353999999999999,4.482184,5.783713000000002,5.190422999999999,5.504176000000001,1.2271999999999998,1.9362999999999992,2.639299999999998,4.069013000000002,3.4757229999999986,3.789476000000001,0.7090999999999994,1.4120999999999988,2.2485229999999987,2.5622760000000007,0.7029999999999994,0.8311840000000004,2.1327130000000025,1.539422999999999,1.8531760000000013,0.1281840000000009,1.4297130000000031,0.8364229999999999,1.150176000000002,0.708238999999999,1.021992000000001,-0.5932900000000032,-0.2795370000000012,0.3137530000000019,?,0
6,SpIES,00:37:53.85,-00:51:52.3,22.1846,21.7524,18.755983,17.356277,0.860,22.693,20.587,19.633,0.5084000000000017,0.9406,2.1060000000000016,3.0600000000000023,3.937017000000001,5.336723000000003,6.818943000000001,7.4117000000000015,0.4321999999999981,1.5976,2.5516000000000005,4.828323000000001,6.310542999999999,6.9033,1.1654000000000018,2.1194000000000024,5.878343000000001,6.471100000000002,0.9540000000000006,1.8310169999999992,3.230723000000001,4.712942999999999,5.3057,0.8770169999999986,2.2767230000000005,3.758942999999999,4.351699999999999,2.881926,3.4746830000000006,1.482219999999998,2.0749769999999987,0.5927570000000006,QSO,1
7,SpIES,00:41:29.50,+00:08:01.0,22.945,21.3517,19.558575,18.608295,2.1?,24.854,20.646,20.205,1.908999999999999,3.502299999999998,4.207999999999998,4.649000000000001,5.295424999999998,6.245705000000001,6.214192999999998,6.145142,1.5932999999999993,2.2989999999999995,2.740000000000002,4.336705000000002,4.305192999999999,4.236142000000001,0.7057000000000002,1.1467000000000027,2.711893,2.6428420000000017,0.4410000000000025,1.0874249999999996,2.0377050000000025,2.006193,1.9371420000000013,0.6464249999999971,1.596705,1.5651929999999972,1.496141999999999,0.918768,0.8497170000000018,-0.0315120000000028,-0.100563000000001,-0.0690509999999982,QSO,1
8,SpIES,00:47:16.57,+00:22:49.6,22.5392,21.1434,19.479342,18.47449,-999.0,25.337,20.299,19.766,2.7977999999999987,4.1936,5.038,5.5710000000000015,5.857658000000001,6.86251,6.54682,6.479561,1.3958000000000013,2.240200000000001,2.7732000000000028,4.064710000000002,3.7490200000000016,3.6817610000000016,0.8444000000000003,1.3774000000000015,2.3532200000000003,2.2859610000000004,0.5330000000000013,0.8196580000000004,1.82451,1.50882,1.441561,0.2866579999999992,1.2915099999999988,0.9758199999999988,0.9085609999999988,0.6891619999999996,0.6219029999999997,-0.31569,-0.382949,-0.0672589999999999,QSO,1
9,SpIES,00:48:58.08,-00:15:34.6,24.0693,21.428,19.821133,18.69751,999.0,22.381,20.07,19.225,-1.688299999999998,0.9529999999999994,2.311,3.155999999999999,2.559867000000001,3.683489999999999,3.960123,4.157539,2.641299999999997,3.999299999999998,4.844299999999997,5.371789999999997,5.6484229999999975,5.845838999999998,1.3580000000000003,2.2029999999999994,3.007123,3.2045390000000005,0.8449999999999989,0.2488670000000006,1.372489999999999,1.6491229999999997,1.846539,-0.5961329999999982,0.5274900000000002,0.8041230000000006,1.001539000000001,1.4002559999999988,1.597671999999999,0.2766330000000003,0.4740490000000008,0.1974160000000004,?,0
10,SpIES,00:54:26.80,+00:14:38.8,21.9034,20.5287,18.972878,17.761864,999.0,24.152,19.806,19.349,2.2486,3.6233,4.346,4.803000000000001,5.179122,6.390136000000002,6.399105000000002,6.401216000000002,1.3747000000000007,2.0974000000000004,2.554400000000001,4.141536000000002,4.1505050000000026,4.152616000000002,0.7226999999999997,1.1797000000000004,2.775805000000002,2.777916000000001,0.4570000000000007,0.8331219999999995,2.0441360000000017,2.053105000000002,2.055216000000001,0.3761219999999987,1.587136000000001,1.5961050000000014,1.5982160000000007,1.2199830000000027,1.222094000000002,0.0089690000000004,0.0110799999999997,0.0021109999999993,?,0
11,SpIES,01:56:24.81,-00:14:58.7,22.6757,22.2178,19.703093,18.6483,1.528,22.333,21.041,20.193,-0.3427000000000006,0.1151999999999979,1.291999999999998,2.139999999999997,2.6299069999999998,3.6847,4.843800999999999,5.512173999999998,0.4578999999999986,1.6346999999999987,2.4826999999999977,4.0274,5.186501,5.854873999999999,1.1768,2.024799999999999,4.728601000000001,5.396974,0.847999999999999,1.3379070000000013,2.3927000000000014,3.551801000000001,4.220174,0.4899070000000023,1.5447000000000024,2.703801000000002,3.372174000000001,2.213894,2.882266999999999,1.1591009999999995,1.8274739999999987,0.668372999999999,QSO,1
12,SpIES,01:57:25.40,-00:51:14.6,22.4808,21.2006,19.570675,18.556599,0.583,24.734,20.362,19.957,2.253200000000003,3.5334000000000003,4.372000000000003,4.777000000000001,5.163325,6.177401000000003,7.107402,7.382039000000002,1.2801999999999971,2.1188,2.523799999999998,3.924201,4.854201999999997,5.128838999999999,0.8386000000000031,1.2436000000000007,3.574002,3.848639000000002,0.4049999999999976,0.791324999999997,1.805401,2.735401999999997,3.010038999999999,0.3863249999999993,1.4004010000000022,2.3304019999999994,2.605039000000001,1.944077,2.218714000000002,0.9300009999999972,1.2046379999999992,0.274637000000002,QSO,1
13,SpIES,01:57:59.67,-00:42:38.6,22.4548,21.1398,19.330526,18.43902,-999.0,23.839,20.322,20.15,1.3842,2.6991999999999976,3.5169999999999995,3.689,4.508474,5.399979999999999,5.068033999999997,5.115753999999999,1.3149999999999975,2.1328,2.3048,4.01578,3.683833999999997,3.731553999999999,0.8178000000000019,0.9898000000000023,2.368834,2.416554000000001,0.1720000000000006,0.9914740000000002,1.88298,1.5510339999999978,1.5987539999999996,0.8194739999999996,1.7109799999999993,1.3790339999999972,1.426753999999999,0.5595599999999976,0.6072799999999994,-0.3319460000000021,-0.2842260000000003,0.0477200000000017,AGN,0
14,SpIES,01:58:21.09,+00:27:52.7,22.806,21.9611,19.82468,18.769571,1.352,23.125,21.222,20.618,0.318999999999999,1.1639000000000017,1.9029999999999987,2.507000000000001,3.3003199999999997,4.355429000000001,5.143916999999998,5.6652580000000015,0.8449000000000026,1.5839999999999996,2.1880000000000024,4.036429000000002,4.824916999999999,5.346258000000002,0.739099999999997,1.3430999999999995,3.9800169999999966,4.501358,0.6040000000000028,1.3973200000000006,2.452429000000002,3.240917,3.7622580000000023,0.7933199999999978,1.8484289999999997,2.636916999999997,3.158258,1.843596999999999,2.364938000000002,0.7884879999999974,1.3098290000000006,0.5213410000000032,QSO,1
15,SpIES,01:59:07.42,-00:00:28.1,22.7116,21.8037,18.999475,18.190443,999.0,21.671,18.903,18.595,-1.0406000000000013,-0.1326999999999998,2.7680000000000007,3.0760000000000005,2.671524999999999,3.480557000000001,3.3590899999999984,3.3918560000000006,0.9079000000000016,3.808600000000002,4.116600000000002,4.521157000000002,4.39969,4.432456000000002,2.9007000000000005,3.2087000000000003,3.491789999999998,3.5245560000000005,0.3079999999999998,-0.0964750000000016,0.7125570000000003,0.5910899999999977,0.623856,-0.4044750000000015,0.4045570000000005,0.2830899999999978,0.3158560000000001,0.6875649999999993,0.7203310000000016,-0.1214670000000026,-0.0887010000000003,0.0327660000000022,NL??,0
16,SpIES,01:59:10.14,+01:01:26.5,22.8906,21.6125,19.465324,18.71226,999.0,24.068,20.537,19.944,1.1774000000000022,2.4555000000000007,3.5310000000000024,4.124000000000002,4.602676000000002,5.355740000000001,5.9614650000000005,6.014247000000001,1.2780999999999985,2.3536,2.9466,4.178339999999999,4.784064999999998,4.836846999999999,1.0755000000000017,1.6685000000000016,3.505965,3.5587470000000003,0.593,1.071676,1.8247399999999985,2.430464999999998,2.483246999999998,0.4786760000000001,1.2317399999999985,1.837464999999998,1.890246999999999,1.358788999999998,1.4115709999999986,0.6057249999999996,0.6585070000000002,0.0527820000000005,?,0
17,SpIES,01:59:33.91,+00:22:30.6,23.6137,21.6956,19.909418,18.669964,999.0,23.657,21.233,20.309,0.0432999999999985,1.9614000000000007,2.4239999999999995,3.347999999999999,3.747582000000001,4.987036,4.766107999999999,4.929955,1.9181000000000024,2.380700000000001,3.3047000000000004,4.943736000000001,4.722808000000001,4.886655000000001,0.4625999999999983,1.3865999999999978,2.804707999999998,2.9685549999999985,0.9239999999999996,1.3235820000000018,2.5630360000000003,2.342108,2.505955,0.3995820000000023,1.6390360000000008,1.418108,1.5819550000000009,1.0185259999999978,1.1823729999999983,-0.2209280000000006,-0.0570810000000001,0.1638470000000005,?,0
18,SpIES,02:02:21.07,-00:30:40.4,22.1663,20.5981,18.963036,17.929186,999.0,25.642,19.705,19.119,3.4757,5.043900000000001,5.937000000000001,6.523,6.678964000000001,7.712813999999998,7.7249659999999984,7.851433,1.568200000000001,2.4613000000000014,3.0473,4.237113999999998,4.249265999999999,4.375733,0.8931000000000004,1.479099999999999,2.6810659999999977,2.8075329999999994,0.5859999999999985,0.7419639999999994,1.775813999999997,1.7879659999999973,1.914432999999999,0.1559640000000008,1.1898139999999984,1.2019659999999988,1.3284330000000004,1.046001999999998,1.1724689999999995,0.0121520000000003,0.138619000000002,0.1264670000000016,?,0
19,SpIES,02:07:09.82,+01:00:00.0,22.8359,21.5775,20.065105,18.785833,0.614,25.045,20.833,20.404,2.209100000000003,3.467500000000001,4.212000000000003,4.641000000000002,4.979895000000003,6.2591670000000015,7.24492,7.514158000000002,1.2583999999999982,2.0029000000000003,2.431899999999999,4.050066999999999,5.0358199999999975,5.305057999999999,0.7445000000000022,1.1735000000000009,3.7774199999999993,4.046658000000001,0.4289999999999985,0.7678949999999993,2.047166999999998,3.032919999999997,3.3021579999999986,0.3388950000000008,1.6181669999999997,2.6039199999999987,2.873158,2.265024999999998,2.5342629999999997,0.985752999999999,1.2549910000000004,0.2692380000000014,QSO,1
20,SpIES,02:08:15.52,+00:24:20.6,22.1142,21.132,19.566977,18.530066,0.551,22.485,20.136,20.216,0.3707999999999991,1.352999999999998,2.349,2.2689999999999984,2.918022999999998,3.954933999999998,4.784700000000001,4.957888999999998,0.9821999999999989,1.978200000000001,1.8981999999999992,3.584133999999999,4.413900000000002,4.587088999999999,0.9960000000000022,0.9160000000000004,3.431700000000003,3.604889,-0.0800000000000018,0.5690229999999978,1.6059339999999978,2.4357000000000006,2.608888999999998,0.6490229999999997,1.6859339999999996,2.5157000000000025,2.688889,1.8666770000000028,2.039866,0.8297660000000029,1.002955,0.1731889999999971,QSO,1
21,SpIES,02:08:19.54,+00:52:57.8,22.9257,21.3742,19.66052,18.679695,2.055,23.157,20.623,20.184,0.2313000000000009,1.7828000000000015,2.533999999999999,2.972999999999999,3.4964799999999983,4.477305000000001,5.342580000000002,5.293585,1.5515000000000008,2.302699999999998,2.741699999999998,4.246005,5.111280000000001,5.062284999999999,0.7511999999999972,1.1901999999999973,3.55978,3.5107849999999985,0.439,0.9624799999999992,1.9433050000000025,2.8085800000000027,2.7595850000000013,0.5234799999999993,1.5043050000000022,2.3695800000000027,2.320585000000001,1.8461000000000036,1.797105000000002,0.8652750000000005,0.816279999999999,-0.0489950000000014,QSO,1
22,SpIES,02:09:30.43,+00:24:00.3,23.0074,21.3728,19.523605,18.196886,999.0,23.821,20.463,20.193,0.813600000000001,2.4482,3.3580000000000005,3.628,4.297395000000002,5.624114000000002,6.685570000000002,7.158301000000002,1.634599999999999,2.5444,2.814399999999999,4.810514000000001,5.871970000000001,6.344701000000001,0.9098000000000006,1.1798000000000002,4.237370000000002,4.710101000000002,0.2699999999999996,0.9393950000000012,2.2661140000000017,3.327570000000001,3.800301000000001,0.6693950000000015,1.9961140000000024,3.057570000000002,3.530301000000001,2.3881750000000004,2.860906,1.0614559999999995,1.5341869999999993,0.4727309999999995,?,0
23,SpIES,02:10:50.30,+00:09:36.3,23.5632,22.3757,20.576773,18.546062,0.59,24.245,21.197,20.652,0.6818000000000026,1.8693000000000024,3.048000000000002,3.593,3.6682270000000017,5.698938000000002,7.184028000000001,7.549403000000002,1.1875,2.366199999999999,2.9111999999999973,5.017137999999999,6.502227999999999,6.867602999999999,1.1786999999999992,1.7236999999999971,5.314727999999999,5.680102999999999,0.5449999999999982,0.6202269999999999,2.650938,4.136028,4.501403,0.0752270000000017,2.105938000000002,3.591028000000001,3.9564030000000017,3.515801,3.881176,1.4850899999999996,1.850465,0.3653750000000002,QSO/AGN,0
24,SpIES,02:16:26.11,-00:13:01.0,22.4859,21.6544,19.642962,18.694187,999.0,24.569,20.74,20.134,2.083099999999998,2.9146,3.8290000000000006,4.434999999999999,4.926037999999998,5.874813,6.433692999999998,6.843,0.8315000000000019,1.7459000000000024,2.3519000000000005,3.7917130000000014,4.350593,4.759900000000002,0.9144000000000004,1.5203999999999986,3.519092999999998,3.9284,0.6059999999999981,1.0970379999999975,2.045812999999999,2.604692999999997,3.014,0.4910379999999996,1.439813000000001,1.9986929999999996,2.4080000000000013,1.5076549999999995,1.9169620000000016,0.5588799999999985,0.9681870000000004,0.4093070000000018,?,0
25,SpIES,02:18:13.61,+00:13:26.3,22.4433,20.9345,19.42382,18.112679,2.181,24.07,20.293,19.829,1.6266999999999996,3.1355000000000004,3.777000000000001,4.241,4.646180000000001,5.957321,5.713992999999999,5.774540000000002,1.5088000000000008,2.150300000000001,2.6143,4.330621000000001,4.087292999999999,4.147840000000002,0.6415000000000006,1.1054999999999993,2.578492999999998,2.6390400000000014,0.4639999999999986,0.8691800000000001,2.1803209999999997,1.9369929999999973,1.9975400000000008,0.4051800000000014,1.7163210000000009,1.4729929999999989,1.533540000000002,1.0678129999999977,1.1283600000000007,-0.2433280000000017,-0.1827809999999985,0.0605470000000032,QSO,1
26,SpIES,02:18:22.69,+00:25:38.8,22.0105,21.4954,19.616907,18.607805,999.0,23.377,19.536,19.372,1.3664999999999985,1.8815999999999988,3.8409999999999975,4.004999999999999,3.7600929999999977,4.769195,4.296934999999998,4.239179,0.5151000000000003,2.474499999999999,2.6385000000000005,3.4026950000000014,2.9304349999999992,2.872679000000001,1.9593999999999987,2.1234,2.415334999999999,2.357579000000001,0.1640000000000014,-0.0809069999999998,0.9281950000000024,0.4559350000000002,0.3981790000000025,-0.2449070000000013,0.7641950000000008,0.2919349999999987,0.234179000000001,0.536842,0.4790860000000023,-0.4722600000000021,-0.5300159999999998,-0.0577559999999977,?,0
27,SpIES,02:18:32.57,+00:51:49.2,22.9512,21.3784,19.680748,18.73362,999.0,24.256,20.589,20.941,1.3048000000000002,2.877600000000001,3.6670000000000016,3.3150000000000013,4.575251999999999,5.522380000000002,5.637248,5.540144999999999,1.5728000000000009,2.3622000000000014,2.010200000000001,4.217580000000002,4.332447999999999,4.235344999999999,0.7894000000000005,0.4374000000000002,2.7596479999999985,2.662544999999998,-0.3520000000000003,0.9082519999999974,1.8553800000000005,1.970247999999998,1.8731449999999972,1.2602519999999977,2.207380000000001,2.3222479999999983,2.2251449999999977,1.0619960000000006,0.964893,0.1148679999999977,0.0177649999999971,-0.0971030000000006,?,0
28,SpIES,02:20:24.54,+00:20:00.0,24.1987,23.1083,19.858755,18.855892,2.26,23.398,21.678,22.058,-0.8006999999999991,0.2896999999999998,1.7199999999999989,1.34,3.539245000000001,4.542107999999999,4.837615,5.261132,1.090399999999999,2.520699999999998,2.140699999999999,5.342807999999998,5.638314999999999,6.061831999999999,1.430299999999999,1.0503,4.547915,4.971432,-0.379999999999999,1.8192450000000024,2.822108,3.1176150000000007,3.541132000000001,2.199245000000001,3.202107999999999,3.497615,3.921132,1.2983699999999985,1.7218869999999988,0.2955070000000006,0.719024000000001,0.4235170000000003,QSO,1
29,SpIES,22:06:27.64,+00:33:32.0,22.9048,21.2536,19.728151,18.629257,999.0,23.12,20.262,19.649,0.2151999999999994,1.8664000000000025,2.8580000000000005,3.471,3.391849000000001,4.490743000000002,4.985303000000002,4.901961,1.6512000000000029,2.642800000000001,3.2558000000000007,4.2755430000000025,4.770103000000002,4.686761000000001,0.9915999999999984,1.6045999999999978,3.1189029999999995,3.0355609999999977,0.6129999999999995,0.533849,1.6327430000000014,2.1273030000000013,2.0439609999999995,-0.0791509999999995,1.0197430000000018,1.5143030000000015,1.430961,1.5934540000000013,1.5101119999999997,0.4945599999999999,0.4112179999999981,-0.0833420000000018,?,0
30,SpIES,22:08:45.96,+00:37:43.5,22.9371,20.9344,19.254114,18.251202,999.0,25.266,20.029,19.325,2.3288999999999973,4.331599999999998,5.236999999999998,5.940999999999999,6.011885999999997,7.014797999999999,6.803557999999999,6.782520999999999,2.002700000000001,2.908100000000001,3.6121000000000016,4.685898000000002,4.474658000000002,4.453621000000002,0.9054000000000002,1.6094000000000008,2.4719580000000008,2.450921000000001,0.7040000000000006,0.7748859999999986,1.7777980000000009,1.5665580000000006,1.5455210000000008,0.070885999999998,1.073798,0.8625579999999999,0.8415210000000002,0.7916720000000019,0.7706350000000022,-0.2112400000000001,-0.2322769999999998,-0.0210369999999997,?,0
31,SpIES,22:10:00.83,+00:11:47.2,23.4526,21.524,19.823439,18.72413,999.0,26.14,20.631,19.7,2.6874,4.616,5.509,6.440000000000001,6.316561,7.415870000000002,7.187574999999999,7.088393,1.9285999999999996,2.8216,3.752600000000001,4.7284700000000015,4.500174999999999,4.400993,0.8930000000000007,1.8240000000000016,2.5715749999999997,2.4723930000000003,0.9310000000000008,0.8075609999999998,1.9068700000000012,1.6785749999999986,1.5793929999999996,-0.1234390000000011,0.9758700000000003,0.7475749999999977,0.6483929999999987,0.8710139999999988,0.7718319999999999,-0.2282950000000028,-0.3274770000000018,-0.099181999999999,?,0
32,SpIES,22:10:36.79,-00:57:17.2,22.1284,20.4083,18.615494,17.727022,999.0,25.957,19.387,18.723,3.8286000000000016,5.5487,6.57,7.234000000000002,7.341505999999999,8.229978,8.776614000000002,9.039787,1.7200999999999986,2.7413999999999987,3.4054,4.401377999999998,4.948014000000001,5.211186999999999,1.0213,1.6853000000000016,3.227914000000002,3.4910870000000003,0.6640000000000015,0.7715059999999987,1.6599779999999988,2.206614000000002,2.469787,0.1075059999999972,0.9959779999999974,1.5426140000000004,1.8057869999999987,1.4351080000000032,1.6982810000000017,0.546636000000003,0.8098090000000013,0.2631729999999983,?,0
33,SpIES,22:12:25.31,-00:19:07.9,23.2905,21.5276,19.958334,18.779768,999.0,24.077,20.73,20.054,0.7865000000000002,2.549400000000002,3.3470000000000013,4.023000000000003,4.118666000000001,5.297232000000001,5.166554000000001,5.250890000000002,1.762900000000002,2.560500000000001,3.236500000000003,4.510732000000001,4.380054000000001,4.464390000000002,0.7975999999999992,1.4736000000000011,2.6171539999999998,2.70149,0.6760000000000019,0.7716659999999997,1.950232,1.819554,1.9038900000000003,0.0956659999999978,1.2742319999999978,1.1435539999999982,1.2278899999999986,1.0478880000000004,1.1322240000000008,-0.1306779999999996,-0.0463419999999992,0.0843360000000004,?,0
34,SpIES,22:12:54.72,-00:49:52.2,22.3034,22.9673,19.577742,18.63762,-999.0,23.613,20.216,19.649,1.3095999999999997,0.6456999999999979,3.3969999999999985,3.963999999999999,4.035257999999999,4.975380000000001,4.804919999999999,4.757418999999999,-0.6639000000000017,2.087399999999999,2.654399999999999,3.6657800000000016,3.4953199999999995,3.447818999999999,2.7513000000000005,3.3183000000000007,4.159220000000001,4.111719000000001,0.5670000000000002,0.6382580000000004,1.5783800000000028,1.4079200000000007,1.3604190000000005,0.0712580000000002,1.0113800000000026,0.8409200000000006,0.7934190000000001,0.7696620000000003,0.7221609999999998,-0.170460000000002,-0.2179610000000025,-0.0475010000000004,weak-det,0
35,SpIES,22:12:55.27,+00:01:08.2,23.321,22.5719,20.233511,18.842813,1.522,22.372,21.326,21.055,-0.9490000000000016,-0.1998999999999995,1.0459999999999994,1.3170000000000002,2.138489,3.5291870000000003,4.8049800000000005,5.557259999999999,0.7491000000000021,1.995000000000001,2.266000000000002,4.478187000000002,5.753980000000002,6.506260000000001,1.245899999999999,1.5168999999999997,5.00488,5.757159999999999,0.2710000000000008,1.0924890000000005,2.483187000000001,3.758980000000001,4.51126,0.8214889999999997,2.212187,3.4879800000000003,4.240259999999999,2.6664910000000006,3.418771,1.2757930000000002,2.028072999999999,0.752279999999999,QSO,1
36,SpIES,22:14:33.20,-00:33:55.9,23.0674,21.4581,19.703657,18.550323,-999.0,24.636,20.807,20.303,1.5686,3.177899999999997,3.8290000000000006,4.332999999999998,4.932343,6.085677,6.155145999999999,6.144321999999999,1.6092999999999975,2.2604000000000006,2.7643999999999984,4.5170770000000005,4.586545999999999,4.575721999999999,0.6511000000000031,1.155100000000001,2.977246000000001,2.966422000000001,0.5039999999999978,1.1033429999999989,2.256677,2.326145999999998,2.3153219999999983,0.5993430000000011,1.752677000000002,1.822146,1.8113220000000003,1.222802999999999,1.2119789999999997,0.069468999999998,0.0586449999999985,-0.0108239999999995,?,0
37,SpIES,22:14:38.06,+00:49:09.2,22.4646,21.082,19.31235,17.994434,999.0,25.573,20.293,19.686,3.1084,4.491,5.280000000000001,5.8870000000000005,6.260650000000002,7.578566000000002,7.428518,7.531995999999999,1.3826,2.171600000000001,2.778600000000001,4.4701660000000025,4.320118000000001,4.423596,0.7890000000000015,1.3960000000000008,2.9375180000000007,3.040996,0.6069999999999993,0.9806500000000008,2.298566000000001,2.1485179999999997,2.2519959999999983,0.3736500000000013,1.6915660000000017,1.541518,1.644995999999999,1.1678679999999986,1.2713459999999976,-0.1500480000000017,-0.0465700000000026,0.103477999999999,?,0
38,SpIES,22:18:05.21,-00:32:07.0,22.8613,21.1197,19.534903,18.430433,-999.0,23.367,20.443,19.712,0.5057000000000009,2.247299999999999,2.9239999999999995,3.655000000000001,3.832097000000001,4.936567,4.526458000000002,4.498430000000003,1.7415999999999985,2.4182999999999986,3.1493,4.430866999999999,4.020758000000001,3.9927300000000017,0.6767000000000003,1.407700000000002,2.2791580000000025,2.2511300000000034,0.7310000000000016,0.9080970000000016,2.0125670000000007,1.6024580000000022,1.574430000000003,0.1770969999999998,1.281566999999999,0.8714580000000005,0.8434300000000015,0.6943610000000007,0.6663330000000016,-0.4101089999999985,-0.4381369999999975,-0.028027999999999,?,0
39,SpIES,22:18:33.98,-00:31:41.9,22.6182,21.5453,19.909595,18.715322,-999.0,22.442,19.901,19.397,-0.1762000000000014,0.8966999999999992,2.5410000000000004,3.0450000000000017,2.5324050000000007,3.726678,4.451640000000001,4.658100000000001,1.0729000000000006,2.717200000000002,3.221200000000003,3.902878000000001,4.627840000000003,4.8343000000000025,1.6443000000000012,2.1483000000000025,3.554940000000002,3.761400000000002,0.5040000000000013,-0.0085949999999996,1.1856779999999991,1.9106400000000008,2.1171000000000006,-0.512595000000001,0.681677999999998,1.4066399999999994,1.613099999999999,1.9192350000000005,2.1256950000000003,0.7249620000000014,0.9314220000000012,0.2064599999999998,QSO,1
40,SpIES,22:19:28.51,+00:57:19.3,22.6611,21.0888,19.292482,18.172895,999.0,22.675,20.527,19.934,0.0138999999999995,1.5862000000000016,2.148,2.741,3.382518000000001,4.502105,4.2405560000000015,4.362760999999999,1.572300000000002,2.1341,2.7271,4.488205000000001,4.226656000000002,4.348860999999999,0.5617999999999981,1.154799999999998,2.654356,2.7765609999999974,0.593,1.2345180000000011,2.354105000000001,2.092556000000002,2.2147609999999998,0.6415180000000014,1.7611050000000006,1.499556000000002,1.6217609999999991,0.8580380000000005,0.980242999999998,-0.2615489999999987,-0.1393440000000012,0.1222049999999974,?,0
41,SpIES,22:19:31.16,+00:26:29.8,22.5225,20.9277,19.205976,18.257269,999.0,25.407,20.23,19.525,2.884499999999999,4.479299999999999,5.177,5.8820000000000014,6.201024,7.149730999999999,6.862031999999999,6.987254,1.594799999999999,2.2925000000000004,2.9975000000000023,4.265231,3.977532,4.102754000000001,0.6977000000000011,1.402700000000003,2.3827320000000007,2.5079540000000016,0.7050000000000018,1.0240240000000007,1.972731,1.6850319999999996,1.8102540000000005,0.3190239999999988,1.2677309999999975,0.9800319999999978,1.1052539999999986,0.6610079999999989,0.7862299999999998,-0.2876989999999999,-0.1624769999999991,0.1252220000000008,?,0
42,SpIES,22:20:13.89,+00:11:48.0,23.0467,21.4978,19.955538,18.891333,1.93?,24.533,20.594,20.14,1.4863,3.0352,3.939,4.393000000000001,4.577462000000001,5.641667000000002,5.163600000000002,5.309672000000003,1.5488999999999995,2.4527,2.9067000000000007,4.155367000000002,3.6773000000000025,3.823372000000002,0.9038000000000004,1.357800000000001,2.1284000000000027,2.274472000000003,0.4540000000000006,0.6384620000000005,1.7026670000000017,1.2246000000000024,1.3706720000000026,0.1844619999999999,1.248667000000001,0.7706000000000017,0.916672000000002,0.5861380000000018,0.732210000000002,-0.4780669999999993,-0.3319949999999991,0.1460720000000002,QSO,1
43,SpIES,22:24:09.44,-00:15:23.9,23.5393,22.9742,19.717018,17.971811,2.22,25.07,21.39,20.32,1.5306999999999995,2.095800000000001,3.68,4.75,5.352982000000001,7.098189000000001,7.164898000000001,7.590036999999999,0.565100000000001,2.1493,3.2193000000000005,5.567489000000002,5.634198000000001,6.059336999999999,1.5841999999999992,2.6541999999999994,5.069098,5.494236999999998,1.0700000000000005,1.672982000000001,3.4181890000000017,3.484898000000001,3.910036999999999,0.6029820000000008,2.3481890000000014,2.414898000000001,2.840036999999999,1.811916,2.237054999999998,0.0667089999999994,0.4918479999999974,0.4251389999999979,QSO,1
44,SpIES,22:26:26.09,-00:13:27.8,22.5786,21.3126,19.613358,18.698317,999.0,25.267,20.412,20.006,2.688399999999998,3.9544,4.855,5.260999999999999,5.653641999999998,6.568683,6.690003999999998,6.739238999999998,1.2660000000000018,2.1666000000000025,2.5726000000000013,3.880283000000002,4.001604,4.050839,0.9006000000000007,1.3065999999999995,2.7356039999999986,2.784838999999998,0.4059999999999988,0.7986419999999974,1.7136829999999996,1.8350039999999976,1.884238999999997,0.3926419999999986,1.3076830000000008,1.429003999999999,1.4782389999999983,1.0363620000000004,1.085597,0.1213209999999982,0.1705559999999977,0.0492349999999994,?,0
45,SpIES,22:29:27.38,+00:19:56.0,23.7023,22.126,20.285515,18.564192,0.615,23.015,20.768,20.383,-0.6873000000000005,0.8889999999999993,2.247,2.632000000000001,2.7294850000000004,4.450808000000002,5.207678000000001,5.424578,1.5762999999999998,2.9343000000000004,3.319300000000002,5.138108000000003,5.894978000000002,6.111878000000001,1.3580000000000003,1.743000000000002,4.318678000000002,4.535578000000001,0.3850000000000015,0.4824850000000005,2.203808000000002,2.960678000000001,3.1775780000000005,0.0974849999999989,1.8188080000000009,2.575678,2.792577999999999,2.478193000000001,2.695093,0.7568699999999993,0.9737699999999982,0.2168999999999989,QSO,1
46,SpIES,22:32:29.33,+00:52:16.1,24.5428,22.4393,19.513147,18.722,1.374,22.993,21.082,20.508,-1.5498000000000012,0.5536999999999992,1.9109999999999976,2.4849999999999994,3.4798529999999985,4.270999999999997,5.545313,6.084184999999998,2.1035000000000004,3.460799999999999,4.034800000000001,5.820799999999998,7.095113000000001,7.633984999999999,1.3572999999999986,1.9313,4.991613000000001,5.530484999999999,0.5740000000000016,1.5688530000000007,2.3599999999999994,3.6343130000000015,4.173185,0.9948529999999992,1.7859999999999978,3.0603130000000007,3.5991849999999985,2.0654600000000016,2.6043319999999994,1.274313000000003,1.8131850000000007,0.5388719999999978,QSO,1
47,SpIES,22:38:54.51,-00:46:48.6,23.318,21.6493,19.63393,18.777521,-999.0,23.769,19.742,19.081,0.4509999999999969,2.119699999999998,4.0269999999999975,4.687999999999999,4.135069999999999,4.991478999999998,5.688587999999999,5.757821,1.6687000000000012,3.5760000000000005,4.237000000000002,4.540479000000001,5.237588000000002,5.306821000000003,1.9072999999999996,2.5683000000000007,3.568888000000001,3.6381210000000017,0.6610000000000014,0.1080700000000014,0.9644790000000008,1.6615880000000018,1.7308210000000024,-0.5529299999999999,0.3034789999999994,1.0005880000000005,1.069821000000001,1.5535180000000004,1.622751000000001,0.6971090000000011,0.7663420000000016,0.0692330000000005,weak-det,0
48,SpIES,22:42:39.82,-00:38:47.7,23.4932,22.0036,19.875326,18.172308,0.61,25.027,21.464,21.42,1.5337999999999994,3.0234000000000023,3.5630000000000024,3.6069999999999993,5.151674,6.854692,7.814197,8.092970000000001,1.489600000000003,2.029200000000003,2.0732,5.320892000000001,6.280397000000001,6.559170000000002,0.5396000000000001,0.583599999999997,4.790796999999998,5.069569999999999,0.0439999999999969,1.5886739999999977,3.2916919999999976,4.251196999999998,4.529969999999999,1.5446740000000003,3.2476920000000007,4.207197000000001,4.485970000000002,2.662523,2.941296000000001,0.959505,1.238278000000001,0.278773000000001,NLAGN,0
49,SpIES,22:44:24.48,+00:38:14.0,22.8212,21.7656,19.700924,18.680605,0,21.847,19.736,19.311,-0.9741999999999996,0.0814000000000021,2.1110000000000007,2.5360000000000014,2.1460760000000008,3.1663950000000014,2.779104,2.731472,1.055600000000002,3.0852000000000004,3.510200000000001,4.140595000000001,3.753304,3.705672,2.0295999999999985,2.4545999999999992,2.697703999999998,2.650071999999998,0.4250000000000007,0.0350760000000001,1.0553950000000007,0.6681039999999996,0.6204719999999995,-0.3899240000000006,0.630395,0.2431039999999988,0.1954719999999987,0.6330279999999995,0.5853959999999994,-0.3872910000000011,-0.4349230000000013,-0.0476320000000001,star,0
50,SpIES,22:44:42.43,+00:13:55.8,23.5527,21.8584,19.961582,18.726618,999.0,24.24,20.67,19.949,0.6872999999999969,2.381599999999999,3.5699999999999967,4.290999999999997,4.278417999999999,5.513382,6.299375999999999,6.224490999999997,1.694300000000002,2.8827,3.6037,4.826082000000003,5.612076000000002,5.537191,1.188399999999998,1.909399999999998,3.917776,3.842890999999998,0.7210000000000001,0.7084180000000018,1.9433820000000035,2.729376000000002,2.654491,-0.0125819999999983,1.2223820000000032,2.008376000000002,1.933491,2.0209580000000003,1.9460729999999984,0.7859939999999987,0.7111089999999969,-0.0748850000000018,?,0
51,SpIES,22:46:26.06,+00:48:08.5,22.9831,21.2728,19.64929,18.640886,999.0,23.407,20.64,20.259,0.4238999999999997,2.1342,2.7669999999999995,3.148,3.75771,4.766114000000002,4.474091000000001,4.555764,1.7103000000000002,2.3431,2.7241,4.342214000000002,4.050191000000002,4.131864,0.6327999999999996,1.0137999999999998,2.339891000000001,2.421564,0.3810000000000002,0.99071,1.9991140000000025,1.707091000000002,1.7887640000000005,0.6097099999999998,1.618114000000002,1.3260910000000017,1.4077640000000002,0.7163810000000019,0.7980540000000005,-0.2920230000000003,-0.2103500000000018,0.0816729999999985,?,0
52,SpIES,22:48:06.28,+00:33:11.1,24.4809,22.7865,19.783106,18.818525,0.88,24.815,20.988,21.118,0.3341000000000029,2.028500000000001,3.8270000000000017,3.6970000000000023,5.031894000000001,5.996475,7.475042000000002,7.5497070000000015,1.694399999999998,3.492899999999999,3.3629,5.662374999999997,7.140941999999999,7.2156069999999985,1.7985000000000009,1.6685000000000016,5.446542000000001,5.521207,-0.129999999999999,1.2048939999999997,2.1694749999999985,3.648042,3.722707,1.3348939999999985,2.299474999999997,3.7780419999999992,3.852706999999999,2.4431480000000008,2.5178130000000003,1.4785670000000015,1.5532320000000013,0.0746649999999995,QSO,1
53,SpIES,22:50:18.05,-00:12:12.5,22.4923,20.868,19.175581,18.219614,999.0,22.896,20.061,19.439,0.4037000000000006,2.0280000000000022,2.835000000000001,3.4570000000000007,3.720419,4.676386000000001,4.31353,4.264574,1.6243000000000016,2.4313,3.0533,4.272686,3.90983,3.860873999999999,0.8069999999999986,1.4289999999999985,2.285529999999998,2.2365739999999974,0.6219999999999999,0.8854189999999988,1.841386,1.4785299999999992,1.4295739999999988,0.2634189999999989,1.219386,0.8565299999999993,0.8075739999999989,0.5931110000000004,0.5441549999999999,-0.3628560000000007,-0.4118120000000012,-0.0489560000000004,?,0
54,SpIES,22:50:48.71,-00:28:18.2,22.6612,21.377,19.73506,18.711393,999.0,24.176,20.236,19.85,1.5147999999999977,2.7989999999999995,3.9399999999999977,4.325999999999997,4.440939999999998,5.464606999999997,5.031241999999999,5.306111999999999,1.284200000000002,2.4252,2.8111999999999995,3.949807,3.5164420000000014,3.791312000000001,1.1409999999999982,1.5269999999999977,2.2322419999999994,2.507112,0.3859999999999992,0.5009399999999999,1.5246069999999996,1.0912420000000012,1.366112000000001,0.1149400000000007,1.1386070000000004,0.7052420000000019,0.980112000000002,0.5903020000000012,0.8651720000000012,-0.4333649999999984,-0.1584949999999985,0.2748699999999999,?,0
55,SpIES,22:53:00.94,+00:06:13.2,21.7819,20.8818,18.756773,17.888144,0.820,23.078,20.047,19.413,1.2960999999999991,2.196200000000001,3.030999999999999,3.664999999999999,4.321227,5.189855999999999,6.368382,6.702186999999999,0.9001000000000019,1.7348999999999997,2.3689,3.893756,5.072282000000001,5.406086999999999,0.8347999999999978,1.468799999999998,4.172181999999999,4.5059869999999975,0.6340000000000003,1.2902270000000016,2.158856,3.3373820000000016,3.671187,0.6562270000000012,1.5248559999999998,2.7033820000000013,3.0371869999999994,2.047155,2.380959999999998,1.1785260000000015,1.5123309999999996,0.3338049999999981,QSO,1
56,SpIES,22:55:30.02,-00:39:06.6,22.9867,21.2927,19.713392,18.670637,999.0,23.642,20.507,19.856,0.6553000000000004,2.3492999999999995,3.134999999999998,3.785999999999998,3.928608000000001,4.971363,4.776492999999999,4.970082999999999,1.693999999999999,2.4796999999999976,3.1306999999999974,4.316063,4.121192999999998,4.314782999999999,0.7856999999999985,1.4366999999999983,2.427192999999999,2.6207829999999994,0.6509999999999998,0.7936080000000025,1.8363630000000024,1.6414930000000003,1.835083000000001,0.1426080000000027,1.1853630000000024,0.9904930000000008,1.184083000000001,0.847884999999998,1.0414749999999984,-0.1948700000000016,-0.0012800000000012,0.1935900000000003,?,0
57,SpIES,23:00:57.18,+00:03:07.5,22.7111,22.5785,19.406677,18.01242,2,23.906,21.666,20.969,1.1949000000000003,1.3275000000000006,2.2399999999999984,2.9369999999999976,4.499323,5.89358,6.857595,7.520865999999998,0.1326,1.045099999999998,1.742099999999997,4.69868,5.662694999999999,6.3259659999999975,0.912499999999998,1.609499999999997,5.530094999999999,6.1933659999999975,0.6969999999999992,2.259323000000002,3.6535800000000016,4.6175950000000014,5.280866,1.5623230000000028,2.9565800000000024,3.9205950000000014,4.583866,2.3582719999999995,3.0215429999999976,0.9640149999999998,1.627285999999998,0.6632709999999982,QSO,1
58,SpIES,23:01:59.80,+00:14:27.6,22.9114,21.6928,19.844791,18.746202,999.0,23.72,20.691,20.14,0.8085999999999984,2.027200000000001,3.029,3.5799999999999983,3.875208999999998,4.973797999999999,4.76811,4.68365,1.218600000000002,2.220400000000001,2.7714,4.165198,3.9595100000000016,3.8750500000000017,1.0017999999999994,1.5527999999999975,2.7409099999999995,2.6564499999999995,0.5509999999999984,0.8462089999999982,1.9447979999999987,1.7391100000000002,1.6546500000000002,0.2952089999999998,1.3937980000000003,1.1881100000000018,1.1036500000000018,0.8929010000000019,0.808441000000002,-0.2056879999999985,-0.2901479999999985,-0.0844599999999999,?,0
59,SpIES,23:02:14.08,+00:12:02.5,23.4823,21.8817,19.798117,18.749569,999.0,24.107,20.931,20.474,0.6247000000000007,2.2253000000000007,3.1759999999999984,3.632999999999999,4.308882999999998,5.357430999999998,6.227408999999998,6.278870999999999,1.6006,2.5512999999999977,3.0082999999999984,4.732730999999998,5.602708999999997,5.654170999999998,0.9506999999999975,1.4076999999999984,4.002108999999997,4.053570999999998,0.4570000000000007,1.1328829999999996,2.181431,3.051409,3.1028710000000004,0.6758829999999989,1.7244309999999992,2.594408999999999,2.645871,1.918526,1.9699880000000007,0.8699779999999997,0.9214400000000004,0.0514620000000007,?,0
60,SpIES,23:07:10.93,+00:49:22.5,23.7588,21.8108,20.15876,18.586742,-999.0,23.794,20.837,20.175,0.0351999999999996,1.9832,2.9570000000000007,3.619,3.63524,5.207258,5.177040999999999,5.135211000000002,1.9480000000000004,2.921800000000001,3.5838,5.172058,5.141840999999999,5.100011000000002,0.9738000000000008,1.6357999999999997,3.193840999999999,3.1520110000000017,0.661999999999999,0.6782399999999988,2.2502579999999988,2.2200409999999984,2.178211000000001,0.0162399999999998,1.5882579999999995,1.5580409999999991,1.516211000000002,1.5418009999999995,1.4999710000000022,-0.0302170000000003,-0.0720469999999977,-0.0418299999999973,?,0
61,SpIES,23:08:31.85,-00:18:43.0,22.3634,20.7532,19.131529,18.049341,999.0,23.103,20.101,19.494,0.7396000000000029,2.349800000000002,3.0020000000000024,3.6090000000000018,3.971471000000001,5.053659000000003,5.0964670000000005,5.124357,1.610199999999999,2.2623999999999995,2.869399999999999,4.314059,4.356866999999998,4.384756999999997,0.6522000000000006,1.2592,2.746666999999998,2.774556999999998,0.6069999999999993,0.9694709999999986,2.051659000000001,2.094466999999998,2.1223569999999974,0.3624709999999993,1.4446590000000017,1.4874669999999988,1.515356999999998,1.1249959999999994,1.1528859999999987,0.0428079999999972,0.0706979999999966,0.0278899999999993,?,0
62,SpIES,23:14:16.62,+00:06:13.8,22.9303,22.8443,19.860361,18.223532,-999.0,23.27,21.572,20.974,0.3397000000000005,0.4256999999999991,1.6980000000000004,2.296,3.4096389999999985,5.046468000000001,6.375655999999999,6.874158000000001,0.0859999999999985,1.3582999999999998,1.9562999999999988,4.706768,6.035955999999999,6.534458000000001,1.272300000000001,1.8703000000000003,5.949956,6.448458000000002,0.597999999999999,1.711638999999998,3.3484680000000004,4.677655999999999,5.176158000000001,1.1136389999999992,2.750468000000001,4.079656,4.578158000000002,2.966017000000001,3.464519000000003,1.3291879999999985,1.8276900000000005,0.498502000000002,?,0
63,SpIES,23:14:39.55,+00:38:14.1,21.6501,20.5894,18.42292,17.622385,999.0,22.112,19.059,18.573,0.4619,1.522599999999997,3.0529999999999973,3.538999999999998,3.689079999999997,4.489614999999997,4.217203999999999,4.270538999999999,1.060699999999997,2.5910999999999973,3.077099999999998,4.027714999999997,3.755303999999999,3.808639,1.5304000000000002,2.016400000000001,2.6946040000000018,2.7479390000000024,0.4860000000000006,0.6360799999999998,1.4366149999999998,1.1642040000000016,1.217539000000002,0.1500799999999991,0.9506149999999992,0.6782040000000009,0.7315390000000015,0.5281240000000018,0.5814590000000024,-0.2724109999999982,-0.2190759999999976,0.0533350000000005,?,0
64,SpIES,23:15:42.01,+00:13:04.0,22.5182,21.826,19.542757,18.647974,999.0,21.436,20.042,19.545,-1.0822000000000005,-0.3900000000000005,1.3939999999999984,1.8909999999999985,1.8932429999999985,2.7880259999999986,3.7485360000000014,3.673354,0.6921999999999997,2.476199999999998,2.9731999999999985,3.870225999999999,4.830736000000002,4.755554,1.783999999999999,2.280999999999999,4.138536000000002,4.063354,0.4969999999999999,0.4992429999999999,1.3940260000000002,2.354536000000003,2.279354000000001,0.0022429999999999,0.8970260000000003,1.8575360000000032,1.7823540000000015,1.8552930000000032,1.7801110000000016,0.9605100000000028,0.8853280000000012,-0.0751820000000016,?,0
65,SpIES,23:17:37.44,+00:36:09.2,23.462,21.5359,19.866264,18.80444,999.0,24.3,20.079,19.601,0.838000000000001,2.764099999999999,4.221,4.699000000000002,4.433736,5.495560000000001,5.419924999999999,5.324351,1.926099999999998,3.382999999999999,3.8610000000000007,4.65756,4.581924999999998,4.486350999999999,1.456900000000001,1.9349000000000025,2.655825,2.560251000000001,0.4780000000000015,0.2127359999999996,1.274560000000001,1.1989249999999991,1.103351,-0.2652640000000019,0.7965599999999995,0.7209249999999976,0.6253509999999984,0.9861889999999996,0.8906150000000004,-0.0756350000000019,-0.171209000000001,-0.0955739999999991,?,0
66,SpIES,23:25:33.45,+00:56:58.8,23.8279,22.9265,19.509106,18.765951,1.569,22.859,21.893,21.028,-0.968899999999998,-0.067499999999999,0.9660000000000012,1.831000000000003,3.3498940000000026,4.093049000000001,5.116004,5.829186000000004,0.9013999999999988,1.934899999999999,2.799900000000001,5.061948999999999,6.084903999999998,6.798086000000001,1.0335,1.898500000000002,5.183503999999999,5.8966860000000025,0.865000000000002,2.383894000000001,3.1270489999999995,4.150003999999999,4.8631860000000025,1.5188939999999995,2.262048999999997,3.285003999999997,3.998186000000001,1.7661099999999976,2.479292000000001,1.0229549999999996,1.736137000000003,0.7131820000000033,QSO,1
67,SpIES,23:26:07.59,+00:17:49.1,22.4975,21.6561,19.706724,18.870152,999.0,23.293,20.525,20.023,0.7955000000000005,1.636900000000001,2.7680000000000007,3.27,3.586275999999998,4.422847999999998,5.214385,5.138204999999999,0.8414000000000001,1.9725,2.474499999999999,3.627347999999998,4.418885,4.342704999999999,1.1311,1.6330999999999989,3.577485,3.5013049999999986,0.5019999999999989,0.8182759999999973,1.6548479999999977,2.446385,2.3702049999999986,0.3162759999999984,1.1528479999999988,1.9443850000000005,1.868205,1.628109000000002,1.5519290000000012,0.7915370000000017,0.7153570000000009,-0.0761800000000008,?,0
68,SpIES,23:39:23.31,+00:38:19.9,23.08,21.3445,19.843487,18.616552,999.0,23.839,20.376,19.787,0.7590000000000003,2.4944999999999986,3.4629999999999974,4.052,3.995512999999999,5.222448,5.134831999999999,5.24335,1.7354999999999985,2.703999999999997,3.2929999999999997,4.463448,4.375831999999999,4.484349999999999,0.9684999999999988,1.557500000000001,2.640332000000001,2.748850000000001,0.5890000000000022,0.5325130000000016,1.7594480000000026,1.671832000000002,1.780350000000002,-0.0564870000000006,1.1704480000000004,1.0828319999999998,1.19135,1.1393190000000004,1.2478370000000003,-0.0876160000000005,0.0209019999999995,0.1085180000000001,?,0
69,SpIES,23:43:12.41,+00:02:16.8,23.1499,21.4187,19.694263,18.549038,0.415?,23.893,20.685,19.87,0.7431000000000019,2.4742999999999995,3.208000000000002,4.023,4.198737000000001,5.343962000000001,5.664753000000001,5.857907000000001,1.7311999999999976,2.4649,3.279899999999998,4.600861999999999,4.921652999999999,5.114806999999999,0.7337000000000025,1.5487000000000002,3.190453000000001,3.3836070000000014,0.8149999999999977,0.9907369999999992,2.1359619999999997,2.456752999999999,2.649906999999999,0.1757370000000016,1.3209620000000015,1.6417530000000014,1.8349070000000007,1.4660159999999998,1.6591699999999996,0.3207909999999998,0.5139449999999997,0.1931539999999998,AGN,0
70,SpIES,23:46:42.13,+00:12:07.3,22.3867,21.927,19.42613,18.419031,-999.0,24.261,19.728,18.978,1.874299999999998,2.334,4.532999999999998,5.282999999999998,4.834869999999999,5.841968999999999,5.659696999999998,5.562135999999999,0.4597000000000015,2.6587,3.4087,3.967669000000001,3.785397,3.687836000000001,2.198999999999998,2.948999999999998,3.325696999999998,3.2281359999999992,0.75,0.3018700000000009,1.3089690000000012,1.126697,1.0291360000000012,-0.448129999999999,0.5589690000000012,0.376697,0.2791360000000011,0.8248269999999991,0.7272660000000002,-0.1822720000000011,-0.279833,-0.0975609999999989,?,0
71,SpIES,23:46:51.15,+00:50:37.0,22.4964,21.4684,19.481907,18.613375,.866,22.974,20.115,19.628,0.4775999999999989,1.5056000000000012,2.8590000000000018,3.346,3.492093000000001,4.360624999999999,5.174163,5.091014000000001,1.0280000000000022,2.381400000000003,2.868400000000001,3.883025,4.696563000000001,4.613414000000002,1.3534000000000006,1.840399999999999,3.668562999999999,3.585414,0.4869999999999983,0.6330929999999988,1.501624999999997,2.3151629999999983,2.2320139999999995,0.1460930000000004,1.0146249999999988,1.828163,1.7450140000000012,1.6820699999999995,1.5989210000000007,0.8135380000000012,0.7303890000000024,-0.0831489999999988,QSO,1
72,SpIES,23:54:46.84,-00:44:17.6,22.8219,22.169,20.110823,18.31124,?,23.848,21.502,20.424,1.0260999999999996,1.6789999999999985,2.346,3.4239999999999995,3.737176999999999,5.5367599999999975,7.17454,7.8085239999999985,0.6528999999999989,1.3199000000000003,2.3979,4.510659999999998,6.148440000000001,6.782423999999999,0.6670000000000016,1.745000000000001,5.495540000000002,6.129524,1.0779999999999994,1.391176999999999,3.1907599999999974,4.82854,5.462523999999998,0.3131769999999996,2.112759999999998,3.750540000000001,4.384523999999999,3.4373630000000013,4.071346999999999,1.637780000000003,2.271764000000001,0.6339839999999981,QSO,1
73,SpIES,23:55:45.45,-00:11:21.8,22.4901,22.6377,20.213734,18.047157,2.53,23.038,22.463,21.434,0.5478999999999985,0.4003000000000014,0.5749999999999993,1.6039999999999992,2.824266000000001,4.990843000000002,5.363294,5.919350000000001,-0.147599999999997,0.0271000000000007,1.0561000000000007,4.442943000000003,4.815394000000001,5.371450000000003,0.1746999999999978,1.2036999999999978,4.962993999999998,5.51905,1.029,2.249266000000002,4.415843000000002,4.7882940000000005,5.344350000000002,1.2202660000000023,3.3868430000000025,3.7592940000000006,4.315350000000002,2.5390279999999983,3.095084,0.3724509999999981,0.9285069999999996,0.5560560000000017,QSO,1
74,SpIES,23:56:46.43,-00:56:22.2,23.693,22.7535,19.689388,18.623104,0.876,23.22,21.244,20.072,-0.4730000000000025,0.4664999999999999,1.975999999999999,3.148,3.530611999999998,4.596895999999997,5.641096999999999,6.125589999999999,0.9395000000000024,2.4490000000000016,3.621000000000002,5.069896,6.114097000000001,6.5985900000000015,1.5094999999999992,2.6815,5.174596999999999,5.659089999999999,1.1720000000000006,1.5546119999999988,2.6208959999999983,3.665097,4.14959,0.3826119999999982,1.4488959999999975,2.493096999999999,2.9775899999999997,2.1104850000000006,2.594978000000001,1.044201000000001,1.5286940000000016,0.4844930000000005,QSO,1
75,SpIES,23:57:38.45,+00:45:41.5,24.2575,22.233,20.153868,18.63258,0.467,24.786,21.263,20.67,0.5285000000000011,2.553000000000001,3.523,4.116,4.632132000000002,6.153420000000001,7.215540000000001,7.6068,2.0245,2.9944999999999986,3.5874999999999986,5.62492,6.68704,7.078299999999999,0.9699999999999988,1.5629999999999988,4.66254,5.053799999999999,0.593,1.1091320000000024,2.630420000000001,3.692540000000001,4.0838,0.5161320000000025,2.037420000000001,3.099540000000001,3.4908,2.5834079999999986,2.9746679999999976,1.0621200000000002,1.4533799999999992,0.391259999999999,QSO/AGN,0
76,FIRST,135.89389,7.188278,20.91399955749512,19.511999130249023,17.511,15.838,-1.0,22.276,19.014,18.528,1.362000442504879,2.7640008697509764,3.2620000000000005,3.748000000000001,4.765000000000001,6.438000000000001,7.579000000000001,8.828,1.4020004272460973,1.8999995574951212,2.385999557495122,5.0759995574951216,6.216999557495122,7.46599955749512,0.4979991302490241,0.9839991302490247,4.814999130249024,6.063999130249023,0.4860000000000006,1.503,3.176,4.317,5.565999999999999,1.0169999999999997,2.6899999999999995,3.831,5.079999999999998,2.814,4.062999999999999,1.141,2.389999999999999,1.2489999999999988,?,0
77,FIRST,136.21048,-1.756819,21.17625,20.74213,16.636,14.821,1.005,21.993,19.898,18.97,0.816749999999999,1.250869999999999,2.094999999999999,3.023,5.356999999999999,7.171999999999999,9.098999999999998,10.514,0.43412,1.27825,2.2062500000000007,6.35525,8.28225,9.69725,0.8441299999999998,1.7721300000000006,7.848129999999999,9.26313,0.9280000000000008,3.2620000000000005,5.077,7.004,8.419,2.334,4.148999999999999,6.075999999999999,7.491,3.741999999999999,5.157,1.927,3.3420000000000005,1.415000000000001,QSO,1
78,FIRST,138.868927,4.489078,21.35282,19.73313,17.041,14.673,-1.0,23.014,18.923,18.197,1.661179999999998,3.28087,4.091000000000001,4.817,5.972999999999999,8.341,10.189,11.405,1.619690000000002,2.429820000000003,3.155820000000002,6.679820000000001,8.527820000000002,9.74382,0.8101300000000009,1.53613,6.90813,8.12413,0.7259999999999991,1.881999999999998,4.249999999999998,6.097999999999999,7.313999999999998,1.1559999999999988,3.523999999999999,5.372,6.587999999999999,4.216000000000001,5.432,1.8480000000000008,3.064,1.2159999999999993,?,0
79,FIRST,139.028152,7.183164,22.00951,21.59462,18.718,16.266,1.45,21.954,21.276,20.569,-0.0555099999999981,0.3593800000000016,0.6780000000000008,1.3850000000000016,3.2360000000000007,5.688000000000002,7.177000000000001,8.806000000000001,0.4148899999999997,0.733509999999999,1.4405099999999995,5.743510000000001,7.232509999999999,8.861509999999999,0.3186199999999992,1.02562,6.81762,8.44662,0.7070000000000007,2.558,5.010000000000002,6.4990000000000006,8.128,1.850999999999999,4.303000000000001,5.792,7.420999999999999,3.9410000000000007,5.57,1.488999999999999,3.1179999999999986,1.6289999999999996,QSO,1
80,FIRST,139.078156,0.859519,24.08746,22.42871,17.743,15.925,1.53,24.486,20.542,19.484,0.3985400000000005,2.057290000000002,3.943999999999999,5.001999999999999,6.743000000000002,8.561,10.134,11.61,1.6587500000000013,3.5454599999999985,4.603459999999998,8.16246,9.73546,11.21146,1.8867099999999968,2.944709999999997,8.076709999999999,9.55271,1.0579999999999998,2.799000000000003,4.617000000000001,6.190000000000001,7.666000000000002,1.7410000000000032,3.559000000000001,5.1320000000000014,6.608000000000002,3.3909999999999982,4.866999999999999,1.5730000000000004,3.0490000000000013,1.4760000000000009,QSO,1
81,FIRST,140.1465,6.364375,19.981000900268555,18.77199935913086,16.664,14.851,0.193,26.091,18.006,17.685,6.109999099731446,7.319000640869142,8.085,8.406000000000002,9.427,11.24,11.872000000000002,12.615,1.209001541137695,1.9750009002685545,2.296000900268556,5.130000900268554,5.762000900268555,6.505000900268554,0.7659993591308591,1.0869993591308609,4.55299935913086,5.2959993591308585,0.3210000000000015,1.3419999999999987,3.155,3.787000000000001,4.529999999999999,1.0209999999999972,2.833999999999998,3.4659999999999997,4.208999999999998,2.445000000000002,3.1880000000000006,0.6320000000000014,1.375,0.7429999999999986,NLAGN,0
82,FIRST,140.366333,2.607455,22.49779,22.18034,19.331,16.893,1.5,22.819,21.765,21.168,0.3212100000000006,0.638659999999998,1.0539999999999985,1.6509999999999998,3.4879999999999995,5.925999999999998,7.568999999999999,8.883,0.3174499999999973,0.7327899999999978,1.3297899999999991,5.604789999999998,7.247789999999998,8.561789999999998,0.4153400000000005,1.0123400000000018,6.930340000000001,8.244340000000001,0.5970000000000013,2.434000000000001,4.872,6.515000000000001,7.829000000000001,1.837,4.274999999999999,5.917999999999999,7.231999999999999,4.081,5.395,1.643000000000001,2.9570000000000007,1.314,QSO,1
83,FIRST,140.979324,2.598125,23.62197,21.88839,18.33,16.445,2.09,24.306,20.776,19.73,0.6840299999999999,2.41761,3.530000000000001,4.5760000000000005,5.976000000000003,7.861000000000001,8.969000000000001,10.089,1.73358,2.845970000000001,3.8919700000000006,7.176970000000001,8.284970000000001,9.40497,1.112390000000001,2.1583900000000007,6.551390000000001,7.671390000000001,1.0459999999999994,2.446000000000001,4.331,5.439,6.558999999999999,1.400000000000002,3.285,4.393000000000001,5.513,2.9929999999999986,4.112999999999998,1.1080000000000003,2.228,1.1199999999999992,QSO,1
84,FIRST,141.260605,5.478447,25.2272,22.77061,18.413,16.53,-1.0,25.438,20.866,20.405,0.210799999999999,2.667389999999997,4.571999999999999,5.032999999999998,7.024999999999999,8.907999999999998,10.036,10.652,2.4565899999999985,4.3612,4.822199999999999,8.697199999999999,9.8252,10.4412,1.9046100000000017,2.36561,7.368610000000002,7.984610000000002,0.4609999999999985,2.4529999999999994,4.335999999999999,5.464,6.08,1.9920000000000009,3.875,5.003000000000002,5.6190000000000015,3.011000000000001,3.6270000000000007,1.128000000000002,1.7440000000000015,0.6159999999999997,?,0
85,FIRST,141.265381,3.909531,22.35075,22.26649,18.969,16.919,1.18,22.338,21.341,20.661,-0.0127500000000004,0.0715099999999999,0.997,1.6769999999999996,3.369,5.4190000000000005,6.622000000000002,7.716000000000001,0.0842600000000004,1.0097500000000004,1.68975,5.431750000000001,6.634750000000002,7.728750000000002,0.92549,1.6054899999999996,6.550490000000002,7.644490000000001,0.6799999999999997,2.372,4.422000000000001,5.625000000000002,6.719000000000001,1.6920000000000002,3.742000000000001,4.945000000000002,6.0390000000000015,3.253000000000002,4.347000000000001,1.2030000000000012,2.2970000000000006,1.0939999999999994,QSO,1
86,FIRST,142.264297,8.078195,23.21439,21.16796,18.659,16.161,-1.0,22.631,19.919,19.024,-0.5833900000000014,1.4630399999999997,2.712,3.6069999999999993,3.972000000000001,6.469999999999999,7.987,8.722,2.046430000000001,3.295390000000001,4.190390000000001,7.05339,8.570390000000002,9.30539,1.2489600000000003,2.14396,6.523960000000001,7.25896,0.8949999999999996,1.2600000000000016,3.757999999999999,5.275,6.01,0.365000000000002,2.8629999999999995,4.380000000000001,5.115,4.014999999999999,4.749999999999998,1.5170000000000012,2.2520000000000007,0.7349999999999994,?,0
87,FIRST,146.617599,0.287219,23.72848,22.09976,18.773,16.747,-1.0,24.119,20.938,20.283,0.3905199999999986,2.01924,3.181000000000001,3.8359999999999994,5.346,7.372,8.452,8.964,1.6287200000000013,2.7904800000000023,3.44548,6.981480000000001,8.061480000000001,8.573480000000002,1.161760000000001,1.8167599999999984,6.43276,6.9447600000000005,0.6549999999999976,2.164999999999999,4.190999999999999,5.270999999999999,5.783,1.5100000000000016,3.5360000000000014,4.616000000000001,5.128000000000002,3.106,3.618,1.08,1.5920000000000003,0.5120000000000005,?,0
88,FIRST,146.931091,3.034814,23.18502,21.98312,18.881,16.272,2.35,25.449,21.337,21.09,2.26398,3.465880000000002,4.112000000000002,4.359000000000002,6.568000000000001,9.177000000000003,9.747000000000002,10.996000000000002,1.201900000000002,1.8480200000000016,2.0950200000000017,6.913020000000003,7.483020000000002,8.732020000000002,0.6461199999999998,0.8931199999999997,6.28112,7.53012,0.2469999999999999,2.4559999999999995,5.065000000000001,5.635,6.884,2.209,4.818000000000001,5.388,6.6370000000000005,3.1790000000000003,4.428000000000001,0.5699999999999985,1.818999999999999,1.2490000000000006,QSO,1
89,FIRST,146.997818,-1.845892,21.41699981689453,19.95599937438965,17.485,15.207,-1.0,22.645,19.336,18.781,1.2280001831054683,2.689000625610351,3.309000000000001,3.8640000000000008,5.16,7.437999999999999,8.748,9.676,1.4610004425048828,2.0809998168945327,2.6359998168945324,6.2099998168945305,7.519999816894531,8.447999816894532,0.6199993743896499,1.1749993743896496,6.058999374389648,6.986999374389649,0.5549999999999997,1.850999999999999,4.128999999999998,5.438999999999998,6.366999999999999,1.2959999999999994,3.573999999999998,4.883999999999999,5.811999999999999,3.587999999999999,4.516,1.3100000000000005,2.2380000000000013,0.9280000000000008,?,0
90,FIRST,147.208603,10.480772,22.1132,21.28862,18.103,16.192,-1.0,24.373,20.364,19.298,2.259800000000002,3.0843799999999995,4.009,5.075000000000003,6.27,8.181000000000001,9.93,11.07,0.8245799999999974,1.7491999999999983,2.815200000000001,5.921199999999999,7.670199999999999,8.810199999999998,0.9246200000000008,1.9906200000000036,6.845620000000002,7.985620000000001,1.0660000000000025,2.2609999999999992,4.172000000000001,5.921000000000001,7.061,1.1949999999999967,3.105999999999998,4.854999999999999,5.994999999999997,3.660000000000002,4.800000000000001,1.7490000000000006,2.889,1.1399999999999988,?,0
91,FIRST,148.154678,5.033336,24.03196,22.02098,18.817,16.795,-1.0,23.073,21.251,20.543,-0.9589600000000011,1.0520199999999988,1.8219999999999992,2.530000000000001,4.256,6.277999999999999,8.126000000000001,9.156,2.01098,2.7809600000000003,3.4889600000000023,7.23696,9.084960000000002,10.114960000000002,0.7699800000000003,1.4779800000000023,7.073980000000002,8.103980000000002,0.708000000000002,2.434000000000001,4.456,6.304000000000002,7.334000000000001,1.725999999999999,3.7479999999999976,5.596,6.626,3.870000000000001,4.9,1.8480000000000023,2.878000000000002,1.0299999999999994,?,0
92,FIRST,148.598923,8.616344,23.57064,23.05098,18.617,16.951,1.65,25.014,21.562,20.793,1.4433599999999984,1.96302,3.451999999999998,4.221,6.396999999999999,8.062999999999999,9.484,10.688,0.5196600000000018,2.00864,2.7776400000000017,6.61964,8.040640000000002,9.24464,1.488979999999998,2.25798,7.52098,8.724979999999999,0.7690000000000019,2.9450000000000003,4.611000000000001,6.032000000000002,7.236000000000001,2.1759999999999984,3.841999999999999,5.263,6.466999999999999,3.087000000000001,4.291,1.4210000000000012,2.625,1.2039999999999988,QSO,1
93,FIRST,149.655411,5.637527,22.39284,21.28395,18.435,16.191,-1.0,26.536,20.034,19.201,4.143160000000002,5.2520500000000006,6.502000000000002,7.335000000000001,8.101000000000003,10.345000000000002,12.133,13.445000000000002,1.1088899999999988,2.3588400000000007,3.191839999999999,6.201840000000001,7.989839999999999,9.30184,1.249950000000002,2.0829500000000003,6.88095,8.192950000000002,0.8329999999999984,1.5990000000000002,3.843,5.630999999999999,6.943,0.7660000000000018,3.0100000000000016,4.798,6.110000000000001,4.031999999999998,5.343999999999999,1.7879999999999985,3.1,1.3120000000000012,?,0
94,FIRST,151.690475,9.877616,23.58173,21.95996,18.986,16.954,-1.0,26.92,19.762,18.515,3.3382700000000014,4.960040000000003,7.158000000000001,8.405000000000001,7.934000000000001,9.966,11.802,12.351,1.6217700000000017,3.81973,5.06673,6.62773,8.46373,9.01273,2.1979599999999984,3.4449599999999982,6.841959999999999,7.390959999999998,1.247,0.7759999999999998,2.808,4.644,5.193,-0.4710000000000001,1.561,3.397,3.946,3.868,4.417,1.8360000000000003,2.385,0.5489999999999995,?,0
95,FIRST,152.490326,7.636739,20.23500061035156,19.174999237060547,17.081,14.959,0.241,21.959,18.599,18.21,1.723999389648441,2.7840007629394528,3.3599999999999994,3.748999999999999,4.878,7.0,8.212,9.225,1.060001373291012,1.6360006103515587,2.025000610351558,5.276000610351559,6.488000610351559,7.501000610351559,0.5759992370605467,0.964999237060546,5.427999237060547,6.440999237060547,0.3889999999999993,1.518000000000001,3.640000000000001,4.852,5.865,1.1290000000000011,3.251000000000001,4.463000000000001,5.476000000000001,3.334,4.347,1.2119999999999995,2.225,1.013,NLAGN?,0
96,FIRST,155.41304,9.089814,23.22243,22.91184,18.935,16.83,-1.0,25.043,21.318,21.152,1.82057,2.1311599999999977,3.724999999999998,3.8909999999999982,6.1080000000000005,8.213000000000001,10.268,11.456,0.3105899999999977,1.9044299999999976,2.070429999999998,6.392430000000001,8.447429999999999,9.63543,1.59384,1.7598400000000003,8.136840000000001,9.324840000000002,0.1660000000000003,2.3830000000000027,4.488000000000003,6.543000000000001,7.731000000000002,2.2170000000000023,4.322000000000003,6.377000000000001,7.565000000000001,4.159999999999998,5.347999999999999,2.054999999999998,3.2429999999999986,1.1880000000000006,?,0
97,FIRST,155.723618,5.282714,21.496000289916992,20.434999465942383,17.702,15.718,0.586,22.552,19.335,19.279,1.0559997100830074,2.117000534057617,3.2169999999999987,3.273,4.849999999999998,6.834,8.542,9.793,1.0610008239746094,2.161000289916992,2.2170002899169923,5.778000289916992,7.486000289916992,8.737000289916992,1.099999465942382,1.155999465942383,6.424999465942383,7.6759994659423825,0.0560000000000009,1.6329999999999991,3.617000000000001,5.325000000000001,6.5760000000000005,1.5769999999999982,3.561,5.269,6.52,3.692000000000002,4.943000000000001,1.7080000000000002,2.959,1.2509999999999994,QSO,1
98,FIRST,157.1427,3.184261,23.64324,23.64258,18.572,16.235,-1.0,25.104,22.658,20.248,1.4607600000000005,1.4614200000000004,2.445999999999998,4.855999999999998,6.532,8.869,11.33,13.042,0.0006599999999998,0.9852399999999976,3.3952399999999976,7.408239999999999,9.86924,11.58124,0.9845799999999976,3.3945799999999977,9.86858,11.58058,2.41,4.086000000000002,6.423000000000002,8.884000000000002,10.596000000000002,1.676000000000002,4.013000000000002,6.474000000000002,8.186000000000002,4.798,6.51,2.4610000000000003,4.173,1.7119999999999995,?,0
99,FIRST,158.257736,2.056847,22.71119,21.49479,17.83,16.157,-1.0,23.07,20.413,19.619,0.3588100000000018,1.575210000000002,2.657,3.4510000000000005,5.240000000000002,6.913,7.899000000000001,8.618,1.2164,2.298189999999998,3.0921899999999987,6.554189999999998,7.540189999999999,8.259189999999998,1.081789999999998,1.8757899999999983,6.323789999999999,7.042789999999998,0.7940000000000005,2.583000000000002,4.256,5.242000000000001,5.961,1.7890000000000017,3.462,4.448,5.167,2.658999999999999,3.3779999999999983,0.9860000000000008,1.705,0.7189999999999994,?,0
100,FIRST,159.319153,2.211878,22.99729,21.64673,17.494,15.857,0.77,23.555,20.455,19.427,0.5577100000000002,1.908269999999998,3.1000000000000014,4.128,6.061,7.698,9.188,10.159,1.350559999999998,2.5422900000000013,3.57029,7.14029,8.630289999999999,9.60129,1.1917300000000033,2.219730000000002,7.279730000000001,8.25073,1.0279999999999987,2.9609999999999985,4.597999999999999,6.087999999999997,7.0589999999999975,1.933,3.5700000000000003,5.059999999999999,6.030999999999999,3.126999999999999,4.097999999999999,1.4899999999999984,2.4609999999999985,0.971,QSO,1
101,FIRST,159.472565,2.6099,22.4957,21.57678,18.389,16.485,2.38,23.173,20.599,19.859,0.6772999999999989,1.5962199999999989,2.573999999999998,3.3139999999999965,4.783999999999999,6.687999999999999,7.494999999999997,8.642999999999999,0.91892,1.8966999999999992,2.6366999999999976,6.0107,6.817699999999999,7.9657,0.9777799999999992,1.7177799999999976,5.898779999999999,7.04678,0.7399999999999984,2.210000000000001,4.114000000000001,4.920999999999999,6.069000000000001,1.4700000000000024,3.3740000000000023,4.181000000000001,5.329000000000002,2.7109999999999985,3.859,0.8069999999999986,1.955,1.1480000000000017,QSO,1
102,FIRST,166.079712,4.080811,22.17947,21.98209,19.037,16.925,-1.0,23.877,21.239,20.489,1.6975300000000004,1.8949099999999997,2.637999999999998,3.387999999999998,4.84,6.951999999999998,8.207999999999998,8.960999999999999,0.197379999999999,0.9404699999999976,1.6904699999999977,5.254469999999998,6.510469999999998,7.263469999999998,0.7430899999999987,1.4930899999999987,6.313089999999999,7.066089999999999,0.75,2.2020000000000017,4.314,5.57,6.323,1.4520000000000015,3.564,4.82,5.573,3.3679999999999986,4.120999999999999,1.2560000000000002,2.0090000000000003,0.7530000000000001,?,0
103,FIRST,166.38179,7.986556,23.60688,21.97518,18.594,16.81,-1.0,25.184,21.19,20.2,1.5771200000000007,3.20882,3.994,4.984000000000002,6.59,8.374000000000002,10.128000000000002,10.63,1.6316999999999986,2.416879999999999,3.406880000000001,6.796880000000002,8.550880000000001,9.05288,0.7851800000000004,1.7751800000000024,6.9191800000000026,7.421180000000001,0.990000000000002,2.596,4.380000000000003,6.134000000000002,6.636000000000001,1.605999999999998,3.390000000000001,5.144,5.645999999999999,3.538000000000002,4.040000000000001,1.7539999999999996,2.2559999999999985,0.5019999999999989,?,0
104,FIRST,168.882187,7.267437,24.60187,22.33375,19.038,16.417,-1.0,23.417,21.181,20.084,-1.18487,1.0832500000000032,2.2360000000000007,3.333000000000002,4.379000000000001,7.0,8.784000000000002,10.078,2.2681200000000032,3.4208700000000007,4.517870000000002,8.18487,9.968870000000004,11.26287,1.1527499999999975,2.249749999999999,7.700749999999999,8.994749999999998,1.0970000000000013,2.1430000000000007,4.763999999999999,6.548000000000002,7.842,1.0459999999999994,3.666999999999998,5.4510000000000005,6.744999999999999,4.405000000000001,5.699,1.7840000000000025,3.078000000000001,1.2939999999999987,?,0
105,FIRST,169.438309,2.765542,21.792999267578125,20.097999572753903,17.741,15.629,-1.0,22.651,19.415,18.852,0.8580007324218748,2.553000427246097,3.2360000000000007,3.799,4.91,7.022,7.946999999999999,8.451,1.6949996948242223,2.377999267578126,2.9409992675781247,6.163999267578125,7.088999267578124,7.592999267578126,0.6829995727539035,1.2459995727539024,5.393999572753902,5.897999572753903,0.5629999999999988,1.6739999999999997,3.786,4.710999999999999,5.215,1.1110000000000009,3.2230000000000008,4.148,4.652000000000001,3.036999999999999,3.5410000000000004,0.9249999999999988,1.4290000000000005,0.5040000000000013,?,0
106,FIRST,171.310181,3.46542,21.94603,21.11668,18.457,15.946,-1.0,23.074,20.179,19.87,1.1279700000000012,1.9573200000000028,2.895000000000003,3.2040000000000006,4.617000000000001,7.128000000000002,8.805000000000001,9.859000000000002,0.8293500000000016,1.767030000000002,2.07603,6.000030000000001,7.67703,8.73103,0.9376800000000004,1.2466799999999978,6.847679999999999,7.901679999999999,0.3089999999999975,1.7219999999999978,4.232999999999999,5.909999999999998,6.963999999999999,1.4130000000000005,3.924000000000001,5.601000000000001,6.655000000000001,4.188000000000001,5.242000000000001,1.6769999999999996,2.731,1.0540000000000005,?,0
107,FIRST,173.806488,5.552222,23.50839,22.79906,18.684,16.329,1.27,24.079,21.656,20.629,0.5706100000000021,1.27994,2.423000000000002,3.4499999999999997,5.395,7.75,9.177,10.628,0.7093299999999978,1.85239,2.879389999999997,7.179389999999998,8.60639,10.057389999999998,1.143060000000002,2.1700599999999994,7.8970600000000015,9.34806,1.0269999999999977,2.9719999999999978,5.326999999999998,6.754,8.204999999999998,1.9450000000000005,4.300000000000001,5.727000000000002,7.178000000000001,3.782000000000002,5.2330000000000005,1.4270000000000014,2.878,1.4509999999999987,QSO,1
108,FIRST,174.10997,-0.894206,23.47608,22.77537,18.166,16.472,0.673,23.198,20.28,19.801,-0.2780799999999992,0.4226300000000016,2.9179999999999997,3.397000000000002,5.032,6.725999999999999,8.283000000000001,9.421,0.7007100000000008,3.1960799999999985,3.675080000000001,7.004079999999998,8.56108,9.69908,2.4953699999999976,2.9743700000000004,7.86037,8.99837,0.4790000000000027,2.1140000000000008,3.808,5.365000000000002,6.503000000000002,1.634999999999998,3.328999999999997,4.885999999999999,6.023999999999999,3.251000000000001,4.389000000000001,1.5570000000000022,2.695000000000002,1.138,QSO,1
109,FIRST,175.452942,13.945811,22.45922,21.54399,18.066,16.022,0.82,23.04,20.608,19.794,0.5807800000000007,1.4960099999999985,2.4319999999999986,3.2459999999999987,4.974,7.018000000000001,8.793999999999999,10.107,0.9152299999999975,1.8512199999999976,2.665219999999998,6.43722,8.213219999999998,9.52622,0.9359900000000004,1.7499900000000004,7.29799,8.610990000000001,0.8140000000000001,2.5420000000000016,4.586000000000002,6.362,7.675000000000001,1.7280000000000015,3.772000000000002,5.548,6.861000000000001,3.8199999999999994,5.132999999999999,1.775999999999998,3.088999999999998,1.3130000000000006,QSO,1
110,FIRST,177.864624,14.740335,24.17564,21.90653,18.748,16.753,-1.0,21.182,19.07,18.762,-2.9936400000000027,-0.7245300000000015,2.1119999999999983,2.419999999999998,2.433999999999997,4.428999999999999,6.005999999999999,6.976999999999999,2.2691100000000013,5.105640000000001,5.413640000000001,7.422640000000001,8.999640000000001,9.97064,2.83653,3.14453,6.73053,7.70153,0.3079999999999998,0.3219999999999992,2.317,3.894,4.865,0.0139999999999993,2.0090000000000003,3.5860000000000003,4.557,3.572000000000001,4.543000000000001,1.577,2.548,0.971,NLAGN?no_obs,0
111,FIRST,179.925537,12.288055,23.37249,22.35161,19.51,16.968,-1.0,23.002,20.74,19.854,-0.3704900000000002,0.650389999999998,2.2620000000000005,3.148,3.4919999999999973,6.033999999999999,7.889999999999999,9.095999999999998,1.0208799999999982,2.6324900000000007,3.51849,6.404489999999999,8.260489999999999,9.46649,1.6116100000000024,2.4976100000000017,7.239610000000001,8.44561,0.8859999999999992,1.2299999999999969,3.7719999999999994,5.627999999999998,6.833999999999998,0.3439999999999976,2.8859999999999992,4.741999999999999,5.947999999999999,4.3980000000000015,5.604000000000001,1.856,3.0619999999999994,1.2059999999999995,?,0
112,FIRST,182.281265,14.883831,23.2703,22.50354,18.846,16.519,2.3,23.208,21.65,20.72,-0.0623000000000004,0.7044599999999974,1.5579999999999998,2.4879999999999995,4.361999999999998,6.689,7.139999999999997,8.265999999999998,0.7667599999999979,1.6203000000000003,2.5503,6.7513000000000005,7.2022999999999975,8.328299999999999,0.8535400000000024,1.783540000000002,6.43554,7.561540000000001,0.9299999999999996,2.8039999999999985,5.131,5.581999999999997,6.707999999999998,1.8739999999999988,4.2010000000000005,4.6519999999999975,5.777999999999999,2.7779999999999987,3.904,0.4509999999999969,1.5769999999999982,1.1260000000000012,QSO,1
113,FIRST,183.865326,7.299253,21.75762,21.44708,17.94,15.796,1.43,22.82,20.962,20.276,1.062380000000001,1.3729200000000006,1.8580000000000003,2.5440000000000005,4.879999999999999,7.024000000000001,8.699,10.394,0.3105399999999996,0.7956199999999995,1.4816199999999995,5.96162,7.636619999999999,9.33162,0.4850799999999999,1.17108,7.326079999999999,9.02108,0.6859999999999999,3.0219999999999985,5.166,6.840999999999999,8.536,2.3359999999999985,4.48,6.154999999999999,7.85,3.819000000000001,5.514000000000001,1.674999999999999,3.369999999999999,1.6950000000000005,QSO,1
114,FIRST,185.239243,9.721089,22.59715,21.74236,18.533,16.503,0.89,24.266,20.435,19.572,1.668849999999999,2.5236399999999968,3.831,4.693999999999999,5.732999999999997,7.762999999999998,9.240999999999998,10.340999999999998,0.8547899999999977,2.1621500000000005,3.02515,6.094149999999999,7.572149999999999,8.672149999999998,1.3073600000000027,2.1703600000000023,6.717360000000001,7.817360000000001,0.8629999999999995,1.9019999999999972,3.931999999999999,5.409999999999998,6.509999999999998,1.038999999999998,3.068999999999999,4.546999999999999,5.646999999999999,3.508000000000001,4.6080000000000005,1.4779999999999998,2.5779999999999994,1.0999999999999996,QSO,1
115,FIRST,188.688583,1.213272,22.21562,21.71405,18.236,16.574,1.38,23.011,20.7,20.566,0.795379999999998,1.296949999999999,2.311,2.4450000000000003,4.774999999999999,6.436999999999998,7.526999999999999,8.216,0.501570000000001,1.515620000000002,1.6496200000000023,5.64162,6.731620000000001,7.420620000000001,1.014050000000001,1.1480500000000011,6.23005,6.91905,0.1340000000000003,2.463999999999998,4.125999999999998,5.215999999999999,5.904999999999999,2.3299999999999983,3.991999999999997,5.081999999999999,5.770999999999999,2.7520000000000007,3.4410000000000007,1.0900000000000016,1.7790000000000017,0.6890000000000001,?,0
116,FIRST,189.371475,10.624531,24.14935,22.39802,18.913,16.967,-1.0,25.73,20.931,21.092,1.580650000000002,3.331980000000001,4.799,4.638000000000002,6.817,8.763000000000002,10.261,10.885,1.7513299999999994,3.2183499999999974,3.05735,7.18235,8.680349999999999,9.304349999999998,1.467019999999998,1.3060200000000002,6.92902,7.553019999999998,-0.1609999999999978,2.0180000000000007,3.964000000000002,5.4620000000000015,6.086,2.1789999999999985,4.125,5.622999999999999,6.246999999999998,3.444000000000001,4.068,1.497999999999999,2.121999999999998,0.6239999999999988,?,0
117,FIRST,190.235382,11.297389,22.42873,21.54053,18.794,16.271,-1.0,22.758,20.916,20.147,0.3292699999999975,1.2174699999999987,1.8419999999999987,2.6110000000000007,3.963999999999999,6.486999999999998,8.850999999999999,10.51,0.8882000000000012,1.5127300000000012,2.281730000000003,6.157730000000001,8.521730000000002,10.180730000000002,0.62453,1.393530000000002,7.63353,9.29253,0.7690000000000019,2.122,4.645,7.009,8.668000000000001,1.352999999999998,3.8759999999999977,6.239999999999998,7.898999999999999,4.8870000000000005,6.546000000000001,2.3640000000000008,4.0230000000000015,1.6590000000000007,?,0
118,FIRST,190.848892,10.395661,21.54865,20.52405,17.52,15.474,0.68,22.881,19.522,19.041,1.3323500000000017,2.356950000000001,3.3590000000000018,3.84,5.361000000000001,7.407,8.962,10.057,1.0245999999999995,2.02665,2.507649999999998,6.074649999999998,7.629649999999998,8.724649999999999,1.0020500000000006,1.4830499999999986,6.605049999999999,7.700049999999999,0.4809999999999981,2.001999999999999,4.047999999999998,5.602999999999998,6.697999999999999,1.5210000000000008,3.567,5.122,6.2170000000000005,3.600999999999999,4.696,1.5549999999999995,2.6500000000000004,1.0950000000000006,QSO,1
119,FIRST,192.802597,14.071755,25.325000762939453,24.91900062561035,,16.267,2.09,22.095,25.413,22.601,-3.2300007629394543,-2.8240006256103527,-3.3180000000000014,-0.5060000000000002,,5.827999999999999,7.834999999999999,9.553,0.4060001373291015,-0.0879992370605471,2.724000762939454,9.058000762939454,11.065000762939452,12.783000762939452,-0.4939993743896487,2.3180006256103525,10.659000625610352,12.377000625610352,2.812000000000001,,9.146,11.153,12.871,,6.334,8.341,10.059,,,2.007,3.725,1.718,QSO,1
120,FIRST,192.802597,14.071755,22.2,22.2,,16.267,2.09,22.095,25.413,22.601,-0.1050000000000004,-0.1050000000000004,-3.3180000000000014,-0.5060000000000002,,5.827999999999999,7.834999999999999,9.553,0.0,-3.213000000000001,-0.4009999999999998,5.933,7.939999999999999,9.658,-3.213000000000001,-0.4009999999999998,7.939999999999999,9.658,2.812000000000001,,9.146,11.153,12.871,,6.334,8.341,10.059,,,2.007,3.725,1.718,duplicate,0
121,FIRST,192.809189,7.264444,22.29093,21.59739,18.687,15.89,0.738,23.446,20.333,19.765,1.155070000000002,1.8486100000000008,3.113000000000003,3.681000000000001,4.759,7.556000000000001,9.473,10.744000000000002,0.6935399999999987,1.957930000000001,2.525929999999999,6.400929999999999,8.317929999999999,9.58893,1.2643900000000023,1.83239,7.62439,8.89539,0.5679999999999978,1.6459999999999972,4.442999999999998,6.359999999999998,7.6309999999999985,1.0779999999999994,3.875,5.792,7.063000000000001,4.714,5.985000000000001,1.917,3.1880000000000006,1.2710000000000008,QSO,1
122,FIRST,194.140533,4.046372,21.70737,20.9434,17.522,15.687,0.918,22.468,20.432,19.576,0.760629999999999,1.5245999999999995,2.0360000000000014,2.8919999999999995,4.9460000000000015,6.781000000000001,8.499,9.751,0.7639700000000005,1.2753700000000023,2.1313700000000004,6.0203700000000016,7.7383700000000015,8.99037,0.5114000000000019,1.3674,6.974400000000001,8.2264,0.8559999999999981,2.91,4.744999999999999,6.462999999999999,7.714999999999998,2.054000000000002,3.889000000000001,5.607000000000001,6.859,3.552999999999999,4.804999999999998,1.718,2.969999999999999,1.251999999999999,QSO,1
123,FIRST,195.252991,0.796667,22.96151,21.75329,18.281,16.18,-1.0,23.293,21.143,20.55,0.3314899999999987,1.5397099999999997,2.1499999999999986,2.7429999999999986,5.0120000000000005,7.113,8.469,9.862,1.2082200000000007,1.81851,2.41151,6.781510000000001,8.13751,9.53051,0.6102899999999991,1.203289999999999,6.92929,8.32229,0.593,2.862000000000002,4.963000000000001,6.319000000000001,7.7120000000000015,2.269000000000002,4.370000000000001,5.726000000000001,7.1190000000000015,3.456999999999999,4.85,1.356,2.749000000000001,1.393000000000001,?,0
124,FIRST,195.737259,-0.960553,22.11707,20.67942,19.01,15.495,-1.0,23.432,20.261,20.174,1.3149300000000004,2.7525799999999983,3.171,3.257999999999999,4.421999999999997,7.936999999999999,10.841,12.089999999999998,1.437649999999998,1.856069999999999,1.9430699999999987,6.622069999999999,9.52607,10.775069999999998,0.4184200000000011,0.5054200000000009,8.088420000000001,9.33742,0.0869999999999997,1.2509999999999977,4.766,7.67,8.918999999999999,1.163999999999998,4.679,7.583,8.831999999999999,6.419000000000002,7.668000000000001,2.904,4.152999999999999,1.2489999999999988,?,0
125,FIRST,199.161438,14.972492,23.22038,22.6488,18.731,16.766,-1.0,23.792,20.922,19.959,0.5716200000000029,1.1432000000000002,2.870000000000001,3.833000000000002,5.061,7.026000000000003,8.796000000000001,9.572,0.5715799999999973,2.298379999999998,3.261379999999999,6.4543800000000005,8.224379999999998,9.000379999999998,1.7268000000000008,2.6898000000000017,7.652800000000001,8.4288,0.963000000000001,2.190999999999999,4.156000000000002,5.926,6.702,1.227999999999998,3.1930000000000014,4.962999999999999,5.738999999999999,3.735000000000001,4.511000000000001,1.7699999999999978,2.5459999999999976,0.7759999999999998,?,0
126,FIRST,200.579041,9.810628,23.72672,22.9327,19.098,16.92,0.0,25.541,22.137,21.051,1.81428,2.6083,3.404,4.490000000000002,6.443000000000001,8.620999999999999,10.498,11.775,0.7940199999999997,1.5897199999999998,2.675720000000002,6.806719999999999,8.683720000000001,9.96072,0.7957000000000001,1.881700000000002,7.889700000000001,9.1667,1.086000000000002,3.039000000000001,5.216999999999999,7.094000000000001,8.371,1.9529999999999996,4.130999999999997,6.007999999999999,7.284999999999998,4.055,5.331999999999999,1.8770000000000024,3.1540000000000017,1.2769999999999992,QSO,1
127,FIRST,201.977951,12.385754,21.74896,21.30875,18.16,16.214,-1.0,22.355,20.908,20.344,0.6060400000000001,1.0462500000000006,1.4469999999999992,2.0109999999999992,4.195,6.141000000000002,8.06,9.211,0.4402100000000004,0.840959999999999,1.404959999999999,5.534960000000002,7.45396,8.60496,0.4007499999999986,0.9647499999999988,7.01375,8.16475,0.5640000000000001,2.748000000000001,4.694000000000003,6.613000000000001,7.764000000000001,2.184000000000001,4.130000000000003,6.049000000000001,7.200000000000001,3.865,5.016,1.9189999999999987,3.0699999999999985,1.1509999999999998,?,0
128,FIRST,204.334518,-0.717506,23.06158,21.79888,18.375,16.285,-1.0,26.075,20.541,19.545,3.01342,4.276119999999999,5.533999999999999,6.529999999999998,7.699999999999999,9.79,10.945,12.02,1.2626999999999988,2.520579999999999,3.5165799999999976,6.776579999999999,7.9315799999999985,9.00658,1.25788,2.2538799999999988,6.66888,7.743880000000001,0.9959999999999988,2.1660000000000004,4.256,5.411,6.486000000000001,1.1700000000000017,3.2600000000000016,4.415000000000001,5.490000000000002,3.244999999999999,4.32,1.1549999999999994,2.2300000000000004,1.075000000000001,?,0
129,FIRST,205.89946,8.911577,23.36576,22.94761,19.454,16.849,0.99,23.827,21.204,21.117,0.4612400000000001,0.8793900000000008,2.623000000000001,2.710000000000001,4.373000000000001,6.9780000000000015,9.036,10.527,0.4181500000000007,2.161760000000001,2.2487600000000008,6.516760000000001,8.574760000000001,10.06576,1.7436100000000003,1.83061,8.15661,9.64761,0.0869999999999997,1.75,4.355,6.413,7.904,1.6630000000000005,4.268000000000001,6.3260000000000005,7.817,4.663,6.154,2.058,3.5489999999999995,1.4909999999999997,QSO,1
130,FIRST,207.663864,13.124342,22.03279,21.83038,18.732,16.19,2.446,22.996,21.1,20.625,0.96321,1.165619999999997,1.8959999999999968,2.3709999999999987,4.263999999999999,6.805999999999997,7.465999999999999,8.238,0.2024099999999968,0.9327899999999972,1.4077899999999983,5.842789999999997,6.502789999999999,7.274789999999999,0.7303800000000003,1.2053800000000017,6.300380000000002,7.0723800000000026,0.4750000000000014,2.368000000000002,4.91,5.570000000000002,6.342000000000002,1.893000000000001,4.434999999999999,5.095000000000001,5.867000000000001,3.202,3.974,0.6600000000000019,1.4320000000000022,0.7720000000000002,QSO,1
131,FIRST,208.579239,0.198058,20.08603,18.90609,16.445,13.777,0.263,21.324,18.569,17.781,1.237970000000001,2.4179100000000027,2.7550000000000026,3.543000000000003,4.879000000000001,7.547000000000002,9.159000000000002,10.253000000000002,1.179940000000002,1.517030000000002,2.305030000000002,6.309030000000002,7.921030000000002,9.01503,0.3370899999999999,1.12509,6.74109,7.835089999999999,0.7880000000000003,2.1239999999999988,4.792,6.404,7.497999999999999,1.3359999999999983,4.004,5.616,6.709999999999999,4.280000000000001,5.3740000000000006,1.612,2.7059999999999995,1.0939999999999994,Starb,0
132,FIRST,211.850632,12.779989,22.83184,21.82998,19.118,16.675,-1.0,24.039,21.026,21.236,1.2071600000000018,2.2090200000000024,3.0130000000000017,2.803000000000001,4.921000000000003,7.364000000000001,9.611,11.062,1.0018600000000006,1.80584,1.595839999999999,6.156839999999999,8.403839999999999,9.85484,0.8039799999999993,0.5939799999999984,7.401979999999998,8.852979999999999,-0.2100000000000008,1.9080000000000013,4.350999999999999,6.597999999999999,8.049,2.118000000000002,4.561,6.808,8.259,4.689999999999998,6.140999999999998,2.247,3.698,1.4510000000000003,?,0
133,FIRST,214.10434,4.015267,23.03259,22.60031,18.91,16.292,-1.0,24.555,21.442,20.392,1.5224100000000007,1.9546899999999996,3.1129999999999995,4.163,5.645,8.262999999999998,10.365,11.858,0.4322799999999986,1.5905899999999988,2.6405899999999995,6.740589999999997,8.84259,10.33559,1.1583100000000002,2.208310000000001,8.41031,9.90331,1.0500000000000007,2.532,5.149999999999999,7.252000000000001,8.745000000000001,1.481999999999999,4.099999999999998,6.202,7.695,4.720000000000001,6.213000000000001,2.102000000000002,3.5950000000000024,1.4930000000000003,?,0
134,FIRST,214.545776,8.582628,23.52411,22.7179,18.936,16.51,-1.0,23.528,21.19,20.394,0.0038899999999983,0.8100999999999985,2.3379999999999974,3.1340000000000003,4.591999999999999,7.017999999999997,8.931999999999999,10.624999999999998,0.8062100000000001,2.334109999999999,3.130110000000002,7.014109999999999,8.92811,10.62111,1.527899999999999,2.323900000000002,8.1219,9.8149,0.7960000000000029,2.2540000000000013,4.68,6.594000000000001,8.287,1.4579999999999984,3.883999999999997,5.797999999999998,7.490999999999998,4.34,6.033,1.9140000000000013,3.607000000000001,1.6929999999999996,?,0
135,FIRST,216.19635,9.299622,23.17391,21.92149,19.022,16.744,0.725,23.475,20.998,20.35,0.3010900000000021,1.5535100000000028,2.4770000000000003,3.125,4.453000000000003,6.731000000000002,9.037,10.547,1.2524200000000008,2.1759099999999982,2.823909999999998,6.42991,8.735909999999999,10.24591,0.9234899999999976,1.5714899999999972,7.483489999999998,8.993489999999998,0.6479999999999997,1.9760000000000024,4.254000000000001,6.5600000000000005,8.07,1.328000000000003,3.6060000000000016,5.912000000000001,7.422000000000001,4.583999999999998,6.093999999999998,2.305999999999999,3.815999999999999,1.5099999999999998,QSO,1
136,FIRST,218.346146,8.88098,24.18289,21.95346,17.954,15.543,3.77,23.093,21.182,20.161,-1.0898900000000005,1.1395400000000002,1.9110000000000011,2.9319999999999986,5.138999999999999,7.550000000000001,8.862,9.561,2.2294300000000007,3.000890000000002,4.021889999999999,8.639890000000001,9.95189,10.65089,0.7714600000000011,1.7924599999999984,7.72246,8.42146,1.0209999999999972,3.227999999999998,5.638999999999999,6.950999999999999,7.649999999999999,2.2070000000000007,4.618000000000002,5.9300000000000015,6.629000000000001,3.7230000000000008,4.422000000000001,1.3119999999999994,2.0109999999999992,0.6989999999999998,QSO,1
137,FIRST,218.519241,9.591364,23.65996,20.98331,17.148,15.068,0.771,23.685,19.693,18.974,0.025039999999997,2.7016899999999997,3.991999999999997,4.710999999999999,6.536999999999999,8.616999999999999,10.499,11.832999999999998,2.676650000000002,3.96696,4.6859600000000015,8.591960000000002,10.473960000000002,11.80796,1.290309999999998,2.0093099999999997,7.797309999999999,9.13131,0.7190000000000012,2.5450000000000017,4.625000000000002,6.5070000000000014,7.841000000000001,1.8260000000000003,3.9060000000000006,5.788,7.122,3.962,5.295999999999999,1.882,3.2159999999999997,1.3339999999999996,QSO,1
138,FIRST,219.837296,11.601528,19.74073,18.63284,16.252,13.39,0.296,20.758,18.103,17.289,1.01727,2.125159999999997,2.6549999999999976,3.4689999999999976,4.506,7.3679999999999986,9.014,10.113,1.1078899999999976,1.6377299999999977,2.4517299999999977,6.350729999999999,7.996729999999999,9.09573,0.5298400000000001,1.34384,6.888840000000002,7.987840000000002,0.8140000000000001,1.8510000000000024,4.713000000000001,6.359000000000002,7.458000000000002,1.0370000000000026,3.899000000000001,5.545000000000002,6.644000000000002,4.507999999999999,5.606999999999999,1.6460000000000008,2.745000000000001,1.0990000000000002,QSO,1
139,FIRST,220.421127,11.148067,23.350000381469727,22.275999069213867,18.845,16.973,1.0,24.671,21.43,20.966,1.3209996185302728,2.395000930786132,3.241,3.7049999999999983,5.8260000000000005,7.698,9.295,10.526,1.0740013122558594,1.9200003814697268,2.384000381469725,6.377000381469728,7.974000381469727,9.205000381469729,0.8459990692138675,1.309999069213866,6.899999069213868,8.130999069213868,0.4639999999999986,2.585000000000001,4.457000000000001,6.054,7.285,2.121000000000002,3.993000000000002,5.590000000000002,6.8210000000000015,3.4689999999999994,4.699999999999999,1.5969999999999995,2.8279999999999994,1.231,QSO,1
140,FIRST,220.421127,11.148067,22.2,22.2,18.845,16.973,1.0,24.671,21.43,20.966,2.471,2.471,3.241,3.7049999999999983,5.8260000000000005,7.698,9.295,10.526,0.0,0.7699999999999996,1.2339999999999982,5.227,6.824,8.055,0.7699999999999996,1.2339999999999982,6.824,8.055,0.4639999999999986,2.585000000000001,4.457000000000001,6.054,7.285,2.121000000000002,3.993000000000002,5.590000000000002,6.8210000000000015,3.4689999999999994,4.699999999999999,1.5969999999999995,2.8279999999999994,1.231,duplicate,0
141,FIRST,221.615372,1.579703,24.10952,21.80308,,16.056,-1.0,24.115,21.021,20.27,0.0054799999999985,2.311919999999997,3.0939999999999976,3.844999999999999,,8.058999999999997,10.131999999999998,11.388999999999998,2.3064399999999985,3.088519999999999,3.83952,8.053519999999999,10.12652,11.38352,0.7820800000000006,1.5330800000000018,7.820080000000001,9.07708,0.7510000000000012,,4.965,7.038,8.295,,4.213999999999999,6.286999999999999,7.543999999999999,,,2.0730000000000004,3.33,1.2569999999999997,?,0
142,FIRST,222.730988,6.504461,21.76616,21.19169,17.884,16.124,1.66,21.837,20.446,19.791,0.0708400000000004,0.6453099999999985,1.3909999999999982,2.046,3.953,5.713000000000001,6.958,8.343,0.574469999999998,1.3201599999999978,1.975159999999999,5.6421600000000005,6.88716,8.27216,0.7456899999999997,1.4006900000000009,6.312690000000002,7.6976900000000015,0.6550000000000011,2.562000000000001,4.322000000000003,5.567000000000002,6.952000000000002,1.907,3.6670000000000016,4.912000000000001,6.297000000000001,3.005000000000001,4.390000000000001,1.2449999999999992,2.629999999999999,1.3849999999999998,QSO,1
143,FIRST,223.544876,4.305525,23.04495,21.43407,17.995,15.606,1.22,23.48,20.675,19.762,0.4350500000000004,2.045930000000002,2.805,3.718,5.484999999999999,7.874,9.832,11.343,1.6108800000000016,2.36995,3.28295,7.43895,9.39695,10.90795,0.7590699999999977,1.672069999999998,7.786069999999999,9.297069999999998,0.9130000000000004,2.68,5.069000000000001,7.027000000000001,8.538,1.7669999999999997,4.156000000000001,6.114000000000001,7.625,4.347000000000001,5.8580000000000005,1.958,3.4689999999999994,1.5109999999999992,QSO,1
144,FIRST,224.424973,3.610886,22.16322,20.66261,17.204,15.421,1.19,22.944,19.815,18.992,0.78078,2.2813899999999983,3.128999999999998,3.951999999999998,5.739999999999998,7.523,9.11,10.477,1.5006099999999982,2.3482199999999978,3.171219999999998,6.74222,8.32922,9.69622,0.8476099999999995,1.67061,6.828610000000001,8.19561,0.8230000000000004,2.6110000000000007,4.394000000000002,5.981000000000002,7.348000000000001,1.7880000000000005,3.571000000000001,5.158000000000001,6.525,3.370000000000001,4.737,1.5869999999999995,2.953999999999999,1.366999999999999,QSO,1
145,FIRST,224.915421,6.074244,24.47436,23.15646,18.57,15.828,2.16,24.789,22.023,21.263,0.3146400000000007,1.6325400000000023,2.766000000000002,3.526,6.219000000000001,8.961000000000002,9.762000000000002,10.978000000000002,1.3179000000000016,2.451360000000001,3.211359999999999,8.646360000000001,9.447360000000002,10.66336,1.1334599999999997,1.8934599999999973,8.12946,9.34546,0.759999999999998,3.4529999999999994,6.195,6.996,8.212,2.6930000000000014,5.435000000000002,6.236000000000002,7.452000000000002,3.543000000000001,4.759,0.8010000000000002,2.0169999999999995,1.2159999999999993,QSO,1
146,FIRST,225.963364,12.196661,24.31318,22.66962,17.867,15.348,0.57,24.927,20.969,19.983,0.6138200000000005,2.2573800000000013,3.9579999999999984,4.943999999999999,7.059999999999999,9.579,11.479,12.653,1.6435600000000008,3.344179999999998,4.330179999999999,8.965179999999998,10.86518,12.03918,1.7006199999999971,2.686619999999998,9.221619999999998,10.39562,0.9860000000000008,3.1020000000000003,5.621,7.521000000000001,8.695000000000002,2.116,4.635,6.535,7.709000000000001,4.4190000000000005,5.593000000000002,1.9000000000000004,3.0740000000000016,1.1740000000000013,QSO,1
147,FIRST,226.879929,10.280522,23.96743,22.85208,18.838,16.481,1.66,23.842,21.77,21.666,-0.1254300000000014,0.989919999999998,2.071999999999999,2.1759999999999984,5.003999999999998,7.360999999999997,8.366999999999999,9.569,1.1153499999999994,2.1974300000000007,2.30143,7.486429999999999,8.49243,9.69443,1.0820800000000013,1.1860800000000005,7.377080000000001,8.579080000000001,0.1039999999999992,2.9319999999999986,5.288999999999998,6.295,7.497,2.8279999999999994,5.184999999999999,6.191000000000001,7.393000000000001,3.3630000000000013,4.565000000000001,1.006000000000002,2.208000000000002,1.202,QSO,1
148,FIRST,227.49202,11.410444,21.91632,21.83907,18.727,16.704,-1.0,21.545,21.41,20.685,-0.3713199999999972,-0.2940699999999978,0.1350000000000015,0.860000000000003,2.8180000000000014,4.841000000000001,5.887000000000002,7.413000000000002,0.0772499999999993,0.5063199999999988,1.2313200000000002,5.212319999999998,6.258319999999999,7.784319999999999,0.4290699999999994,1.1540700000000008,6.18107,7.70707,0.7250000000000014,2.683,4.706,5.752000000000001,7.278,1.9579999999999984,3.980999999999998,5.026999999999999,6.552999999999999,3.069000000000001,4.595000000000001,1.0460000000000012,2.572000000000001,1.5259999999999998,?,0
149,FIRST,227.588348,4.327692,23.87687,23.00618,18.519,16.563,-1.0,25.019,21.965,20.662,1.142129999999998,2.012819999999998,3.0539999999999985,4.356999999999999,6.5,8.456,9.551999999999998,10.14,0.8706899999999997,1.9118700000000004,3.214870000000001,7.313870000000001,8.40987,8.99787,1.0411800000000009,2.344180000000001,7.53918,8.127180000000001,1.3030000000000008,3.446000000000001,5.402000000000001,6.497999999999999,7.086,2.1430000000000007,4.099,5.194999999999999,5.783,3.051999999999998,3.639999999999999,1.0959999999999983,1.6839999999999993,0.588000000000001,?,0
150,FIRST,228.325729,-0.800961,23.20398,22.25709,18.654,16.608,1.001,23.203,21.6,20.625,-0.0009800000000019,0.9459099999999978,1.602999999999998,2.5779999999999994,4.549,6.594999999999999,8.945,10.5,0.9468899999999998,1.60398,2.5789800000000014,6.595980000000001,8.945980000000002,10.500980000000002,0.6570900000000002,1.6320900000000016,7.999090000000002,9.554090000000002,0.9750000000000014,2.946000000000001,4.992000000000001,7.342000000000002,8.897000000000002,1.971,4.017,6.367000000000001,7.922000000000001,4.396000000000001,5.9510000000000005,2.3500000000000014,3.905000000000001,1.5549999999999995,QSO,1
151,FIRST,228.471558,7.655308,24.88214,24.22527,18.477,16.285,-1.0,25.381,22.307,20.713,0.4988600000000005,1.155730000000002,3.0740000000000016,4.667999999999999,6.904,9.096,10.543,12.038,0.6568700000000014,2.575140000000001,4.169139999999999,8.59714,10.04414,11.53914,1.91827,3.5122699999999973,9.38727,10.882269999999998,1.5939999999999976,3.8299999999999983,6.021999999999999,7.468999999999999,8.963999999999999,2.2360000000000007,4.428000000000001,5.875000000000002,7.370000000000001,3.639000000000001,5.134,1.447000000000001,2.942,1.4949999999999992,?,0
152,FIRST,229.335541,9.869531,23.71117,23.01631,18.086,16.172,0.98,23.435,21.122,20.178,-0.2761700000000004,0.418689999999998,2.312999999999999,3.256999999999998,5.349,7.262999999999998,8.911,10.299,0.6948599999999985,2.5891699999999997,3.5331699999999984,7.539169999999999,9.18717,10.57517,1.8943100000000008,2.83831,8.492310000000002,9.88031,0.9439999999999992,3.0360000000000014,4.949999999999999,6.598000000000001,7.986000000000001,2.0920000000000023,4.006,5.654000000000002,7.042000000000002,3.5619999999999994,4.949999999999999,1.6480000000000017,3.0360000000000014,1.388,QSO,1
153,FIRST,229.495132,1.032419,21.9285,20.72978,17.649,15.392,0.519,22.596,19.621,19.064,0.6675000000000004,1.8662199999999984,2.9750000000000014,3.532,4.946999999999999,7.204000000000001,9.025,10.352,1.198719999999998,2.307500000000001,2.8645,6.5365,8.3575,9.6845,1.108780000000003,1.6657800000000016,7.158780000000002,8.485780000000002,0.5569999999999986,1.9719999999999975,4.228999999999999,6.049999999999999,7.376999999999999,1.4149999999999991,3.6720000000000006,5.493,6.82,4.078000000000001,5.405000000000001,1.821,3.148,1.327,QSO,1
154,FIRST,229.98819,-2.578017,24.02652,22.59467,18.975,16.991,-1.0,26.587,21.292,20.551,2.5604799999999983,3.992329999999999,5.294999999999998,6.036000000000001,7.611999999999998,9.596,11.267,12.012,1.4318500000000007,2.73452,3.475520000000003,7.035520000000002,8.706520000000001,9.451520000000002,1.302669999999999,2.0436700000000023,7.27467,8.019670000000001,0.7410000000000032,2.317,4.301000000000002,5.972000000000001,6.717000000000002,1.575999999999997,3.5599999999999987,5.230999999999998,5.975999999999999,3.655000000000001,4.400000000000002,1.6709999999999994,2.4160000000000004,0.745000000000001,?,0
155,FIRST,230.44574,-2.226995,22.69989,21.77057,18.49,16.351,0.75,24.184,20.9,20.181,1.4841100000000012,2.4134300000000017,3.2840000000000025,4.003,5.694000000000003,7.833000000000002,9.332,10.145,0.9293200000000006,1.799890000000001,2.518889999999999,6.348890000000001,7.84789,8.66089,0.8705700000000007,1.5895699999999984,6.918569999999999,7.73157,0.7189999999999976,2.41,4.549,6.047999999999998,6.860999999999999,1.6910000000000025,3.830000000000002,5.329000000000001,6.142000000000001,3.637999999999998,4.450999999999999,1.4989999999999988,2.3119999999999994,0.8130000000000006,NLAGN,0
156,FIRST,230.937775,8.142239,24.35768,23.59506,,16.99,-1.0,24.094,21.939,21.672,-0.2636799999999972,0.498940000000001,2.155000000000001,2.4220000000000006,,7.104000000000003,9.28,10.629,0.7626199999999983,2.4186799999999984,2.685679999999998,7.36768,9.543679999999998,10.89268,1.65606,1.9230599999999995,8.78106,10.13006,0.2669999999999994,,4.949000000000002,7.125,8.474,,4.682000000000002,6.8580000000000005,8.207,,,2.1759999999999984,3.5249999999999986,1.3490000000000002,?,0
157,FIRST,231.474106,-0.764342,22.61378,21.60162,18.927,15.936,0.65,24.688,20.643,20.049,2.0742200000000004,3.0863799999999983,4.044999999999998,4.638999999999999,5.760999999999999,8.751999999999999,10.839999999999998,12.246,1.012159999999998,1.9707799999999975,2.564779999999999,6.677779999999999,8.765779999999998,10.171779999999998,0.9586199999999998,1.552620000000001,7.75362,9.15962,0.5940000000000012,1.716000000000001,4.707000000000001,6.795,8.201,1.122,4.113,6.200999999999999,7.606999999999999,5.078999999999999,6.484999999999999,2.087999999999999,3.494,1.4060000000000006,QSO,1
158,FIRST,232.366806,8.611883,23.78472,22.15773,18.643,16.181,1.29,24.262,20.962,20.148,0.4772800000000003,2.10427,3.3000000000000007,4.114000000000001,5.619,8.081,10.338,11.839,1.6269899999999993,2.8227200000000003,3.63672,7.603719999999999,9.86072,11.36172,1.195730000000001,2.009730000000001,8.233730000000001,9.73473,0.8140000000000001,2.318999999999999,4.780999999999999,7.038,8.539,1.504999999999999,3.966999999999999,6.224,7.725,4.719000000000001,6.220000000000001,2.257000000000001,3.758000000000001,1.5009999999999994,QSO,1
159,FIRST,234.152176,6.422978,22.17300033569336,20.996000289916992,18.516,16.593,-1.0,26.529,20.053,19.319,4.3559996643066405,5.532999710083008,6.475999999999999,7.210000000000001,8.013000000000002,9.936,11.036,11.599,1.1770000457763672,2.1200003356933586,2.8540003356933603,5.580000335693359,6.680000335693359,7.24300033569336,0.9430002899169914,1.6770002899169931,5.503000289916992,6.0660002899169925,0.7340000000000018,1.5370000000000026,3.460000000000001,4.5600000000000005,5.123000000000001,0.8030000000000008,2.725999999999999,3.825999999999999,4.388999999999999,3.022999999999998,3.5859999999999985,1.0999999999999996,1.6630000000000005,0.5630000000000006,?,0
160,FIRST,234.350342,-1.147317,22.93707,21.7257,18.162,16.367,0.593,24.661,20.501,19.909,1.7239300000000028,2.9353000000000016,4.16,4.752000000000002,6.499000000000002,8.294,9.754,10.649,1.2113699999999987,2.4360699999999973,3.02807,6.570069999999998,8.030069999999998,8.925069999999998,1.2246999999999986,1.8167000000000009,6.8187,7.713699999999999,0.5920000000000023,2.339000000000002,4.134,5.594000000000001,6.489000000000001,1.747,3.541999999999998,5.001999999999999,5.896999999999999,3.254999999999999,4.149999999999999,1.4600000000000009,2.3550000000000004,0.8949999999999996,NLAGN,0
