,data,RA,DEC,G_mag,R_mag,J_mag,K_mag,redshift,U_mag,I_mag,Z_mag,gr,gk,gu,gi,gz,jr,ju,ji,jz,ru,ri,rz,ku,ki,kz,ui,uz,iz,w1w2,class_cleaned,class_bin
0,SpIES,00:00:16.67,+00:05:22.5,23.3576,21.6781,19.708937,18.771132,999.0,24.349,20.413,19.743,1.6795000000000009,4.586468,-0.9913999999999988,2.944600000000001,3.614600000000003,-1.9691630000000016,-4.640063000000001,-0.7040630000000014,-0.03406299999999973,-2.6709,1.2651000000000003,1.935100000000002,-5.577867999999999,-1.6418679999999988,-0.9718679999999972,3.9360000000000004,4.606000000000002,0.6700000000000017,1.2249999999999996,?,0
1,SpIES,00:15:13.51,-00:32:59.1,22.5644,21.4342,19.459167,18.521544,0.832,24.234,20.288,19.581,1.1301999999999983,4.042856,-1.6696000000000026,2.2763999999999993,2.9834,-1.975033,-4.774833000000001,-0.8288329999999995,-0.12183299999999875,-2.799800000000001,1.1462000000000003,1.8532000000000008,-5.712456000000002,-1.7664560000000016,-1.0594560000000008,3.9460000000000015,4.653000000000001,0.7070000000000007,1.1920000000000002,QSO,1
2,SpIES,00:17:55.84,+00:50:47.5,23.1346,21.6043,19.58175,18.624626,999.0,23.071,20.543000000000006,20.12,1.5303000000000004,4.509974,0.06360000000000099,2.591599999999996,3.0145999999999984,-2.022549999999999,-3.4892499999999984,-0.9612500000000032,-0.5382500000000014,-1.4666999999999994,1.0612999999999957,1.4842999999999975,-4.446373999999999,-1.918374000000004,-1.4953740000000018,2.527999999999995,2.950999999999997,0.4230000000000018,0.343,?,0
3,SpIES,00:20:54.03,+00:13:31.0,23.2039,21.5391,19.671373000000006,18.602667,999.0,23.329,20.817,20.527,1.6647999999999996,4.6012330000000015,-0.12509999999999974,2.386900000000004,2.6769000000000034,-1.8677269999999984,-3.6576269999999984,-1.1456269999999942,-0.8556269999999948,-1.7898999999999994,0.7221000000000046,1.0121000000000038,-4.726333,-2.2143329999999963,-1.9243329999999967,2.512000000000004,2.802000000000003,0.28999999999999915,0.3920000000000013,?,0
4,SpIES,00:21:42.95,-00:06:07.2,22.9102,21.4839,19.832794,18.693705,2.1,22.953000000000007,20.788,20.466,1.4263000000000012,4.216495000000002,-0.04280000000000328,2.1221999999999994,2.444200000000002,-1.6511059999999986,-3.120206000000003,-0.9552060000000004,-0.6332059999999977,-1.4691000000000043,0.6958999999999982,1.0179000000000011,-4.259295000000005,-2.0942950000000025,-1.7722949999999995,2.1650000000000027,2.487000000000005,0.32200000000000273,0.4220000000000006,QSO,1
5,SpIES,00:24:03.57,-00:04:21.8,22.7103,21.4831,19.942816,18.641287,999.0,24.425,20.774,20.071,1.2271999999999998,4.069013000000002,-1.7147000000000006,1.9362999999999992,2.639300000000002,-1.5402839999999998,-4.482183999999999,-0.8311840000000004,-0.1281839999999974,-2.9419000000000004,0.7090999999999994,1.4121000000000024,-5.783713000000002,-2.1327130000000025,-1.4297129999999996,3.6510000000000002,4.354000000000003,0.703000000000003,0.4199999999999999,?,0
6,SpIES,00:37:53.85,-00:51:52.3,22.1846,21.7524,18.755983,17.356277,0.860,22.693,20.587,19.633,0.4321999999999981,4.828323000000001,-0.5084000000000017,1.5976,2.5516000000000005,-2.9964170000000045,-3.937017000000005,-1.8310170000000028,-0.8770170000000022,-0.9406,1.1654000000000018,2.1194000000000024,-5.336723000000003,-3.230723000000001,-2.2767230000000005,2.1060000000000016,3.0600000000000023,0.9540000000000006,1.497,QSO,1
7,SpIES,00:41:29.50,+00:08:01.0,22.945,21.3517,19.558575,18.608295,2.1?,24.854,20.646,20.205,1.5932999999999993,4.336704999999999,-1.9089999999999991,2.2989999999999995,2.740000000000002,-1.793125,-5.295424999999998,-1.0874249999999996,-0.6464249999999971,-3.502299999999998,0.7057000000000002,1.1467000000000027,-6.245704999999997,-2.037704999999999,-1.5967049999999965,4.207999999999998,4.649000000000001,0.4410000000000025,0.058999999999999275,QSO,1
8,SpIES,00:47:16.57,+00:22:49.6,22.5392,21.1434,19.479342000000006,18.47449,-999.0,25.337,20.299,19.766,1.3958000000000013,4.064710000000002,-2.7977999999999987,2.240200000000001,2.7732000000000028,-1.6640579999999972,-5.857657999999998,-0.8196579999999969,-0.28665799999999564,-4.1936,0.8444000000000003,1.3774000000000015,-6.86251,-1.8245099999999999,-1.2915099999999988,5.038,5.5710000000000015,0.5330000000000013,0.8979999999999997,QSO,1
9,SpIES,00:48:58.08,-00:15:34.6,24.0693,21.428,19.821133,18.69751,999.0,22.381,20.07,19.225,2.641299999999997,5.371789999999997,1.688299999999998,3.999299999999998,4.844299999999997,-1.6068670000000012,-2.559867000000001,-0.24886700000000064,0.5961329999999982,-0.9529999999999994,1.3580000000000003,2.2029999999999994,-3.6834899999999986,-1.372489999999999,-0.5274900000000002,2.311,3.155999999999999,0.8449999999999989,0.3689999999999998,?,0
10,SpIES,00:54:26.80,+00:14:38.8,21.9034,20.5287,18.972878,17.761864000000006,999.0,24.152,19.806,19.349,1.3747000000000007,4.141535999999999,-2.248599999999996,2.0974000000000044,2.554400000000001,-1.5558219999999992,-5.179121999999996,-0.8331219999999959,-0.3761219999999987,-3.623299999999997,0.7227000000000032,1.1797000000000004,-6.390135999999996,-2.044135999999994,-1.5871359999999974,4.346,4.802999999999997,0.4569999999999972,0.5269999999999992,?,0
11,SpIES,01:56:24.81,-00:14:58.7,22.6757,22.2178,19.703093,18.6483,1.528,22.333,21.041,20.193,0.4578999999999986,4.0274,0.3426999999999971,1.6346999999999987,2.482700000000001,-2.5147070000000014,-2.629907000000003,-1.3379070000000013,-0.4899069999999988,-0.11520000000000152,1.1768,2.0248000000000026,-3.684700000000003,-2.3927000000000014,-1.5446999999999989,1.2920000000000016,2.140000000000004,0.8480000000000025,1.5570000000000004,QSO,1
12,SpIES,01:57:25.40,-00:51:14.6,22.4808,21.2006,19.570675,18.556599,0.583,24.734,20.362,19.957,1.2801999999999971,3.924201,-2.253200000000003,2.1187999999999967,2.523799999999998,-1.629925,-5.163325,-0.7913250000000005,-0.38632499999999936,-3.5334000000000003,0.8385999999999996,1.2436000000000007,-6.177401000000002,-1.8054010000000036,-1.4004010000000022,4.372,4.777000000000001,0.4050000000000011,1.1359999999999992,QSO,1
13,SpIES,01:57:59.67,-00:42:38.6,22.4548,21.1398,19.330526000000006,18.439020000000006,-999.0,23.839,20.322,20.15,1.3149999999999975,4.015779999999996,-1.3842000000000034,2.1328,2.3048,-1.8092739999999985,-4.508474,-0.9914739999999966,-0.8194739999999959,-2.699200000000001,0.8178000000000019,0.9898000000000023,-5.3999799999999984,-1.8829799999999963,-1.7109799999999955,3.517000000000003,3.689000000000004,0.1720000000000006,0.8089999999999993,AGN,0
14,SpIES,01:58:21.09,+00:27:52.7,22.806,21.9611,19.82468,18.769571,1.352,23.125,21.222,20.618,0.8448999999999991,4.036428999999998,-0.3190000000000026,1.5839999999999996,2.1879999999999957,-2.136420000000001,-3.300320000000003,-1.3973200000000006,-0.7933200000000049,-1.1639000000000017,0.7391000000000005,1.3430999999999962,-4.355429000000001,-2.452428999999998,-1.8484290000000032,1.9030000000000025,2.506999999999998,0.6039999999999957,1.3370000000000015,QSO,1
15,SpIES,01:59:07.42,-00:00:28.1,22.7116,21.8037,18.999475,18.190443,999.0,21.671,18.903,18.595,0.9079000000000016,4.521157000000001,1.0406000000000013,3.808600000000002,4.116600000000002,-2.804224999999999,-2.671524999999999,0.09647500000000164,0.4044750000000015,0.13269999999999982,2.9007000000000005,3.2087000000000003,-3.480557000000001,-0.7125570000000003,-0.4045570000000005,2.7680000000000007,3.0760000000000005,0.30799999999999983,0.5339999999999989,NL??,0
16,SpIES,01:59:10.14,+01:01:26.5,22.8906,21.6125,19.465324,18.71226,999.0,24.068,20.537,19.944000000000006,1.2780999999999985,4.178339999999999,-1.1774000000000022,2.3536,2.946599999999997,-2.1471760000000017,-4.6026760000000015,-1.071676,-0.4786760000000037,-2.4555000000000007,1.0755000000000017,1.6684999999999979,-5.355740000000001,-1.8247399999999985,-1.2317400000000018,3.5310000000000024,4.123999999999999,0.5929999999999964,0.7929999999999993,?,0
17,SpIES,01:59:33.91,+00:22:30.6,23.6137,21.6956,19.909418,18.669964,999.0,23.657,21.233,20.309,1.9181000000000024,4.943736000000001,-0.04329999999999501,2.380700000000001,3.3047000000000004,-1.7861820000000002,-3.7475819999999977,-1.3235820000000018,-0.3995820000000023,-1.9613999999999976,0.4625999999999984,1.3865999999999978,-4.987035999999996,-2.5630360000000003,-1.6390360000000008,2.423999999999996,3.3479999999999954,0.9239999999999996,0.29300000000000104,?,0
18,SpIES,02:02:21.07,-00:30:40.4,22.1663,20.5981,18.963036,17.929185999999994,999.0,25.642,19.705,19.119,1.568200000000001,4.237114000000002,-3.4757,2.4613000000000014,3.0473,-1.635064,-6.6789640000000015,-0.7419639999999994,-0.15596400000000088,-5.043900000000002,0.8931000000000004,1.4790999999999992,-7.7128140000000025,-1.7758140000000004,-1.189814000000002,5.937000000000001,6.523,0.5859999999999985,0.5320000000000018,?,0
19,SpIES,02:07:09.82,+01:00:00.0,22.8359,21.5775,20.065105,18.785833,0.614,25.045,20.833,20.404,1.2583999999999982,4.050066999999999,-2.209100000000003,2.002899999999997,2.4318999999999993,-1.5123950000000017,-4.979895000000003,-0.7678950000000029,-0.33889500000000083,-3.467500000000001,0.7444999999999986,1.1735000000000009,-6.2591670000000015,-2.0471670000000017,-1.6181669999999997,4.212,4.641000000000002,0.4290000000000021,1.035,QSO,1
20,SpIES,02:08:15.52,+00:24:20.6,22.1142,21.132,19.566977,18.530066,0.551,22.485,20.136,20.216,0.9822000000000024,3.584133999999999,-0.3707999999999991,1.9782000000000008,1.8982000000000028,-1.565023,-2.9180230000000016,-0.5690230000000014,-0.6490229999999997,-1.3530000000000015,0.9959999999999988,0.9160000000000004,-3.9549339999999984,-1.6059339999999978,-1.6859339999999958,2.349,2.269000000000002,-0.0799999999999983,0.8690000000000015,QSO,1
21,SpIES,02:08:19.54,+00:52:57.8,22.9257,21.3742,19.66052,18.679695,2.055,23.157,20.623,20.184,1.5515000000000008,4.246004999999997,-0.2312999999999974,2.302699999999998,2.741699999999998,-1.7136799999999963,-3.4964799999999947,-0.9624799999999992,-0.5234799999999993,-1.7827999999999982,0.7511999999999972,1.1901999999999973,-4.477304999999994,-1.9433049999999987,-1.504304999999999,2.533999999999996,2.9729999999999954,0.4390000000000001,0.7309999999999981,QSO,1
22,SpIES,02:09:30.43,+00:24:00.3,23.0074,21.3728,19.523605,18.196886,999.0,23.821,20.463,20.193,1.6345999999999992,4.810514000000001,-0.8135999999999974,2.5444,2.8144000000000027,-1.8491950000000017,-4.297394999999998,-0.9393950000000012,-0.669394999999998,-2.4481999999999964,0.9098000000000006,1.1798000000000035,-5.624113999999999,-2.2661140000000017,-1.9961139999999984,3.357999999999997,3.628,0.2700000000000031,1.2329999999999988,?,0
23,SpIES,02:10:50.30,+00:09:36.3,23.5632,22.3757,20.576773,18.546062,0.59,24.245,21.197,20.652,1.1875,5.017137999999999,-0.6818000000000026,2.366199999999999,2.9112000000000013,-1.798926999999999,-3.6682270000000017,-0.6202269999999999,-0.07522699999999816,-1.8693000000000024,1.1786999999999992,1.723700000000001,-5.698938000000003,-2.650938,-2.1059379999999983,3.048000000000002,3.5930000000000035,0.5450000000000017,1.1759999999999984,QSO/AGN,0
24,SpIES,02:16:26.11,-00:13:01.0,22.4859,21.6544,19.642962,18.694187,999.0,24.569000000000006,20.74,20.134,0.8315000000000019,3.7917130000000014,-2.0831000000000017,1.7459000000000024,2.3519000000000005,-2.0114379999999983,-4.926038000000002,-1.0970379999999975,-0.4910379999999997,-2.914600000000004,0.9144000000000004,1.5203999999999986,-5.874813000000002,-2.045812999999999,-1.439813000000001,3.829000000000004,4.435000000000001,0.6059999999999981,1.2010000000000025,?,0
25,SpIES,02:18:13.61,+00:13:26.3,22.4433,20.9345,19.423820000000006,18.112679,2.181,24.07,20.293,19.829,1.5088000000000008,4.330621000000002,-1.6266999999999996,2.150300000000001,2.6143,-1.5106799999999971,-4.6461799999999975,-0.8691799999999965,-0.4051799999999979,-3.1355000000000004,0.6415000000000006,1.1054999999999993,-5.957321,-2.1803209999999997,-1.7163210000000009,3.777000000000001,4.2410000000000005,0.4639999999999986,0.5960000000000019,QSO,1
26,SpIES,02:18:22.69,+00:25:38.8,22.0105,21.4954,19.616907,18.607805,999.0,23.377,19.536,19.372,0.5151000000000003,3.4026950000000014,-1.3664999999999985,2.4745000000000026,2.6385000000000005,-1.8784929999999989,-3.7600929999999977,0.08090700000000339,0.2449070000000013,-1.8815999999999988,1.9594000000000025,2.1234,-4.769195,-0.9281949999999988,-0.7641950000000008,3.841000000000001,4.004999999999999,0.16399999999999793,0.2719999999999967,?,0
27,SpIES,02:18:32.57,+00:51:49.2,22.9512,21.3784,19.680748,18.73362,999.0,24.256,20.589,20.941,1.5728000000000009,4.217579999999998,-1.3048000000000002,2.362199999999998,2.010200000000001,-1.697651999999998,-4.575251999999999,-0.9082520000000011,-1.2602519999999977,-2.877600000000001,0.789399999999997,0.4374000000000002,-5.522379999999997,-1.8553800000000005,-2.207379999999997,3.666999999999998,3.3150000000000013,-0.3519999999999968,0.4139999999999997,?,0
28,SpIES,02:20:24.54,+00:20:00.0,24.1987,23.1083,19.858755,18.855892,2.26,23.398000000000003,21.678,22.058000000000003,1.090399999999999,5.342807999999998,0.8006999999999955,2.520699999999998,2.1406999999999954,-3.249545000000001,-3.5392450000000046,-1.8192450000000024,-2.199245000000005,-0.2897000000000034,1.430299999999999,1.0502999999999965,-4.5421080000000025,-2.822108,-3.2021080000000026,1.7200000000000024,1.34,-0.38000000000000256,1.2810000000000006,QSO,1
29,SpIES,22:06:27.64,+00:33:32.0,22.9048,21.2536,19.728151,18.629257,999.0,23.12,20.262,19.649,1.6512000000000029,4.2755430000000025,-0.2151999999999994,2.6428000000000007,3.2558000000000007,-1.5254489999999985,-3.391849000000001,-0.533849,0.07915099999999953,-1.8664000000000025,0.9915999999999984,1.6045999999999978,-4.490743000000002,-1.6327430000000014,-1.0197430000000018,2.8580000000000005,3.471,0.6129999999999995,0.3229999999999986,?,0
30,SpIES,22:08:45.96,+00:37:43.5,22.9371,20.9344,19.254114,18.251202,999.0,25.266,20.029,19.325,2.002700000000001,4.685898000000002,-2.3288999999999973,2.908100000000001,3.6121000000000016,-1.6802859999999988,-6.011885999999998,-0.7748859999999986,-0.07088599999999799,-4.331599999999998,0.9054000000000002,1.6094000000000008,-7.014797999999999,-1.7777980000000009,-1.073798,5.236999999999998,5.940999999999999,0.7040000000000006,-0.16500000000000092,?,0
31,SpIES,22:10:00.83,+00:11:47.2,23.4526,21.524,19.823439,18.72413,999.0,26.14,20.631,19.7,1.9285999999999996,4.7284700000000015,-2.6874,2.8216,3.752600000000001,-1.7005610000000004,-6.316561,-0.8075609999999998,0.1234390000000012,-4.6160000000000005,0.8930000000000007,1.8240000000000016,-7.415870000000003,-1.9068700000000012,-0.9758700000000003,5.5089999999999995,6.440000000000001,0.9310000000000008,0.2859999999999996,?,0
32,SpIES,22:10:36.79,-00:57:17.2,22.1284,20.4083,18.615494,17.727022,999.0,25.957,19.387,18.723,1.7200999999999986,4.4013779999999985,-3.828599999999998,2.7413999999999987,3.4054,-1.7928059999999988,-7.341505999999995,-0.7715059999999987,-0.1075059999999972,-5.5486999999999975,1.0213,1.6853000000000016,-8.229977999999996,-1.6599779999999988,-0.9959779999999974,6.569999999999998,7.233999999999997,0.6640000000000015,0.8470000000000013,?,0
33,SpIES,22:12:25.31,-00:19:07.9,23.2905,21.5276,19.958334,18.779768,999.0,24.077,20.73,20.054,1.7629000000000021,4.510732000000001,-0.7864999999999966,2.560500000000001,3.2364999999999995,-1.5692659999999992,-4.1186659999999975,-0.7716659999999997,-0.09566600000000136,-2.5493999999999986,0.7975999999999992,1.4735999999999976,-5.2972319999999975,-1.950232,-1.2742320000000014,3.3469999999999978,4.022999999999996,0.6759999999999984,0.6829999999999979,?,0
34,SpIES,22:12:54.72,-00:49:52.2,22.3034,22.9673,19.577742,18.63762,-999.0,23.613000000000003,20.216,19.649,-0.6639000000000017,3.665779999999998,-1.3096000000000032,2.0874000000000024,2.654399999999999,-3.3895580000000014,-4.0352580000000025,-0.6382579999999969,-0.07125800000000028,-0.6457000000000015,2.751300000000004,3.3183000000000007,-4.975380000000001,-1.5783799999999957,-1.011379999999999,3.3970000000000056,3.9640000000000017,0.5669999999999966,0.327,weak-det,0
35,SpIES,22:12:55.27,+00:01:08.2,23.321,22.5719,20.233511,18.842813,1.522,22.372,21.326,21.055,0.7490999999999985,4.478186999999998,0.948999999999998,1.9949999999999972,2.2659999999999982,-2.3383889999999994,-2.138489,-1.0924890000000005,-0.8214889999999997,0.19989999999999952,1.245899999999999,1.5168999999999997,-3.5291870000000003,-2.483187000000001,-2.2121869999999997,1.0459999999999994,1.3170000000000002,0.2710000000000008,1.6789999999999985,QSO,1
36,SpIES,22:14:33.20,-00:33:55.9,23.0674,21.4581,19.703657,18.550323,-999.0,24.636,20.807,20.303,1.6092999999999975,4.517076999999997,-1.5686,2.2604000000000006,2.7643999999999984,-1.7544430000000022,-4.932343,-1.1033429999999989,-0.5993430000000011,-3.177899999999997,0.6511000000000031,1.1551000000000011,-6.085676999999998,-2.2566769999999963,-1.7526769999999985,3.8290000000000006,4.332999999999998,0.5039999999999978,0.5810000000000013,?,0
37,SpIES,22:14:38.06,+00:49:09.2,22.4646,21.082,19.31235,17.994434,999.0,25.573,20.293,19.686,1.3826000000000036,4.4701660000000025,-3.1084,2.171600000000001,2.7786000000000013,-1.7696499999999986,-6.260650000000003,-0.9806500000000008,-0.37365000000000137,-4.491000000000003,0.7889999999999979,1.3959999999999972,-7.578566000000002,-2.298566000000001,-1.6915660000000017,5.280000000000001,5.8870000000000005,0.6069999999999993,0.718,?,0
38,SpIES,22:18:05.21,-00:32:07.0,22.8613,21.1197,19.534903,18.430433,-999.0,23.367,20.443,19.712,1.7415999999999985,4.430867000000003,-0.5056999999999974,2.418300000000002,3.1493,-1.5847970000000018,-3.832096999999997,-0.908096999999998,-0.17709699999999984,-2.247299999999996,0.6767000000000039,1.4077000000000022,-4.936567,-2.0125670000000007,-1.2815670000000026,2.9239999999999995,3.6549999999999976,0.7309999999999981,0.5730000000000004,?,0
39,SpIES,22:18:33.98,-00:31:41.9,22.6182,21.5453,19.909595,18.715322,-999.0,22.442,19.901,19.397,1.0729000000000006,3.902878000000001,0.17620000000000502,2.717200000000002,3.2212,-1.6357050000000015,-2.532404999999997,0.008594999999999686,0.5125949999999975,-0.8966999999999956,1.6443000000000012,2.148299999999999,-3.7266779999999957,-1.1856779999999991,-0.6816780000000016,2.540999999999997,3.0449999999999946,0.5039999999999978,0.8779999999999983,QSO,1
40,SpIES,22:19:28.51,+00:57:19.3,22.6611,21.0888,19.292482,18.172895,999.0,22.675,20.527,19.934,1.572300000000002,4.4882050000000016,-0.01389999999999958,2.134100000000004,2.7271,-1.7963179999999994,-3.382518000000001,-1.2345179999999978,-0.6415180000000014,-1.5862000000000016,0.5618000000000016,1.154799999999998,-4.502105,-2.354104999999997,-1.7611050000000006,2.1480000000000032,2.741,0.5929999999999964,0.8260000000000005,?,0
41,SpIES,22:19:31.16,+00:26:29.8,22.5225,20.9277,19.205976,18.257269,999.0,25.407,20.23,19.525,1.594799999999999,4.265231,-2.884499999999996,2.2925000000000004,2.9975000000000023,-1.7217240000000018,-6.201023999999998,-1.0240240000000007,-0.3190239999999989,-4.479299999999995,0.6977000000000011,1.402700000000003,-7.1497309999999965,-1.972731,-1.2677309999999975,5.176999999999996,5.881999999999998,0.7050000000000018,0.6759999999999984,?,0
42,SpIES,22:20:13.89,+00:11:48.0,23.0467,21.4978,19.955538,18.891333,1.93?,24.533,20.594,20.14,1.5488999999999995,4.155367000000002,-1.4863,2.4527,2.9067000000000007,-1.542262000000001,-4.5774620000000015,-0.6384620000000005,-0.1844619999999999,-3.0352,0.9038000000000004,1.3578000000000008,-5.641667000000003,-1.7026670000000017,-1.248667000000001,3.9389999999999996,4.393000000000002,0.4540000000000006,0.5570000000000022,QSO,1
43,SpIES,22:24:09.44,-00:15:23.9,23.5393,22.9742,19.717018,17.971811,2.22,25.07,21.39,20.32,0.5651000000000009,5.567489000000003,-1.5306999999999995,2.1493,3.2193000000000005,-3.257182,-5.352982000000001,-1.6729820000000009,-0.6029820000000008,-2.095800000000001,1.5841999999999992,2.6541999999999994,-7.098189000000001,-3.4181890000000017,-2.3481890000000014,3.68,4.75,1.0700000000000005,1.2939999999999987,QSO,1
44,SpIES,22:26:26.09,-00:13:27.8,22.5786,21.3126,19.613358,18.698317000000007,999.0,25.267,20.412,20.006,1.2660000000000018,3.880282999999999,-2.6883999999999983,2.1666000000000025,2.5726000000000013,-1.6992420000000017,-5.653642000000001,-0.7986420000000011,-0.39264200000000216,-3.9544,0.9006000000000007,1.3065999999999995,-6.5686829999999965,-1.7136829999999958,-1.3076829999999973,4.855,5.260999999999999,0.4059999999999988,0.5120000000000005,?,0
45,SpIES,22:29:27.38,+00:19:56.0,23.7023,22.126,20.285515,18.564192,0.615,23.015,20.768,20.383,1.5763000000000034,5.138107999999999,0.6873000000000005,2.9343000000000004,3.319300000000002,-1.8404849999999973,-2.7294850000000004,-0.4824850000000005,-0.09748499999999892,-0.8890000000000029,1.357999999999997,1.7429999999999986,-4.450807999999999,-2.2038079999999987,-1.8188079999999966,2.247,2.632000000000001,0.3850000000000016,0.9109999999999996,QSO,1
46,SpIES,22:32:29.33,+00:52:16.1,24.5428,22.4393,19.513147,18.722,1.374,22.993,21.082,20.508000000000006,2.1035000000000004,5.8207999999999975,1.5497999999999976,3.4608000000000025,4.034799999999997,-2.926153,-3.4798530000000016,-1.5688529999999972,-0.9948530000000028,-0.5537000000000027,1.3573000000000022,1.931299999999997,-4.271000000000001,-2.3599999999999963,-1.7860000000000014,1.9110000000000047,2.4849999999999994,0.5739999999999945,1.4849999999999994,QSO,1
47,SpIES,22:38:54.51,-00:46:48.6,23.318,21.6493,19.63393,18.777521,-999.0,23.769,19.742,19.081,1.6687000000000012,4.540479000000001,-0.4510000000000005,3.5760000000000005,4.237000000000002,-2.0153700000000008,-4.1350700000000025,-0.10807000000000144,0.5529299999999999,-2.1197000000000017,1.9072999999999996,2.5683000000000007,-4.991479000000002,-0.9644790000000008,-0.3034789999999994,4.027000000000001,4.6880000000000015,0.6610000000000014,0.7740000000000009,weak-det,0
48,SpIES,22:42:39.82,-00:38:47.7,23.4932,22.0036,19.875326,18.172308,0.61,25.027,21.464,21.42,1.4896000000000034,5.320892000000004,-1.5337999999999958,2.0291999999999994,2.0732,-2.1282739999999976,-5.151673999999995,-1.5886740000000008,-1.5446740000000003,-3.0233999999999988,0.5395999999999965,0.5835999999999971,-6.854692,-3.2916920000000047,-3.247692000000004,3.5629999999999957,3.606999999999996,0.04400000000000048,1.128,NLAGN,0
49,SpIES,22:44:24.48,+00:38:14.0,22.8212,21.7656,19.700924,18.680605,0,21.847,19.736,19.311,1.055600000000002,4.140595000000001,0.9742000000000032,3.0852000000000004,3.510200000000001,-2.064675999999998,-2.1460759999999968,-0.035076000000000114,0.3899240000000006,-0.08139999999999857,2.0295999999999985,2.4545999999999992,-3.1663949999999983,-1.0553950000000007,-0.6303949999999999,2.1109999999999967,2.535999999999998,0.4250000000000007,0.9879999999999978,star,0
50,SpIES,22:44:42.43,+00:13:55.8,23.5527,21.8584,19.961582,18.726618,999.0,24.24,20.67,19.949,1.6943000000000021,4.826082000000003,-0.6872999999999969,2.8827,3.6037,-1.896818,-4.278417999999999,-0.7084180000000018,0.012581999999998315,-2.3815999999999993,1.1883999999999981,1.909399999999998,-5.513382,-1.9433820000000035,-1.2223820000000032,3.5699999999999967,4.290999999999997,0.7210000000000001,0.4619999999999997,?,0
51,SpIES,22:46:26.06,+00:48:08.5,22.9831,21.2728,19.64929,18.640886,999.0,23.407,20.64,20.259,1.7103000000000002,4.342214000000002,-0.42389999999999617,2.3431,2.7241,-1.6235099999999996,-3.757709999999996,-0.9907100000000001,-0.6097099999999998,-2.1341999999999963,0.6327999999999996,1.0137999999999998,-4.766113999999998,-1.9991140000000025,-1.618114000000002,2.766999999999996,3.1479999999999957,0.3810000000000002,0.815999999999999,?,0
52,SpIES,22:48:06.28,+00:33:11.1,24.4809,22.7865,19.783106,18.818525,0.88,24.815,20.988000000000003,21.118,1.694399999999998,5.662374999999997,-0.3341000000000029,3.4928999999999952,3.362899999999996,-3.0033939999999997,-5.031894000000001,-1.204894000000003,-1.334894000000002,-2.028500000000001,1.7984999999999967,1.6684999999999979,-5.996475,-2.169475000000002,-2.299475000000001,3.826999999999998,3.6969999999999987,-0.129999999999999,0.7699999999999996,QSO,1
53,SpIES,22:50:18.05,-00:12:12.5,22.4923,20.868,19.175581,18.219614,999.0,22.896,20.061,19.439,1.6242999999999979,4.272686,-0.4037000000000006,2.4313,3.0533,-1.6924190000000008,-3.720419,-0.8854189999999988,-0.26341899999999896,-2.0279999999999987,0.8070000000000022,1.429000000000002,-4.676386000000001,-1.841386,-1.219386,2.8350000000000013,3.4570000000000007,0.6219999999999999,0.8530000000000015,?,0
54,SpIES,22:50:48.71,-00:28:18.2,22.6612,21.377,19.73506,18.711393,999.0,24.176,20.236,19.85,1.284200000000002,3.949807,-1.5147999999999977,2.4252,2.8111999999999995,-1.6419399999999982,-4.4409399999999986,-0.5009399999999999,-0.11494000000000072,-2.7989999999999995,1.1409999999999982,1.5269999999999977,-5.464606999999997,-1.5246069999999996,-1.1386070000000004,3.9399999999999977,4.325999999999997,0.3859999999999992,1.6969999999999974,?,0
55,SpIES,22:53:00.94,+00:06:13.2,21.7819,20.8818,18.756773000000006,17.888144,0.820,23.078000000000007,20.047,19.413,0.9001000000000019,3.893756,-1.2961000000000027,1.7348999999999997,2.3689,-2.125026999999996,-4.3212269999999995,-1.290226999999998,-0.6562269999999977,-2.1962000000000046,0.8347999999999978,1.4687999999999979,-5.1898560000000025,-2.158856,-1.5248559999999998,3.0310000000000024,3.6650000000000023,0.6340000000000003,1.1879999999999988,QSO,1
56,SpIES,22:55:30.02,-00:39:06.6,22.9867,21.2927,19.713392,18.670637,999.0,23.642,20.507,19.856,1.693999999999999,4.316063,-0.6553000000000004,2.4797000000000007,3.1307000000000014,-1.5793079999999975,-3.928607999999997,-0.7936079999999954,-0.14260799999999565,-2.3492999999999995,0.7857000000000021,1.436700000000002,-4.971362999999999,-1.8363629999999984,-1.1853629999999988,3.1350000000000016,3.786000000000002,0.6509999999999998,0.4969999999999999,?,0
57,SpIES,23:00:57.18,+00:03:07.5,22.7111,22.5785,19.406677,18.012420000000006,2,23.906,21.666,20.969,0.13260000000000005,4.698679999999996,-1.1949000000000003,1.045099999999998,1.7420999999999967,-3.171823,-4.499323,-2.259323000000002,-1.5623230000000028,-1.3275000000000006,0.912499999999998,1.6094999999999968,-5.8935799999999965,-3.653579999999998,-2.956579999999999,2.2399999999999984,2.9369999999999976,0.6969999999999992,1.5679999999999996,QSO,1
58,SpIES,23:01:59.80,+00:14:27.6,22.9114,21.6928,19.844791,18.746202,999.0,23.72,20.691,20.14,1.218600000000002,4.165198,-0.8085999999999984,2.220400000000001,2.7714,-1.8480089999999976,-3.875208999999998,-0.8462089999999982,-0.29520899999999983,-2.027200000000001,1.0017999999999994,1.5527999999999975,-4.973797999999999,-1.9447979999999987,-1.3937980000000003,3.029,3.5799999999999983,0.5509999999999984,0.5519999999999996,?,0
59,SpIES,23:02:14.08,+00:12:02.5,23.4823,21.8817,19.798117,18.749569,999.0,24.107,20.931,20.474,1.6006,4.7327309999999985,-0.6247000000000007,2.551300000000001,3.0082999999999984,-2.0835829999999973,-4.308882999999998,-1.1328829999999959,-0.6758829999999989,-2.2253000000000007,0.9507000000000012,1.4076999999999984,-5.357430999999998,-2.1814309999999963,-1.7244309999999992,3.176000000000002,3.6329999999999987,0.4569999999999972,0.8439999999999976,?,0
60,SpIES,23:07:10.93,+00:49:22.5,23.7588,21.8108,20.15876,18.586742,-999.0,23.794,20.837,20.175,1.9480000000000004,5.172058,-0.03519999999999968,2.921800000000001,3.5838,-1.6520399999999995,-3.63524,-0.6782399999999988,-0.01623999999999981,-1.9832,0.9738000000000008,1.6357999999999997,-5.207258,-2.2502579999999988,-1.5882579999999995,2.9570000000000007,3.619,0.661999999999999,0.4389999999999983,?,0
61,SpIES,23:08:31.85,-00:18:43.0,22.3634,20.7532,19.131529,18.049341,999.0,23.103,20.101,19.494,1.6101999999999992,4.314058999999997,-0.7396000000000029,2.2623999999999995,2.869399999999999,-1.6216709999999992,-3.971471000000001,-0.9694709999999986,-0.3624709999999993,-2.349800000000002,0.6522000000000006,1.2592,-5.053659,-2.051658999999997,-1.444658999999998,3.0020000000000024,3.6090000000000018,0.6069999999999993,0.4859999999999989,?,0
62,SpIES,23:14:16.62,+00:06:13.8,22.9303,22.8443,19.860361,18.223532,-999.0,23.27,21.572,20.974,0.08599999999999852,4.706767999999997,-0.33970000000000056,1.3582999999999998,1.9562999999999988,-2.983939000000003,-3.4096390000000016,-1.7116390000000017,-1.1136390000000027,-0.4256999999999991,1.272300000000001,1.8703000000000003,-5.046467999999997,-3.348467999999997,-2.7504679999999984,1.6980000000000004,2.296,0.597999999999999,1.4540000000000024,?,0
63,SpIES,23:14:39.55,+00:38:14.1,21.6501,20.5894,18.42292,17.622385,999.0,22.112,19.059,18.573,1.060699999999997,4.027714999999997,-0.4619,2.5910999999999973,3.0770999999999984,-2.16648,-3.689079999999997,-0.6360799999999998,-0.1500799999999991,-1.5225999999999966,1.5304000000000002,2.016400000000001,-4.489614999999997,-1.4366149999999998,-0.9506149999999992,3.0529999999999973,3.5389999999999984,0.4860000000000007,0.5600000000000005,?,0
64,SpIES,23:15:42.01,+00:13:04.0,22.5182,21.826,19.542757,18.647974,999.0,21.436,20.042,19.545,0.6921999999999997,3.8702260000000015,1.0822000000000005,2.476199999999998,2.9731999999999985,-2.2832429999999992,-1.8932429999999985,-0.4992429999999999,-0.002242999999999995,0.39000000000000057,1.7839999999999991,2.2809999999999993,-2.7880260000000017,-1.3940260000000038,-0.8970260000000039,1.3939999999999984,1.8909999999999985,0.4969999999999999,0.6120000000000001,?,0
65,SpIES,23:17:37.44,+00:36:09.2,23.462,21.5359,19.866264,18.80444,999.0,24.3,20.079,19.601,1.926099999999998,4.65756,-0.8380000000000011,3.3829999999999987,3.8610000000000007,-1.6696360000000006,-4.433736,-0.2127359999999996,0.26526400000000194,-2.7640999999999987,1.456900000000001,1.9349000000000025,-5.495560000000001,-1.274560000000001,-0.7965599999999995,4.221,4.699000000000002,0.4780000000000015,0.14500000000000135,?,0
66,SpIES,23:25:33.45,+00:56:58.8,23.8279,22.9265,19.509106,18.765951,1.569,22.859,21.893,21.028,0.9013999999999988,5.061948999999999,0.968899999999998,1.9348999999999992,2.7998999999999974,-3.4173940000000016,-3.3498940000000026,-2.383894000000001,-1.5188940000000033,0.067499999999999,1.0335,1.8984999999999983,-4.0930490000000015,-3.1270489999999995,-2.262049000000001,0.9660000000000012,1.8309999999999995,0.8649999999999984,1.4629999999999992,QSO,1
67,SpIES,23:26:07.59,+00:17:49.1,22.4975,21.6561,19.706724,18.870152,999.0,23.293000000000006,20.525,20.023,0.8414000000000001,3.627348000000001,-0.7955000000000041,1.9725,2.474499999999999,-1.9493760000000009,-3.5862760000000047,-0.8182760000000009,-0.316276000000002,-1.6369000000000042,1.1311,1.6330999999999989,-4.4228480000000046,-1.6548480000000012,-1.1528480000000023,2.768000000000004,3.270000000000003,0.5019999999999989,0.20500000000000007,?,0
68,SpIES,23:39:23.31,+00:38:19.9,23.08,21.3445,19.843487,18.616552,999.0,23.839,20.376,19.787,1.7354999999999985,4.4634480000000005,-0.7590000000000039,2.7040000000000006,3.2929999999999997,-1.5010130000000004,-3.9955130000000025,-0.532512999999998,0.05648700000000063,-2.494500000000002,0.9685000000000024,1.557500000000001,-5.222448000000004,-1.759447999999999,-1.1704480000000004,3.4630000000000045,4.052000000000003,0.5889999999999986,0.8039999999999985,?,0
69,SpIES,23:43:12.41,+00:02:16.8,23.1499,21.4187,19.694263,18.549038,0.415?,23.893,20.685,19.87,1.7311999999999976,4.6008619999999985,-0.7431000000000019,2.4649,3.2798999999999983,-1.7244370000000018,-4.198737000000001,-0.9907369999999992,-0.1757370000000016,-2.4742999999999995,0.7337000000000025,1.5487000000000002,-5.343962000000001,-2.1359619999999997,-1.3209620000000015,3.208000000000002,4.023,0.8149999999999977,1.0879999999999992,AGN,0
70,SpIES,23:46:42.13,+00:12:07.3,22.3867,21.927,19.42613,18.419031,-999.0,24.261,19.728,18.978,0.4597000000000016,3.9676690000000012,-1.8742999999999979,2.658700000000003,3.408700000000003,-2.500869999999999,-4.834869999999999,-0.3018699999999974,0.4481300000000026,-2.334,2.1990000000000016,2.9490000000000016,-5.841968999999999,-1.3089689999999976,-0.5589689999999976,4.533000000000001,5.283000000000001,0.75,0.10299999999999976,?,0
71,SpIES,23:46:51.15,+00:50:37.0,22.4964,21.4684,19.481907,18.613375,.866,22.974,20.115,19.628,1.0280000000000022,3.883025,-0.4775999999999989,2.381400000000003,2.868400000000001,-1.9864929999999996,-3.492093000000001,-0.6330929999999988,-0.14609300000000047,-1.5056000000000012,1.3534000000000006,1.8403999999999991,-4.360624999999999,-1.5016249999999967,-1.0146249999999988,2.8590000000000018,3.346,0.4869999999999983,0.6280000000000001,QSO,1
72,SpIES,23:54:46.84,-00:44:17.6,22.8219,22.169,20.110823,18.31124,?,23.848000000000006,21.502,20.424,0.6528999999999989,4.5106600000000014,-1.0261000000000031,1.3199000000000003,2.3979,-2.0581770000000006,-3.737177000000002,-1.391176999999999,-0.3131769999999996,-1.679000000000002,0.6670000000000016,1.745000000000001,-5.536760000000005,-3.1907600000000014,-2.112760000000001,2.346000000000004,3.424000000000003,1.0779999999999994,1.540000000000001,QSO,1
73,SpIES,23:55:45.45,-00:11:21.8,22.4901,22.6377,20.213734,18.047157,2.53,23.038,22.463,21.434,-0.14759999999999707,4.442943,-0.5478999999999985,0.02710000000000079,1.0561000000000007,-2.423966,-2.824266000000001,-2.249266000000002,-1.2202660000000023,-0.40030000000000143,0.17469999999999786,1.2036999999999978,-4.990842999999998,-4.415842999999999,-3.386842999999999,0.5749999999999993,1.6039999999999992,1.0290000000000001,1.4209999999999994,QSO,1
74,SpIES,23:56:46.43,-00:56:22.2,23.693,22.7535,19.689388,18.623104,0.876,23.22,21.244,20.072,0.9395000000000024,5.069896,0.4730000000000025,2.4490000000000016,3.6210000000000018,-3.0641119999999984,-3.5306119999999983,-1.5546119999999988,-0.3826119999999982,-0.4664999999999999,1.5094999999999992,2.6815,-4.596895999999997,-2.6208959999999983,-1.4488959999999975,1.975999999999999,3.148,1.1720000000000006,1.2599999999999998,QSO,1
75,SpIES,23:57:38.45,+00:45:41.5,24.2575,22.233,20.153868,18.63258,0.467,24.786,21.263,20.67,2.0245,5.624920000000002,-0.5284999999999975,2.9944999999999986,3.5874999999999986,-2.0791320000000013,-4.632131999999999,-1.1091320000000024,-0.5161320000000025,-2.5529999999999973,0.9699999999999988,1.5629999999999988,-6.1534200000000014,-2.6304200000000044,-2.0374200000000044,3.5229999999999957,4.115999999999996,0.593,1.1370000000000005,QSO/AGN,0
76,FIRST,135.89389,7.1882779999999995,20.91399955749512,19.511999130249023,17.511,15.838,-1.0,22.276,19.014,18.528,1.4020004272460973,5.0759995574951216,-1.3620004425048793,1.8999995574951212,2.385999557495122,-2.000999130249024,-4.7650000000000015,-1.503,-1.0169999999999997,-2.7640008697509764,0.4979991302490241,0.9839991302490247,-6.4380000000000015,-3.176,-2.6899999999999995,3.2620000000000005,3.748000000000001,0.4860000000000007,1.2490000000000006,?,0
77,FIRST,136.21048000000002,-1.756819,21.17625,20.74213,16.636,14.821,1.005,21.993,19.898,18.97,0.4341200000000001,6.35525,-0.8167500000000025,1.27825,2.2062500000000007,-4.10613,-5.357000000000003,-3.2620000000000005,-2.334,-1.2508700000000026,0.8441299999999998,1.7721300000000006,-7.172000000000002,-5.077,-4.148999999999999,2.0950000000000024,3.0230000000000032,0.9280000000000008,1.4149999999999991,QSO,1
78,FIRST,138.868927,4.489078,21.35282,19.73313,17.041,14.673,-1.0,23.014,18.923,18.197,1.619690000000002,6.679820000000001,-1.6611799999999979,2.429820000000003,3.1558200000000016,-2.692129999999999,-5.972999999999999,-1.881999999999998,-1.1559999999999988,-3.2808699999999997,0.8101300000000009,1.53613,-8.341000000000001,-4.249999999999998,-3.5239999999999987,4.091000000000001,4.817,0.7259999999999991,1.2159999999999975,?,0
79,FIRST,139.028152,7.183164,22.00951,21.594620000000006,18.718,16.266,1.45,21.954,21.276,20.569000000000006,0.41488999999999976,5.743510000000003,0.055510000000001725,0.7335100000000025,1.4405099999999995,-2.8766200000000026,-3.2360000000000007,-2.5580000000000003,-1.8510000000000024,-0.35937999999999803,0.3186200000000028,1.02562,-5.688000000000002,-5.010000000000002,-4.303000000000004,0.6780000000000008,1.384999999999998,0.7069999999999972,1.6290000000000011,QSO,1
80,FIRST,139.078156,0.859519,24.08746,22.42871,17.743,15.925,1.53,24.486,20.542,19.484,1.6587500000000013,8.162460000000001,-0.39854000000000056,3.5454600000000016,4.603459999999998,-4.68571,-6.743000000000002,-2.7989999999999995,-1.7410000000000032,-2.0572900000000023,1.8867100000000008,2.944709999999997,-8.561,-4.616999999999997,-3.559000000000001,3.9440000000000026,5.001999999999999,1.0579999999999965,1.4760000000000009,QSO,1
81,FIRST,140.1465,6.364375,19.981000900268555,18.77199935913086,16.664,14.851,0.193,26.091,18.006,17.685,1.209001541137695,5.1300009002685565,-6.109999099731443,1.9750009002685545,2.296000900268556,-2.1079993591308583,-9.426999999999996,-1.3419999999999987,-1.0209999999999972,-7.319000640869138,0.7659993591308591,1.0869993591308609,-11.239999999999998,-3.155000000000001,-2.834,8.084999999999997,8.405999999999999,0.3210000000000015,0.7430000000000021,NLAGN,0
82,FIRST,140.366333,2.607455,22.49779,22.18034,19.331,16.893,1.5,22.819000000000006,21.765,21.168000000000006,0.3174499999999973,5.604789999999998,-0.3212100000000042,0.7327899999999978,1.3297899999999956,-2.849340000000001,-3.488000000000003,-2.434000000000001,-1.8370000000000035,-0.6386600000000016,0.4153400000000005,1.0123399999999982,-5.926000000000003,-4.872,-4.275000000000002,1.054000000000002,1.6509999999999998,0.5969999999999978,1.314,QSO,1
83,FIRST,140.979324,2.598125,23.62197,21.88839,18.33,16.445,2.09,24.306,20.776,19.73,1.73358,7.176970000000002,-0.6840299999999964,2.845970000000001,3.8919700000000006,-3.558390000000003,-5.975999999999999,-2.446000000000001,-1.400000000000002,-2.4176099999999963,1.112390000000001,2.1583900000000007,-7.860999999999998,-4.331,-3.285,3.5299999999999976,4.575999999999997,1.0459999999999994,1.1199999999999992,QSO,1
84,FIRST,141.260605,5.478447,25.2272,22.77061,18.413,16.53,-1.0,25.438,20.866,20.405,2.4565899999999985,8.697199999999999,-0.2108000000000025,4.3612,4.822199999999999,-4.357610000000001,-7.025000000000002,-2.4529999999999994,-1.9920000000000009,-2.667390000000001,1.9046100000000017,2.3656099999999998,-8.908000000000003,-4.335999999999999,-3.875,4.572000000000003,5.033000000000001,0.4609999999999985,0.6160000000000014,?,0
85,FIRST,141.26538100000002,3.909531,22.35075,22.26649,18.969,16.919,1.18,22.338,21.341,20.661,0.08426000000000045,5.431750000000001,0.012750000000000485,1.009750000000004,1.6897500000000036,-3.2974900000000003,-3.369,-2.3719999999999963,-1.6919999999999966,-0.07150999999999996,0.9254900000000036,1.6054900000000032,-5.4190000000000005,-4.421999999999997,-3.741999999999997,0.9970000000000034,1.6770000000000032,0.6799999999999997,1.0939999999999994,QSO,1
86,FIRST,142.264297,8.078195,23.21439,21.16796,18.659,16.160999999999998,-1.0,22.631,19.919,19.024,2.0464299999999973,7.053389999999999,0.5833899999999979,3.2953899999999976,4.190389999999997,-2.5089599999999983,-3.9719999999999978,-1.259999999999998,-0.3649999999999984,-1.4630399999999997,1.2489600000000003,2.14396,-6.470000000000002,-3.7580000000000022,-2.863000000000003,2.712,3.6069999999999993,0.8949999999999996,0.7349999999999994,?,0
87,FIRST,146.617599,0.287219,23.72848,22.09976,18.773,16.747,-1.0,24.119,20.938,20.283,1.6287199999999975,6.981479999999998,-0.3905200000000022,2.790479999999995,3.4454799999999963,-3.3267599999999997,-5.346,-2.1650000000000027,-1.5100000000000016,-2.01924,1.1617599999999977,1.8167599999999984,-7.372000000000001,-4.1910000000000025,-3.5360000000000014,3.1809999999999974,3.8359999999999994,0.6550000000000011,0.5120000000000005,?,0
88,FIRST,146.93109099999998,3.034814,23.18502,21.98312,18.881,16.272000000000002,2.35,25.449,21.337,21.09,1.201900000000002,6.91302,-2.26398,1.8480200000000016,2.0950200000000017,-3.1021199999999998,-6.568000000000001,-2.4559999999999995,-2.209,-3.4658800000000016,0.6461199999999998,0.8931199999999997,-9.177,-5.064999999999999,-4.817999999999998,4.112000000000002,4.359000000000002,0.2469999999999999,1.2490000000000006,QSO,1
89,FIRST,146.997818,-1.8458919999999999,21.41699981689453,19.95599937438965,17.485,15.207,-1.0,22.645,19.336,18.781,1.4610004425048828,6.2099998168945305,-1.2280001831054683,2.0809998168945327,2.6359998168945324,-2.470999374389649,-5.16,-1.850999999999999,-1.2959999999999994,-2.689000625610351,0.6199993743896499,1.1749993743896496,-7.437999999999999,-4.128999999999998,-3.573999999999998,3.309000000000001,3.8640000000000008,0.5549999999999997,0.9279999999999989,?,0
90,FIRST,147.208603,10.480772,22.1132,21.28862,18.103,16.192,-1.0,24.373,20.364,19.298,0.8245799999999974,5.921199999999999,-2.259800000000002,1.7491999999999983,2.8152000000000013,-3.185620000000004,-6.270000000000002,-2.261000000000003,-1.1950000000000005,-3.0843799999999995,0.9246200000000008,1.9906200000000036,-8.181000000000001,-4.1720000000000015,-3.105999999999998,4.0089999999999995,5.075000000000003,1.0660000000000025,1.1400000000000006,?,0
91,FIRST,148.154678,5.033336,24.03196,22.02098,18.817,16.795,-1.0,23.073,21.251,20.543000000000006,2.0109800000000035,7.236960000000001,0.9589600000000011,2.7809600000000043,3.4889599999999987,-3.2039799999999983,-4.256,-2.433999999999997,-1.7260000000000026,-1.0520200000000024,0.7699800000000003,1.4779799999999952,-6.277999999999999,-4.455999999999996,-3.748000000000001,1.8220000000000027,2.5299999999999976,0.7079999999999949,1.0300000000000011,?,0
92,FIRST,148.59892299999998,8.616344,23.57064,23.05098,18.617,16.951,1.65,25.014,21.562,20.793000000000006,0.5196600000000018,6.6196399999999995,-1.4433599999999984,2.0086400000000038,2.777639999999998,-4.433979999999998,-6.396999999999999,-2.9449999999999967,-2.176000000000002,-1.96302,1.4889800000000015,2.2579799999999963,-8.062999999999999,-4.610999999999997,-3.8420000000000014,3.4520000000000017,4.2209999999999965,0.7689999999999948,1.2040000000000006,QSO,1
93,FIRST,149.65541100000002,5.6375269999999995,22.39284,21.28395,18.435,16.191,-1.0,26.536,20.034,19.201,1.1088899999999988,6.201840000000002,-4.143159999999998,2.358839999999997,3.1918399999999987,-2.8489500000000016,-8.100999999999999,-1.5990000000000038,-0.7660000000000018,-5.252049999999997,1.2499499999999983,2.0829500000000003,-10.345,-3.843000000000004,-3.0100000000000016,6.501999999999995,7.334999999999997,0.8330000000000021,1.3119999999999994,?,0
94,FIRST,151.690475,9.877616,23.58173,21.95996,18.986,16.954,-1.0,26.92,19.762,18.515,1.6217700000000017,6.627730000000001,-3.3382700000000014,3.8197300000000003,5.066730000000001,-2.973959999999998,-7.934000000000001,-0.7759999999999998,0.4710000000000001,-4.960040000000003,2.1979599999999984,3.4449599999999982,-9.966,-2.8080000000000003,-1.561,7.158000000000001,8.405000000000001,1.247,0.5489999999999995,?,0
95,FIRST,152.490326,7.6367389999999995,20.23500061035156,19.174999237060547,17.081,14.959,0.24100000000000002,21.959,18.599,18.21,1.060001373291012,5.2760006103515575,-1.723999389648441,1.6360006103515587,2.025000610351558,-2.093999237060548,-4.878,-1.518000000000001,-1.1290000000000011,-2.7840007629394528,0.5759992370605467,0.9649992370605458,-6.999999999999997,-3.639999999999999,-3.2509999999999994,3.3599999999999994,3.748999999999999,0.38899999999999935,1.012999999999998,NLAGN?,0
96,FIRST,155.41304,9.089814,23.22243,22.91184,18.935,16.83,-1.0,25.043000000000006,21.318,21.152,0.31059000000000125,6.392430000000001,-1.820570000000004,1.9044299999999976,2.0704300000000018,-3.9768399999999993,-6.108000000000003,-2.3830000000000027,-2.2169999999999987,-2.131160000000005,1.5938399999999966,1.7598400000000003,-8.213000000000005,-4.488000000000003,-4.321999999999999,3.7250000000000014,3.891000000000005,0.16600000000000392,1.1880000000000006,?,0
97,FIRST,155.723618,5.282714,21.496000289916992,20.434999465942386,17.702,15.718,0.586,22.552,19.335,19.279,1.0610008239746058,5.778000289916992,-1.0559997100830074,2.161000289916992,2.2170002899169923,-2.7329994659423846,-4.849999999999998,-1.6329999999999991,-1.5769999999999982,-2.117000534057613,1.0999994659423855,1.1559994659423865,-6.834,-3.6170000000000013,-3.5610000000000004,3.2169999999999987,3.273,0.05600000000000094,1.2509999999999994,QSO,1
98,FIRST,157.1427,3.1842610000000002,23.64324,23.64258,18.572,16.235,-1.0,25.104,22.658,20.248,0.0006599999999998829,7.408239999999998,-1.4607600000000005,0.9852399999999976,3.3952399999999976,-5.0705800000000005,-6.532,-4.086000000000002,-1.6760000000000022,-1.4614200000000004,0.9845799999999976,3.3945799999999977,-8.869,-6.423000000000003,-4.013000000000002,2.445999999999998,4.855999999999998,2.41,1.7119999999999995,?,0
99,FIRST,158.25773600000002,2.0568470000000003,22.71119,21.49479,17.83,16.157,-1.0,23.07,20.413,19.619,1.2164,6.5541899999999975,-0.35881000000000185,2.2981899999999977,3.0921899999999987,-3.66479,-5.240000000000002,-2.583000000000002,-1.7890000000000017,-1.575210000000002,1.0817899999999978,1.8757899999999983,-6.912999999999999,-4.256,-3.462,2.657,3.4510000000000005,0.7940000000000005,0.7189999999999994,?,0
100,FIRST,159.319153,2.211878,22.99729,21.64673,17.494,15.857,0.77,23.555,20.455,19.427,1.3505600000000015,7.140289999999999,-0.5577100000000002,2.5422900000000013,3.57029,-4.152729999999998,-6.061,-2.9609999999999985,-1.933,-1.9082700000000017,1.1917299999999995,2.2197299999999984,-7.697999999999999,-4.597999999999997,-3.5699999999999985,3.1000000000000014,4.128,1.0279999999999987,0.971000000000002,QSO,1
101,FIRST,159.472565,2.6099,22.4957,21.57678,18.389,16.485,2.38,23.173,20.599,19.859,0.9189200000000001,6.0107,-0.6773000000000025,1.8966999999999992,2.6366999999999976,-3.18778,-4.7840000000000025,-2.210000000000001,-1.4700000000000024,-1.5962200000000024,0.9777799999999992,1.7177799999999976,-6.688000000000002,-4.114000000000001,-3.3740000000000023,2.5740000000000016,3.3139999999999996,0.7399999999999984,1.1479999999999997,QSO,1
102,FIRST,166.079712,4.080811,22.17947,21.98209,19.037,16.925,-1.0,23.877,21.239,20.489,0.19738000000000253,5.254470000000001,-1.6975299999999969,0.9404700000000012,1.6904700000000012,-2.9450900000000004,-4.84,-2.2020000000000017,-1.4520000000000015,-1.8949099999999997,0.7430899999999987,1.4930899999999987,-6.951999999999997,-4.314,-3.5639999999999996,2.637999999999998,3.387999999999998,0.75,0.7530000000000019,?,0
103,FIRST,166.38179,7.986556,23.60688,21.97518,18.594,16.81,-1.0,25.184,21.19,20.2,1.631700000000002,6.7968800000000025,-1.5771200000000007,2.416879999999999,3.406880000000001,-3.381179999999997,-6.59,-2.596,-1.6059999999999979,-3.208820000000003,0.7851799999999969,1.7751799999999989,-8.374000000000002,-4.380000000000003,-3.390000000000001,3.994,4.984000000000002,0.9900000000000021,0.5019999999999989,?,0
104,FIRST,168.88218700000002,7.267436999999999,24.60187,22.33375,19.038,16.417,-1.0,23.417,21.181,20.084,2.2681200000000032,8.18487,1.1848700000000036,3.4208700000000043,4.517870000000002,-3.295749999999998,-4.378999999999998,-2.1429999999999967,-1.0459999999999994,-1.0832499999999996,1.152750000000001,2.2497499999999993,-6.9999999999999964,-4.763999999999996,-3.666999999999998,2.2360000000000007,3.3329999999999984,1.0969999999999978,1.2939999999999987,?,0
105,FIRST,169.438309,2.765542,21.792999267578125,20.097999572753906,17.741,15.629,-1.0,22.651,19.415,18.852,1.6949996948242188,6.163999267578124,-0.8580007324218748,2.377999267578126,2.9409992675781247,-2.3569995727539066,-4.91,-1.6739999999999997,-1.1110000000000009,-2.5530004272460936,0.6829995727539071,1.245999572753906,-7.021999999999999,-3.7859999999999983,-3.222999999999999,3.2360000000000007,3.799,0.5629999999999988,0.5040000000000013,?,0
106,FIRST,171.310181,3.4654199999999995,21.94603,21.11668,18.457,15.946,-1.0,23.074,20.179,19.87,0.8293500000000016,6.0000300000000015,-1.1279700000000012,1.7670299999999983,2.07603,-2.659679999999998,-4.617000000000001,-1.7220000000000013,-1.4130000000000005,-1.9573200000000028,0.9376799999999968,1.2466799999999978,-7.128000000000003,-4.233000000000001,-3.924000000000001,2.895,3.2040000000000006,0.30900000000000105,1.0540000000000005,?,0
107,FIRST,173.806488,5.552222,23.50839,22.79906,18.684,16.329,1.27,24.079,21.656,20.629,0.7093299999999978,7.179389999999998,-0.5706100000000021,1.85239,2.879389999999997,-4.11506,-5.395,-2.9719999999999978,-1.9450000000000005,-1.27994,1.143060000000002,2.1700599999999994,-7.75,-5.326999999999998,-4.300000000000002,2.4230000000000023,3.4499999999999997,1.0269999999999977,1.4510000000000025,QSO,1
108,FIRST,174.10997,-0.894206,23.47608,22.77537,18.166,16.472,0.6729999999999999,23.198,20.28,19.801,0.7007099999999973,7.004079999999997,0.2780799999999992,3.1960799999999985,3.675080000000001,-4.609370000000002,-5.032,-2.1140000000000008,-1.634999999999998,-0.4226299999999981,2.4953700000000008,2.974370000000004,-6.725999999999999,-3.8080000000000003,-3.328999999999997,2.9179999999999997,3.3970000000000016,0.4790000000000028,1.137999999999998,QSO,1
109,FIRST,175.45294199999998,13.945810999999999,22.45922,21.54399,18.066,16.022000000000002,0.82,23.04,20.608,19.794,0.9152300000000012,6.43722,-0.5807799999999972,1.8512200000000012,2.665220000000001,-3.477990000000002,-4.974,-2.5420000000000016,-1.7280000000000015,-1.4960099999999985,0.9359900000000004,1.7499900000000004,-7.017999999999998,-4.585999999999999,-3.7719999999999994,2.4319999999999986,3.2459999999999987,0.8140000000000001,1.3129999999999988,QSO,1
110,FIRST,177.864624,14.740335,24.17564,21.90653,18.748,16.753,-1.0,21.182,19.07,18.762,2.2691099999999977,7.422639999999998,2.9936399999999987,5.1056399999999975,5.413639999999997,-3.158529999999999,-2.433999999999997,-0.3219999999999992,-0.013999999999999345,0.7245300000000015,2.83653,3.14453,-4.428999999999999,-2.3169999999999997,-2.0090000000000003,2.1119999999999983,2.4199999999999977,0.30799999999999983,0.9709999999999984,NLAGN?no_obs,0
111,FIRST,179.92553700000002,12.288055,23.37249,22.35161,19.51,16.968,-1.0,23.002,20.74,19.854,1.0208799999999982,6.404489999999999,0.3704900000000002,2.6324900000000007,3.5184900000000003,-2.8416099999999997,-3.4919999999999973,-1.2299999999999969,-0.34399999999999764,-0.6503899999999979,1.6116100000000024,2.4976100000000017,-6.033999999999999,-3.7719999999999994,-2.8859999999999992,2.2620000000000005,3.148,0.8859999999999992,1.2060000000000013,?,0
112,FIRST,182.281265,14.883830999999999,23.2703,22.50354,18.846,16.519000000000002,2.3,23.208,21.65,20.72,0.7667599999999979,6.751299999999998,0.06229999999999691,1.6203000000000003,2.5503,-3.6575400000000013,-4.362000000000002,-2.8039999999999985,-1.8739999999999988,-0.7044600000000011,0.8535400000000024,1.783540000000002,-6.689,-5.130999999999997,-4.200999999999997,1.5580000000000034,2.488000000000003,0.9299999999999996,1.1259999999999977,QSO,1
113,FIRST,183.865326,7.299253,21.757620000000006,21.44708,17.94,15.796,1.43,22.82,20.962,20.276,0.31054000000000315,5.961620000000004,-1.0623799999999974,0.7956200000000031,1.4816200000000033,-3.5070799999999984,-4.879999999999999,-3.0219999999999985,-2.3359999999999985,-1.3729200000000006,0.48508,1.17108,-7.024000000000001,-5.166,-4.48,1.8580000000000003,2.5440000000000005,0.6859999999999999,1.6950000000000005,QSO,1
114,FIRST,185.239243,9.721089,22.59715,21.74236,18.533,16.503,0.89,24.266,20.435,19.572,0.8547899999999977,6.094149999999999,-1.668849999999999,2.1621500000000005,3.02515,-3.2093599999999998,-5.732999999999998,-1.9019999999999972,-1.038999999999998,-2.5236399999999968,1.3073600000000027,2.1703600000000023,-7.762999999999997,-3.931999999999999,-3.0689999999999986,3.831,4.693999999999999,0.8629999999999995,1.0999999999999996,QSO,1
115,FIRST,188.688583,1.213272,22.21562,21.71405,18.236,16.574,1.38,23.011,20.7,20.566,0.5015700000000011,5.64162,-0.7953799999999979,1.5156200000000022,1.6496200000000023,-3.47805,-4.774999999999999,-2.463999999999998,-2.3299999999999983,-1.296949999999999,1.014050000000001,1.1480500000000011,-6.436999999999998,-4.125999999999999,-3.991999999999997,2.311,2.4450000000000003,0.13400000000000034,0.6890000000000018,?,0
116,FIRST,189.371475,10.624531,24.14935,22.39802,18.913,16.967,-1.0,25.73,20.931,21.092,1.7513299999999958,7.18235,-1.580650000000002,3.2183500000000014,3.05735,-3.4850200000000022,-6.817,-2.0179999999999967,-2.1789999999999985,-3.3319799999999984,1.4670200000000049,1.3060200000000035,-8.763000000000002,-3.963999999999999,-4.125,4.799000000000003,4.638000000000002,-0.16100000000000134,0.6240000000000006,?,0
117,FIRST,190.23538200000002,11.297389,22.42873,21.54053,18.794,16.271,-1.0,22.758000000000006,20.916,20.147,0.8881999999999977,6.157729999999997,-0.3292700000000046,1.5127299999999977,2.281729999999996,-2.74653,-3.9640000000000017,-2.122,-1.3530000000000015,-1.2174700000000025,0.62453,1.3935299999999984,-6.487000000000003,-4.645,-3.876000000000001,1.8420000000000023,2.6110000000000007,0.7689999999999984,1.6590000000000007,?,0
118,FIRST,190.848892,10.395661,21.54865,20.52405,17.52,15.474,0.68,22.881,19.522,19.041,1.0245999999999995,6.074649999999997,-1.3323500000000017,2.0266499999999965,2.5076499999999977,-3.0040499999999994,-5.3610000000000015,-2.0020000000000024,-1.5210000000000008,-2.3569500000000008,1.002049999999997,1.4830499999999986,-7.407,-4.048000000000002,-3.5669999999999997,3.358999999999998,3.84,0.4810000000000017,1.0949999999999989,QSO,1
119,FIRST,192.802597,14.071755,25.32500076293945,24.91900062561035,,16.267,2.09,22.095,25.413,22.601,0.406000137329098,9.05800076293945,3.2300007629394507,-0.08799923706055067,2.7240007629394505,,,,,2.8240006256103527,-0.4939993743896487,2.3180006256103525,-5.8279999999999985,-9.146,-6.334,-3.3180000000000014,-0.5060000000000002,2.812000000000001,1.7180000000000002,QSO,1
120,FIRST,192.802597,14.071755,22.2,22.2,,16.267,2.09,22.095,25.413,22.601,0.0,5.933,0.10500000000000044,-3.2130000000000014,-0.4009999999999998,,,,,0.10500000000000044,-3.2130000000000014,-0.4009999999999998,-5.8279999999999985,-9.146,-6.334,-3.3180000000000014,-0.5060000000000002,2.812000000000001,1.7180000000000002,duplicate,0
121,FIRST,192.809189,7.264444,22.29093,21.59739,18.687,15.89,0.738,23.446,20.333,19.765,0.6935399999999987,6.400929999999999,-1.1550699999999985,1.9579300000000008,2.525929999999999,-2.91039,-4.758999999999997,-1.6459999999999972,-1.0779999999999994,-1.8486099999999968,1.2643900000000023,1.83239,-7.555999999999997,-4.442999999999998,-3.875,3.1129999999999995,3.680999999999997,0.5679999999999978,1.270999999999999,QSO,1
122,FIRST,194.140533,4.046372,21.70737,20.9434,17.522000000000002,15.687,0.9179999999999999,22.468000000000004,20.432,19.576,0.7639700000000005,6.02037,-0.7606300000000026,1.2753699999999988,2.1313700000000004,-3.4213999999999984,-4.9460000000000015,-2.91,-2.0539999999999985,-1.5246000000000033,0.5113999999999983,1.3674,-6.781000000000002,-4.745000000000001,-3.8889999999999993,2.0360000000000014,2.892000000000003,0.8560000000000016,1.252000000000001,QSO,1
123,FIRST,195.25299099999998,0.796667,22.96151,21.75329,18.281,16.18,-1.0,23.293000000000006,21.143,20.55,1.2082200000000007,6.781510000000001,-0.3314900000000023,1.81851,2.41151,-3.472290000000001,-5.012000000000004,-2.862000000000002,-2.269000000000002,-1.5397100000000032,0.6102899999999991,1.2032899999999989,-7.113000000000002,-4.963000000000001,-4.370000000000001,2.150000000000002,2.7430000000000017,0.593,1.3930000000000025,?,0
124,FIRST,195.737259,-0.9605530000000001,22.11707,20.67942,19.01,15.495,-1.0,23.432,20.261,20.174,1.4376500000000014,6.622070000000003,-1.3149299999999968,1.8560700000000023,1.9430700000000023,-1.6694199999999988,-4.421999999999997,-1.2509999999999977,-1.1639999999999981,-2.7525799999999983,0.4184200000000011,0.5054200000000009,-7.9369999999999985,-4.766,-4.678999999999999,3.171,3.2579999999999987,0.08699999999999974,1.2489999999999988,?,0
125,FIRST,199.16143799999998,14.972492,23.22038,22.6488,18.731,16.766,-1.0,23.792,20.922,19.959,0.5715799999999973,6.4543800000000005,-0.5716199999999994,2.2983800000000016,3.2613799999999986,-3.9178000000000033,-5.061,-2.190999999999999,-1.2280000000000015,-1.1431999999999969,1.7268000000000043,2.6898000000000017,-7.026,-4.155999999999999,-3.1930000000000014,2.870000000000001,3.8329999999999984,0.9629999999999974,0.7759999999999979,?,0
126,FIRST,200.579041,9.810628,23.72672,22.9327,19.098,16.92,0.0,25.541,22.137,21.051,0.7940199999999997,6.806719999999999,-1.81428,1.5897200000000034,2.675720000000002,-3.8347000000000016,-6.443000000000001,-3.0389999999999984,-1.9529999999999996,-2.6083,0.7957000000000036,1.881700000000002,-8.620999999999999,-5.216999999999995,-4.130999999999997,3.4040000000000035,4.490000000000002,1.0859999999999983,1.277000000000001,QSO,1
127,FIRST,201.977951,12.385753999999999,21.74896,21.30875,18.16,16.214000000000002,-1.0,22.355,20.908,20.344,0.4402100000000004,5.534959999999997,-0.6060400000000001,0.8409599999999989,1.404959999999999,-3.14875,-4.195,-2.748000000000001,-2.184000000000001,-1.0462500000000006,0.4007499999999986,0.9647499999999988,-6.140999999999997,-4.693999999999999,-4.129999999999999,1.4469999999999992,2.0109999999999992,0.5640000000000001,1.1509999999999998,?,0
128,FIRST,204.334518,-0.7175060000000001,23.06158,21.79888,18.375,16.285,-1.0,26.075,20.541,19.545,1.2626999999999988,6.776579999999999,-3.01342,2.520579999999999,3.5165799999999976,-3.4238800000000005,-7.699999999999998,-2.1660000000000004,-1.1700000000000017,-4.276119999999999,1.2578799999999999,2.2538799999999988,-9.79,-4.256,-3.2600000000000016,5.533999999999999,6.529999999999998,0.9959999999999988,1.075000000000001,?,0
129,FIRST,205.89946,8.911577000000001,23.36576,22.94761,19.454,16.849,0.99,23.827,21.204,21.117,0.4181500000000007,6.516760000000001,-0.4612399999999965,2.161760000000001,2.2487600000000043,-3.4936100000000003,-4.3729999999999976,-1.75,-1.6629999999999967,-0.8793899999999972,1.7436100000000003,1.830610000000004,-6.977999999999998,-4.355,-4.267999999999997,2.6229999999999976,2.7100000000000013,0.0870000000000033,1.490999999999998,QSO,1
130,FIRST,207.663864,13.124342,22.03279,21.83038,18.732,16.19,2.4459999999999997,22.996,21.1,20.625,0.2024100000000004,5.842789999999997,-0.96321,0.9327899999999972,1.4077899999999983,-3.098379999999999,-4.2639999999999985,-2.368000000000002,-1.893000000000001,-1.1656200000000003,0.7303799999999967,1.205379999999998,-6.805999999999997,-4.91,-4.434999999999999,1.8959999999999968,2.3709999999999987,0.4750000000000014,0.7720000000000002,QSO,1
131,FIRST,208.579239,0.19805799999999998,20.08603,18.90609,16.445,13.777,0.263,21.324,18.569000000000006,17.781,1.1799399999999984,6.309029999999996,-1.2379700000000042,1.5170299999999948,2.3050299999999986,-2.4610899999999987,-4.879000000000001,-2.1240000000000023,-1.3359999999999983,-2.4179100000000027,0.33708999999999634,1.12509,-7.5470000000000015,-4.792000000000002,-4.003999999999998,2.754999999999999,3.543000000000003,0.7880000000000038,1.0939999999999994,Starb,0
132,FIRST,211.850632,12.779989,22.83184,21.82998,19.118,16.675,-1.0,24.039,21.026,21.236,1.0018600000000006,6.156839999999999,-1.2071600000000018,1.8058400000000001,1.595839999999999,-2.7119800000000005,-4.921000000000003,-1.9080000000000013,-2.118000000000002,-2.2090200000000024,0.8039799999999993,0.5939799999999984,-7.364000000000001,-4.350999999999999,-4.561,3.0130000000000017,2.8030000000000013,-0.21000000000000085,1.4509999999999987,?,0
133,FIRST,214.10433999999998,4.015267,23.03259,22.60031,18.91,16.292,-1.0,24.555,21.442,20.392,0.43227999999999867,6.740589999999997,-1.5224100000000007,1.5905900000000024,2.6405899999999995,-3.6903099999999998,-5.645,-2.5319999999999965,-1.481999999999999,-1.9546899999999996,1.1583100000000035,2.208310000000001,-8.262999999999998,-5.149999999999995,-4.099999999999998,3.113000000000003,4.163,1.0499999999999972,1.4929999999999986,?,0
134,FIRST,214.545776,8.582628,23.52411,22.7179,18.936,16.51,-1.0,23.528,21.19,20.394,0.8062100000000001,7.014109999999999,-0.0038900000000019475,2.334109999999999,3.1301099999999984,-3.7819,-4.592000000000001,-2.2540000000000013,-1.4580000000000022,-0.810100000000002,1.5278999999999991,2.3238999999999983,-7.018000000000002,-4.68,-3.884,2.338000000000001,3.1340000000000003,0.7959999999999994,1.6929999999999996,?,0
135,FIRST,216.19635,9.299622,23.17391,21.92149,19.022,16.744,0.725,23.475,20.998,20.35,1.2524200000000008,6.42991,-0.3010900000000021,2.1759099999999982,2.8239099999999984,-2.899489999999997,-4.4529999999999985,-1.975999999999999,-1.3279999999999994,-1.5535100000000028,0.9234899999999976,1.5714899999999972,-6.7310000000000025,-4.254000000000001,-3.6060000000000016,2.4770000000000003,3.125,0.6479999999999997,1.5099999999999998,QSO,1
136,FIRST,218.346146,8.880980000000001,24.18289,21.95346,17.954,15.543,3.77,23.093000000000004,21.182,20.161,2.2294300000000007,8.639890000000001,1.089889999999997,3.000890000000002,4.021890000000003,-3.9994599999999987,-5.139000000000003,-3.2279999999999984,-2.206999999999997,-1.1395400000000038,0.7714600000000011,1.7924600000000022,-7.550000000000003,-5.6389999999999985,-4.617999999999999,1.9110000000000047,2.9320000000000057,1.0210000000000008,0.6989999999999998,QSO,1
137,FIRST,218.51924100000002,9.591364,23.65996,20.98331,17.148,15.068,0.7709999999999999,23.685,19.693,18.974,2.676650000000002,8.591960000000002,-0.02503999999999706,3.9669600000000043,4.6859600000000015,-3.83531,-6.536999999999999,-2.5449999999999977,-1.8260000000000003,-2.7016899999999997,1.2903100000000016,2.0093099999999997,-8.616999999999999,-4.624999999999998,-3.9060000000000006,3.9920000000000013,4.710999999999999,0.7189999999999976,1.3339999999999996,QSO,1
138,FIRST,219.837296,11.601528,19.74073,18.63284,16.252,13.39,0.29600000000000004,20.758000000000006,18.103,17.289,1.1078900000000012,6.350729999999999,-1.0172700000000034,1.6377300000000012,2.4517299999999977,-2.380839999999999,-4.506000000000004,-1.850999999999999,-1.0370000000000026,-2.1251600000000046,0.5298400000000001,1.3438399999999966,-7.368000000000002,-4.712999999999997,-3.8990000000000014,2.6550000000000047,3.469000000000001,0.8139999999999965,1.099000000000002,QSO,1
139,FIRST,220.421127,11.148067,23.35000038146973,22.275999069213867,18.845,16.973,1.0,24.671,21.43,20.966,1.074001312255863,6.377000381469731,-1.3209996185302693,1.9200003814697304,2.3840003814697326,-3.4309990692138683,-5.8260000000000005,-2.585000000000001,-2.1209999999999987,-2.3950009307861317,0.8459990692138675,1.3099990692138697,-7.6979999999999995,-4.457000000000002,-3.992999999999999,3.241,3.705000000000002,0.4640000000000022,1.231,QSO,1
140,FIRST,220.421127,11.148067,22.2,22.2,18.845,16.973,1.0,24.671,21.43,20.966,0.0,5.227,-2.471,0.7699999999999996,1.2340000000000018,-3.3550000000000004,-5.8260000000000005,-2.585000000000001,-2.1209999999999987,-2.471,0.7699999999999996,1.2340000000000018,-7.6979999999999995,-4.457000000000002,-3.992999999999999,3.241,3.705000000000002,0.4640000000000022,1.231,duplicate,0
141,FIRST,221.615372,1.579703,24.10952,21.80308,,16.055999999999994,-1.0,24.115,21.021,20.27,2.306440000000002,8.053520000000002,-0.005479999999998597,3.0885199999999986,3.83952,,,,,-2.3119200000000006,0.782079999999997,1.5330799999999982,-8.059000000000001,-4.965000000000003,-4.214000000000002,3.0939999999999976,3.844999999999999,0.7510000000000012,1.2569999999999997,?,0
142,FIRST,222.730988,6.504461,21.76616,21.19169,17.884,16.124000000000002,1.66,21.837,20.446,19.791,0.5744700000000016,5.642159999999998,-0.07084000000000046,1.320160000000001,1.9751599999999991,-3.3076899999999974,-3.953,-2.5619999999999976,-1.9069999999999998,-0.645310000000002,0.7456899999999997,1.400689999999997,-5.712999999999997,-4.321999999999996,-3.666999999999998,1.3910000000000018,2.046,0.6549999999999976,1.3849999999999998,QSO,1
143,FIRST,223.544876,4.305525,23.04495,21.43407,17.995,15.606,1.22,23.48,20.675,19.762,1.6108799999999979,7.43895,-0.4350500000000004,2.36995,3.28295,-3.4390700000000014,-5.4849999999999985,-2.68,-1.7669999999999997,-2.0459299999999985,0.7590700000000012,1.6720700000000015,-7.874,-5.069000000000001,-4.1560000000000015,2.805,3.718,0.9130000000000004,1.5109999999999992,QSO,1
144,FIRST,224.424973,3.6108860000000003,22.163220000000006,20.66261,17.204,15.421,1.19,22.944000000000006,19.815,18.992,1.5006100000000018,6.742220000000002,-0.78078,2.3482200000000013,3.1712200000000017,-3.4586099999999997,-5.740000000000002,-2.6110000000000007,-1.7880000000000005,-2.2813900000000022,0.8476099999999995,1.67061,-7.523000000000002,-4.394000000000002,-3.571000000000001,3.1290000000000013,3.9520000000000017,0.8230000000000004,1.3670000000000009,QSO,1
145,FIRST,224.915421,6.074244,24.47436,23.15646,18.57,15.828,2.16,24.789,22.023000000000003,21.263,1.3179000000000016,8.646360000000001,-0.3146400000000007,2.451359999999997,3.2113599999999987,-4.586459999999999,-6.219000000000001,-3.453000000000003,-2.6930000000000014,-1.6325400000000023,1.133459999999996,1.8934599999999973,-8.961000000000002,-6.195000000000004,-5.435000000000002,2.7659999999999982,3.5260000000000002,0.7600000000000016,1.216000000000001,QSO,1
146,FIRST,225.963364,12.196661,24.31318,22.66962,17.867,15.348,0.57,24.927,20.969,19.983,1.6435599999999972,8.96518,-0.6138200000000005,3.3441799999999984,4.330179999999999,-4.802620000000001,-7.059999999999999,-3.1020000000000003,-2.116,-2.2573799999999977,1.700620000000001,2.6866200000000013,-9.579,-5.621000000000002,-4.635000000000002,3.9579999999999984,4.943999999999999,0.9860000000000008,1.1739999999999997,QSO,1
147,FIRST,226.879929,10.280522,23.96743,22.85208,18.838,16.480999999999998,1.66,23.842,21.77,21.666,1.115350000000003,7.486430000000002,0.12543000000000148,2.1974300000000007,2.30143,-4.014079999999995,-5.003999999999998,-2.9319999999999986,-2.8279999999999994,-0.9899200000000016,1.0820799999999977,1.186079999999997,-7.3610000000000015,-5.2890000000000015,-5.185000000000001,2.071999999999999,2.1759999999999984,0.1039999999999992,1.202,QSO,1
148,FIRST,227.49202000000002,11.410444,21.91632,21.83907,18.727,16.704,-1.0,21.545,21.41,20.685,0.07725000000000293,5.212320000000002,0.3713200000000008,0.5063200000000023,1.2313200000000035,-3.1120699999999992,-2.8180000000000014,-2.6830000000000003,-1.9579999999999984,0.29406999999999783,0.4290699999999994,1.1540700000000008,-4.841000000000001,-4.706,-3.980999999999998,0.13500000000000156,0.860000000000003,0.7250000000000014,1.5259999999999998,?,0
149,FIRST,227.588348,4.327692,23.87687,23.00618,18.519,16.563,-1.0,25.019,21.965,20.662,0.8706899999999997,7.313870000000001,-1.1421300000000016,1.9118700000000004,3.214870000000001,-4.487179999999999,-6.5,-3.4459999999999984,-2.1429999999999967,-2.0128200000000014,1.0411800000000009,2.344180000000001,-8.456000000000003,-5.402000000000001,-4.099,3.0540000000000016,4.357000000000003,1.3030000000000008,0.5879999999999992,?,0
150,FIRST,228.325729,-0.8009609999999999,23.20398,22.25709,18.654,16.608,1.001,23.203000000000007,21.6,20.625,0.9468899999999998,6.595979999999997,0.000979999999994874,1.6039799999999964,2.578979999999998,-3.603089999999998,-4.549000000000003,-2.946000000000001,-1.9709999999999999,-0.9459100000000048,0.6570899999999966,1.6320899999999978,-6.595000000000002,-4.992000000000001,-4.017,1.6030000000000015,2.578000000000003,0.9750000000000014,1.5549999999999995,QSO,1
151,FIRST,228.47155800000002,7.655308,24.88214,24.22527,18.477,16.285,-1.0,25.381,22.307,20.713,0.6568699999999978,8.59714,-0.4988600000000005,2.575140000000001,4.169139999999999,-5.7482700000000015,-6.904,-3.8299999999999983,-2.2360000000000007,-1.1557299999999984,1.9182700000000037,3.5122700000000013,-9.096,-6.021999999999999,-4.428000000000001,3.0740000000000016,4.667999999999998,1.5939999999999976,1.4949999999999992,?,0
152,FIRST,229.335541,9.869531,23.711170000000006,23.01631,18.086,16.172,0.98,23.435,21.122,20.178,0.694860000000002,7.539170000000002,0.27617000000000397,2.589170000000003,3.533170000000002,-4.930310000000002,-5.349,-3.0360000000000014,-2.0920000000000023,-0.418689999999998,1.8943100000000008,2.83831,-7.262999999999997,-4.949999999999998,-4.006,2.3129999999999993,3.2569999999999983,0.9439999999999992,1.3880000000000017,QSO,1
153,FIRST,229.49513199999998,1.032419,21.9285,20.72978,17.649,15.392,0.519,22.596,19.621,19.064,1.1987200000000016,6.5364999999999975,-0.6675000000000004,2.307500000000001,2.8645,-3.080779999999997,-4.946999999999999,-1.9719999999999975,-1.4149999999999991,-1.866220000000002,1.1087799999999994,1.6657799999999978,-7.203999999999999,-4.228999999999997,-3.671999999999999,2.9750000000000014,3.532,0.5569999999999986,1.3269999999999982,QSO,1
154,FIRST,229.98819,-2.578017,24.02652,22.59467,18.975,16.991,-1.0,26.587,21.292,20.551,1.4318500000000007,7.035520000000003,-2.5604799999999983,2.7345200000000034,3.475520000000003,-3.6196699999999993,-7.611999999999997,-2.3169999999999966,-1.5759999999999967,-3.9923299999999986,1.3026700000000029,2.0436700000000023,-9.596,-4.300999999999998,-3.5599999999999987,5.295000000000002,6.036000000000001,0.7409999999999997,0.745000000000001,?,0
155,FIRST,230.44574,-2.226995,22.69989,21.770570000000006,18.49,16.351,0.75,24.184,20.9,20.181,0.929319999999997,6.348890000000001,-1.4841100000000012,1.799890000000001,2.5188900000000025,-3.2805700000000044,-5.694000000000003,-2.41,-1.6909999999999992,-2.4134299999999977,0.8705700000000043,1.5895700000000057,-7.833000000000002,-4.549,-3.8299999999999983,3.2840000000000025,4.0030000000000046,0.7190000000000012,0.8129999999999988,NLAGN,0
156,FIRST,230.937775,8.142239,24.35768,23.59506,,16.99,-1.0,24.094,21.939,21.672,0.7626199999999983,7.36768,0.26367999999999725,2.4186799999999984,2.6856800000000014,,,,,-0.498940000000001,1.6560599999999999,1.9230600000000033,-7.104000000000003,-4.949000000000002,-4.681999999999999,2.1550000000000007,2.4220000000000037,0.267000000000003,1.3490000000000002,?,0
157,FIRST,231.474106,-0.764342,22.61378,21.60162,18.927,15.936,0.65,24.688,20.643,20.049,1.012159999999998,6.677779999999999,-2.0742200000000044,1.9707799999999975,2.564779999999999,-2.674620000000001,-5.761000000000003,-1.7160000000000009,-1.122,-3.086380000000002,0.9586199999999998,1.552620000000001,-8.752000000000002,-4.707000000000002,-4.113,4.045000000000002,4.639000000000003,0.5940000000000012,1.4059999999999988,QSO,1
158,FIRST,232.366806,8.611883,23.78472,22.15773,18.643,16.180999999999994,1.29,24.262,20.962,20.148,1.6269900000000028,7.603720000000003,-0.4772799999999968,2.8227200000000003,3.63672,-3.5147299999999966,-5.618999999999996,-2.318999999999999,-1.504999999999999,-2.10427,1.1957299999999975,2.0097299999999976,-8.081,-4.7810000000000015,-3.9670000000000014,3.299999999999997,4.113999999999997,0.8140000000000001,1.5010000000000012,QSO,1
159,FIRST,234.15217599999997,6.422978,22.17300033569336,20.996000289916992,18.516,16.593,-1.0,26.529,20.053,19.319000000000006,1.1770000457763672,5.5800003356933585,-4.3559996643066405,2.1200003356933586,2.8540003356933568,-2.4800002899169944,-8.013000000000002,-1.5370000000000026,-0.8030000000000044,-5.532999710083008,0.9430002899169914,1.6770002899169896,-9.936,-3.4600000000000013,-2.726000000000002,6.475999999999999,7.209999999999997,0.7339999999999982,0.5630000000000006,?,0
160,FIRST,234.35034199999998,-1.147317,22.93707,21.7257,18.162,16.367,0.593,24.661,20.501,19.909,1.2113700000000025,6.570070000000001,-1.7239299999999955,2.4360700000000044,3.02807,-3.5637000000000008,-6.498999999999999,-2.338999999999998,-1.7470000000000034,-2.935299999999998,1.224700000000002,1.816699999999997,-8.293999999999997,-4.133999999999997,-3.5420000000000016,4.16,4.751999999999995,0.5919999999999952,0.8949999999999996,NLAGN,0
