RA,DEC,U_mag,G_mag,R_mag,I_mag,Z_mag,J_mag,H_mag,K_mag,W1mag,W2mag,SPEC_Z,SPEC_CLASS
17.81719398,-0.108754173,23.477404,24.389923,23.433123,22.248348,21.29799,21.508804,,,20.01697,20.146538,0.8282186,GALAXY
334.1451111,0.571864069,,25.18362,23.364925,22.112076,21.381224,20.916586,20.512928,20.116713,19.19978,19.412975,0.8436,GALAXY
334.3557434,0.180938736,,24.991146,23.363205,22.227055,,,20.451544,20.439772,20.19725,20.318249,0.6302,GALAXY
17.80607605,-0.3783755,23.8725,23.97,23.3414,22.8065,22.6636,,,,20.449196,20.356632,0.7018766,GALAXY
334.2421875,0.367309988,,24.40625,23.327003,22.125675,21.124067,20.228516,19.635046,19.504807,18.941141,18.61711,0.9266,GALAXY
21.36492157,0.169658691,23.5348,23.7129,23.3127,22.7325,21.8202,,,,21.777157,22.645037,0.947496,GALAXY
356.0736004,0.381756845,22.830095,23.382221,23.311577,21.87644,20.27676,,,20.606678,,,0.865,GALAXY
26.72477913,-0.438939422,24.079466,23.292236,23.24628,22.349945,21.589418,21.213099,20.791817,21.628582,20.053322,20.06195,0.86704165,GALAXY
14.54557705,0.301338196,23.6657,23.0453,23.1851,22.3952,22.0319,,,,20.900785,21.13784,0.911518,GALAXY
25.70000839,0.40207392,,,23.169954,21.892464,21.238626,19.866852,19.604292,18.984325,18.558842,18.708477,9,GALAXY
15.65174866,0.224017933,,24.055,23.1678,22.2044,21.6446,,,,20.532387,20.36253,1.004,GALAXY
23.54248047,0.177023649,,24.211647,23.14889,22.541262,22.013062,21.24427,,21.211075,19.842339,19.750935,0.996383,GALAXY
26.3320694,0.240344018,24.253757,24.045408,23.102417,22.112911,21.404793,20.857391,20.5273,19.649817,19.22539,19.248072,0.970816,GALAXY
353.1593628,0.034929,23.6603,23.598,23.101,22.6461,22.0214,,,,20.636898,20.518272,1.397509,GALAXY
16.22970581,-0.441143364,23.64579,24.142212,23.090075,21.953102,21.153017,20.537573,20.10877,20.119324,19.18029,19.352509,0.9388694,GALAXY
352.5235596,-0.836282849,23.5466,23.2347,22.9308,22.0412,21.5062,,,,20.212866,20.350399,0.8412502,GALAXY
19.06111145,0.217361987,23.821129,23.88236,22.92781,21.563538,20.958193,20.41258,20.344961,19.74326,18.82228,18.673872,0.895596,GALAXY
27.09180641,-0.008604267,23.996384,23.252863,22.891592,22.29497,21.271708,20.419685,20.266092,20.221867,19.794962,19.803892,9,GALAXY
353.1288452,-0.050538637,24.616877,24.324942,22.8685,21.873009,21.619228,,,20.590094,19.738384,20.282974,0.73928523,GALAXY
26.67027283,0.152390108,24.347021,23.676575,22.867924,21.888535,20.854279,20.762732,20.471935,20.032545,19.425907,19.796455,0.9426977,GALAXY
23.23820114,-0.512298465,25.507,24.084,22.8535,21.978,21.4275,,,,20.689646,20.864716,0.490221,GALAXY
25.50169754,0.146348685,26.71866,23.992725,22.827677,21.896238,21.206293,20.50615,20.339966,19.83724,19.223017,19.555733,0.96693,GALAXY
19.65262222,-0.240586936,23.7976,23.4378,22.7985,22.5026,22.295,,,,20.000116,19.83545,0.913715,GALAXY
18.82157516,-0.166915953,23.751284,24.08889,22.754696,21.633028,20.586557,20.299255,19.737093,19.253374,18.08319,17.51793,0.732235,GALAXY
352.9515381,0.314680487,23.6513,23.4978,22.7388,22.1294,21.9992,,,,20.074766,19.665293,0.5101226,GALAXY
334.2521973,0.356576353,23.0251,23.4113,22.7316,22.3297,22.7507,,,,,,0.6328,GALAXY
353.2785034,-0.048678908,23.745,23.3478,22.7313,22.1548,21.3404,,,,19.968885,20.05056,0.87320644,GALAXY
26.57918739,-0.327667385,,23.374863,22.728289,21.718578,20.837927,20.134062,19.650824,19.246948,18.756968,18.898226,0.95934993,GALAXY
27.69191933,0.216014802,24.1373,23.4168,22.7158,22.454,22.5732,,,,,,0.376782,GALAXY
25.02151299,0.089595936,23.032871,23.048965,22.71113,22.15812,21.599136,21.058208,20.904533,20.177288,19.348324,19.163885,1.07,GALAXY
16.92018509,-0.319681406,24.19818,23.360132,22.676058,21.828777,21.535881,21.131046,,,19.918312,20.260695,0.73728013,GALAXY
19.29478645,0.475810945,,24.390364,22.673834,21.838896,21.050133,,,19.4964,19.67329,19.611116,0.7367581,GALAXY
20.37046432,-0.230462253,23.113955,23.060886,22.668812,22.003075,21.46104,21.601397,,,20.445816,20.840178,0.7807829,GALAXY
26.31300163,-0.102866024,28.536663,24.199265,22.665369,21.337431,20.624115,20.225813,19.75897,19.212687,18.98399,19.303768,0.8230696,GALAXY
21.58712769,0.189430237,23.517653,23.587305,22.663984,21.732374,21.241209,21.114887,20.513853,20.037561,19.733725,19.748259,0.78741807,GALAXY
17.28671455,-0.216109827,,24.669569,22.627127,21.485619,20.579931,19.869171,19.72889,19.294668,19.156462,19.44273,0.8145129,GALAXY
334.4446106,0.225532919,23.62615,23.34949,22.613945,22.02545,21.793215,,20.349682,20.059988,19.624735,19.81908,0.8833,GALAXY
334.3744507,0.146417513,24.529873,24.08541,22.612986,21.433617,20.938202,20.433353,19.975916,19.525381,19.241505,19.738255,0.7143,GALAXY
15.43338776,-0.309553176,,23.988039,22.603174,21.125465,20.601135,19.961916,19.742714,19.389296,18.893871,18.762566,0.80688816,GALAXY
27.7948761,-0.127515584,23.9361,23.0505,22.5991,22.2184,22.0944,,,,21.106558,21.04349,0.1640569,GALAXY
24.60290146,-0.412747294,24.12126,23.506777,22.598925,21.517147,20.713877,20.236912,19.593494,19.919586,19.160671,19.288021,0.892986,GALAXY
23.52572441,-0.012623723,,23.736626,22.58472,21.502245,20.855364,19.828033,19.708633,19.18342,18.49641,18.628326,0.909133,GALAXY
26.38200188,-0.04659206,22.87333,22.956835,22.572792,21.804523,21.28924,20.757599,20.779415,20.407198,18.289024,17.905031,1.03348,GALAXY
26.61343002,0.188254863,23.411272,23.13183,22.55177,21.991957,21.151983,,,20.189224,19.674067,19.843933,0.9648198,GALAXY
14.41515064,0.199619666,23.5666,23.1869,22.5334,22.3818,22.3203,,,,21.096931,21.341942,0.487994,GALAXY
18.68797302,0.017069489,23.553547,23.052399,22.524181,21.957474,21.153715,20.055723,20.225523,19.399223,18.85233,18.976444,1.1479317,GALAXY
15.06079674,-0.011452497,23.008663,22.980068,22.507168,22.298237,21.562944,,20.61874,,19.802698,19.899359,1.26344,GALAXY
26.50476074,-0.263437659,24.290459,23.66269,22.4993,21.809309,20.986202,20.334734,19.989096,20.033342,19.235432,19.15334,0.878522,GALAXY
19.1413002,-0.387431145,,24.267288,22.493715,21.06028,20.587309,19.827847,19.620758,19.108122,18.832554,19.089687,0.846046,GALAXY
15.30612183,0.067137644,23.5859,23.0415,22.4812,22.1995,21.4489,,,,,,0.200237,GALAXY
25.31049728,0.244910985,24.703054,23.142797,22.474756,21.724018,21.640135,20.871323,20.210579,20.43903,20.320095,20.54978,0.656953,GALAXY
25.76197243,0.142292827,23.839302,22.875412,22.455206,22.012146,21.555916,20.675783,20.708763,20.338634,19.681015,19.693611,1.27523,GALAXY
27.7905426,-0.268891633,23.34358,22.8916,22.450895,21.744345,20.69454,20.464561,19.747,19.370138,18.454735,17.925999,1.14675,GALAXY
18.70741272,-0.407651961,23.7099,23.1634,22.4473,22.005,21.9916,,,,20.075775,19.931526,0.5602686,GALAXY
25.35957336,0.476667285,22.684956,22.813799,22.433617,22.249174,21.995457,21.725813,,,19.801088,19.506771,1.1262,GALAXY
53.50504872,0.133860864,,24.04,22.4334,21.6539,21.4734,,,,,,0.59,GALAXY
20.03573608,-0.394688547,23.304993,23.05842,22.396706,21.81446,20.854498,20.271053,20.043344,19.53728,18.89601,18.866367,1.116107,GALAXY
23.82517052,-0.58883673,23.1832,23.0618,22.3912,21.6161,20.8283,,,,19.097967,19.086044,0.930385,GALAXY
23.88964081,-0.254020452,24.412708,23.58053,22.3884,21.298302,21.026064,20.853876,19.93651,20.20179,19.74929,20.157665,0.625878,GALAXY
18.83683395,0.378810287,23.203354,22.988783,22.385725,21.897655,21.31473,20.920294,20.699192,19.63235,18.678888,18.385191,1.01538,GALAXY
15.63216972,0.067331702,23.749859,23.301798,22.378702,21.352234,20.8567,20.195936,20.428179,20.004772,19.288063,19.698217,0.71,GALAXY
14.50861835,0.296279579,23.0742,22.8749,22.3582,21.7749,21.6362,,,,20.100677,20.038528,0.55546,GALAXY
16.82799911,-0.286173552,23.460794,22.668676,22.356058,21.947758,21.561737,20.54711,,20.792435,19.931816,19.935194,0.8911925,GALAXY
17.6174984,-0.423952311,28.27866,23.635595,22.3498,21.332638,20.679909,20.101366,19.972761,19.559162,19.507431,19.885262,0.70269704,GALAXY
25.80954933,0.122183226,22.979967,22.495365,22.34317,21.601326,21.316587,20.62831,20.478205,20.281883,19.694496,19.982918,0.890101,GALAXY
14.63283825,0.21142143,23.1923,22.8062,22.3368,22.013,21.4853,,,,20.643614,20.775465,1.00021,GALAXY
25.89645576,0.271703601,23.57609,23.04581,22.332344,21.37378,20.599478,19.994364,19.689909,19.37481,18.95594,19.058708,0.9614995,GALAXY
27.06748772,-0.404793799,23.256378,23.103312,22.31421,22.371641,21.609007,21.27444,20.935705,,19.302471,19.420866,1.3,GALAXY
19.82838721,0.528302303,23.2723,23.0817,22.31,21.8406,21.2505,,,,,,0.617403,GALAXY
26.59305,0.136568576,,23.659002,22.309992,21.225054,20.739893,19.814825,19.95885,19.297556,18.915253,19.200626,0.83944565,GALAXY
23.55678177,-0.025319774,24.298346,23.01576,22.309704,21.751947,21.20003,20.465012,20.907125,20.078579,19.426113,19.50175,0.895212,GALAXY
334.2660828,0.459226251,23.181974,22.774445,22.307032,22.089813,21.582117,21.03259,21.13816,,20.519974,20.856735,0.917,GALAXY
17.91160965,0.175994307,22.833782,23.664614,22.285671,21.140032,20.64935,20.47602,19.83673,19.548742,19.202366,19.829948,0.7099887,GALAXY
20.64344788,-0.212423787,23.99407,23.019888,22.25859,21.319513,20.745033,20.525494,20.14713,19.613613,18.615498,18.243172,0.816272,GALAXY
352.0429688,0.223695531,23.292526,23.125757,22.249325,21.922182,20.979856,20.303215,22.869122,20.183044,19.416405,19.18974,0.7314182,GALAXY
25.02303123,-0.551661551,23.145237,23.048115,22.225023,21.840313,21.106014,20.60014,20.295069,19.95266,18.812227,18.61359,0.74682,GALAXY
24.37146759,-0.118603215,,23.901083,22.22425,21.2131,20.58097,20.145344,19.979033,19.159088,19.36198,19.654049,0.664251,GALAXY
11.00774088,0.909826408,23.962063,22.68903,22.214493,21.883434,21.607044,20.777697,20.742868,,20.61909,20.314665,2.74,GALAXY
15.43142509,0.506510317,22.597775,22.721674,22.189903,21.44398,20.76094,,,19.680927,18.461014,18.362986,0.967517,GALAXY
28.07571727,1.056616317,24.48946,23.240597,22.189842,21.326857,20.755104,20.365438,20.115265,20.055307,,,0.57,GALAXY
352.6131897,-0.684103251,24.46499,22.877663,22.188723,21.37621,20.558401,19.32334,18.71606,17.730015,16.126673,15.644422,0.783,GALAXY
27.65896606,-0.236437127,23.526724,22.657936,22.188078,21.57145,21.461788,21.426142,21.064888,20.81724,20.137041,19.674582,0.73966813,GALAXY
19.11276245,0.162106097,22.998198,22.986835,22.174395,21.469717,21.022154,21.214348,20.633265,20.313076,19.502136,19.583282,0.678476,GALAXY
352.9223328,0.174748614,22.9632,22.4214,22.147,22.0562,21.667,,,,20.266825,20.252516,0.09316953,GALAXY
16.5437088,-0.13979581,23.758554,22.557362,22.139336,21.47909,21.443422,21.318838,20.588455,20.43146,19.39563,19.118986,0.5849845,GALAXY
21.84856033,0.323770404,22.8948,22.4362,22.1283,21.9251,21.9654,,,,20.042755,19.573196,1.3964,GALAXY
15.39315033,0.346096039,23.9292,22.7927,22.1178,21.6044,21.1822,,,,19.95463,19.966835,0.69698,GALAXY
15.27233124,-0.322161645,24.603586,23.1567,22.0929,21.24694,20.623213,20.20455,19.663733,19.783838,18.905819,19.24385,0.707571,GALAXY
352.2824402,0.294553012,24.088371,23.407911,22.085695,20.802547,20.329079,19.648634,19.377232,19.005133,18.712936,18.577396,0.79139805,GALAXY
24.86547661,-0.343904644,,23.021101,22.07392,20.931396,20.802353,20.735985,21.113886,,19.95658,19.923687,0.734818,GALAXY
18.67683029,0.36045751,23.1021,22.8584,22.0727,21.33,20.9877,,,,20.389896,20.505089,0.685244,GALAXY
23.55327797,0.063594051,,23.46009,22.070889,20.99663,20.22414,19.489126,19.006958,18.307669,17.769287,17.737452,0.879105,GALAXY
26.19641876,-0.222977236,,22.899532,22.051435,21.384432,20.794159,19.96923,19.687813,19.512762,18.596142,18.50233,0.797856,GALAXY
26.79570007,-0.443616956,,23.39749,22.03863,20.90246,20.350372,19.8886,19.5734,19.089432,19.224514,19.719715,0.6738281,GALAXY
352.2897339,-0.461269468,22.773382,22.454819,22.033129,21.230297,20.637901,20.742859,20.70181,20.267279,19.343323,19.71025,0.82,GALAXY
2.618749584,0.827784117,24.40368,23.172693,22.023766,21.07081,20.695042,20.42218,19.811768,19.499994,19.69968,19.385181,0.63,GALAXY
351.7170715,-0.00970215,22.690945,22.609478,22.021963,21.53936,21.143478,20.687508,20.007,19.453814,19.285769,19.67144,1.0761908,GALAXY
14.79035091,0.411371827,22.490799,22.950148,21.990496,21.165041,20.617945,20.111778,19.811686,19.847885,18.835825,18.7545,0.789705,GALAXY
15.03018951,-0.010339525,23.110361,22.805174,21.988169,20.94395,20.419506,20.097137,20.20703,19.450626,19.068073,19.384634,0.8100437,GALAXY
18.85623932,-0.093253508,23.111538,22.603415,21.971867,21.252542,20.838047,20.37437,19.9784,20.170671,18.919092,18.416893,0.883296,GALAXY
25.2312851,-0.335732937,23.97009,23.256207,21.969072,20.935408,20.64693,20.167006,19.97943,19.496038,19.582563,19.931753,0.6005086,GALAXY
14.5679388,-0.22694689,24.109673,22.931364,21.942759,21.273247,20.913883,20.6761,19.875769,19.696718,19.226532,19.191605,1.06234,GALAXY
25.63010406,-0.346768558,,23.185726,21.938078,20.913042,20.619602,20.011997,19.325022,18.969913,18.681526,18.584774,0.657018,GALAXY
27.40932846,-0.017409269,22.807487,22.290037,21.92649,21.168724,20.468704,20.020292,19.739552,19.516157,18.930477,19.188877,0.900606,GALAXY
25.52695465,0.21081093,23.421553,22.747398,21.924913,21.058414,20.375006,20.183516,19.94137,18.892097,,,0.907485,GALAXY
15.82133865,-0.597526014,22.400644,22.418943,21.9213,21.478321,20.664307,20.613043,,19.47131,19.117779,19.100103,1.189401,GALAXY
26.84301376,-0.272740424,22.702505,22.779694,21.916605,21.453905,20.821936,20.213383,19.687344,19.294207,18.45555,18.598375,1.080629,GALAXY
27.70014381,-0.299008489,22.909815,22.402187,21.896496,21.050123,20.666609,19.795193,19.54639,18.981422,17.913048,17.927223,0.783021,GALAXY
17.20565224,-0.441720426,24.6987,22.6863,21.8785,21.5398,21.3264,,,,20.801018,20.730942,0.277577,GALAXY
37.10614777,0.661893606,23.046211,22.250328,21.87417,21.274853,20.77742,20.506235,20.110483,19.563839,,,0.6812044,GALAXY
37.5838579,-0.837264196,23.77905,22.601538,21.87236,21.58959,20.83696,,,19.640684,,,0.77,GALAXY
24.86894035,0.192514896,24.098095,23.026827,21.86992,20.999054,20.404343,19.91603,19.670849,19.021902,19.178463,19.448536,0.658269,GALAXY
22.55944061,0.281148374,23.388628,22.900599,21.865858,21.566618,20.998055,20.729357,,20.542454,20.558622,20.669588,0.402636,GALAXY
25.34078217,-0.126110435,23.562206,22.672884,21.860733,20.87924,20.122803,19.888865,19.32674,19.028114,18.550163,18.748632,0.9448454,GALAXY
25.49047852,-0.074619621,24.26012,22.924284,21.858238,21.072926,20.713217,20.468899,20.131453,19.848314,19.416306,19.773571,0.612093,GALAXY
14.4383955,0.069105394,23.656965,24.123892,21.855946,20.616138,20.261616,19.628029,19.036642,18.92879,18.606815,18.988188,0.6558579,GALAXY
17.28456879,-0.005245735,25.254808,23.30372,21.851698,21.121983,20.509975,19.988325,19.233139,18.869081,18.718159,18.620237,0.296434,GALAXY
349.5631409,0.604959905,23.599033,22.491135,21.851583,20.721897,20.289173,19.906672,19.773624,19.21777,18.94212,19.075344,0.7879271,GALAXY
334.3001709,0.212308973,23.31637,22.589245,21.848932,21.105808,20.268808,20.173168,20.207815,19.700045,19.29038,19.326252,0.8084,GALAXY
353.4268188,-0.353967965,22.953596,22.443666,21.848042,21.054071,20.45701,19.811153,19.706331,19.291838,18.545387,18.6655,0.9269205,GALAXY
13.43569374,0.043982901,24.010283,22.513187,21.835909,21.213007,20.60124,19.92316,19.914173,19.512604,,,0.8288195,GALAXY
17.49898148,0.124300256,23.564209,22.748388,21.81968,21.030573,20.966637,20.295622,20.076752,19.68435,18.97113,19.064196,0.7334519,GALAXY
349.3812543,0.175227467,24.110933,23.248585,21.811304,21.009872,20.26918,19.831526,19.169455,19.05582,18.6535,18.632133,0.81,GALAXY
19.96557617,0.456055135,25.145351,22.902138,21.81086,21.14809,20.964361,20.464378,20.62187,20.705853,20.46324,20.343327,0.43338886,GALAXY
10.88653165,-0.100803962,23.054556,22.619246,21.807846,21.040962,20.482065,19.74337,19.577375,19.495602,18.781206,18.647768,0.824,GALAXY
18.71096802,0.280474842,23.2551,22.5693,21.8041,21.7092,21.8653,,,,22.008337,23.88115,0.352105,GALAXY
28.20668102,1.088593668,24.243593,22.74799,21.794626,21.262938,20.745365,20.248634,20.139746,19.50601,,,0.439078,GALAXY
25.80626869,-0.125028983,22.54373,22.193281,21.789557,21.352993,21.01794,21.027332,20.423496,20.379843,19.91212,20.074848,0.754558,GALAXY
19.78881836,-0.420691788,,,21.78032,20.97842,20.592932,20.63632,19.636765,19.636652,19.633293,19.755188,0.50147,GALAXY
352.8693848,-0.561653137,23.771593,22.582502,21.780102,20.879536,20.500084,19.880295,19.404875,19.184607,19.153395,19.60027,0.7133692,GALAXY
17.89330864,0.081631608,24.821907,23.45741,21.765436,20.63439,20.091415,19.749857,19.240862,19.000507,18.684372,19.067982,0.72871476,GALAXY
18.76493835,-0.20186244,23.01202,22.605299,21.764284,21.359875,21.120234,20.629063,20.518076,20.124222,20.881401,20.805435,0.404867,GALAXY
27.17693329,-0.440892011,22.780983,22.173075,21.75821,21.055376,20.724512,20.161102,19.98336,19.42006,19.098467,19.45342,0.7877856,GALAXY
19.49443626,0.074346408,22.73869,22.323051,21.748722,21.482988,21.186008,20.728153,20.01443,21.026459,19.46618,19.545021,0.25810444,GALAXY
19.14270782,-0.25801903,22.34678,22.148245,21.728447,21.44424,20.890965,20.715412,21.03121,20.09191,19.504658,19.680992,1.1548041,GALAXY
19.86419106,0.197833478,23.5422,22.3117,21.7161,21.413,20.9408,,,,21.625717,21.687057,0.205462,GALAXY
20.87046242,-0.247683778,22.884708,22.542284,21.711464,21.174776,20.733387,20.676105,20.17203,19.813011,19.652077,19.49402,0.65016794,GALAXY
22.45157433,0.091187112,23.23161,22.46399,21.69705,21.283514,21.480673,20.971378,,20.208736,,,0.584259,GALAXY
351.6758728,0.329860747,26.771685,23.146236,21.687874,21.103146,20.68602,20.106045,19.359095,19.020235,18.180191,17.706205,0.46,GALAXY
352.8835754,0.160410717,22.482584,22.115528,21.671146,21.177176,20.569801,20.20952,20.147095,19.5723,19.02149,19.079237,1.051669,GALAXY
17.80212212,0.486025333,23.15146,22.88021,21.670061,20.535044,20.208134,19.994125,19.385082,18.988756,18.690609,18.806025,0.6895439,GALAXY
19.34301376,0.358247101,22.91358,22.550282,21.666721,20.634254,20.10551,19.518353,19.064247,18.63505,18.417023,18.481215,0.8514275,GALAXY
14.24290752,-0.442502469,22.797163,22.221413,21.648077,21.159313,20.725573,20.030107,20.318884,19.628492,18.971712,18.89944,0.8798669,GALAXY
349.7147827,0.757458031,23.773298,22.43832,21.622011,20.479614,19.972914,19.442978,19.178448,19.032701,18.324,18.643862,0.9108406,GALAXY
25.38632202,-0.317486554,22.84729,22.256598,21.6128,21.08574,21.00659,20.593128,,,19.731268,19.720428,0.619177,GALAXY
17.97325325,-0.239418402,23.150434,22.404146,21.611097,20.84894,20.476202,19.826433,20.043886,19.281437,18.926916,18.993067,0.66316515,GALAXY
24.29546928,-0.119761489,23.785997,23.034382,21.610844,20.30452,19.752506,19.25069,18.836714,18.451279,18.209282,18.566366,0.670918,GALAXY
15.92798615,-0.047306392,22.952532,22.405767,21.571316,20.954424,20.546242,20.120186,20.419825,19.373707,19.62047,19.802382,0.67571056,GALAXY
353.2055969,0.299394578,23.38734,22.13875,21.55763,21.007866,20.834251,20.545486,20.103458,19.177685,18.841984,19.036077,0.64,GALAXY
16.55214691,-0.062197309,23.205399,22.446001,21.545475,20.875698,20.53188,20.021072,19.881033,19.123093,19.513845,19.847084,0.6600821,GALAXY
25.37998962,-0.474206448,22.696823,22.14005,21.54225,21.152441,21.105026,21.305647,20.576534,,21.437458,21.578144,0.598663,GALAXY
20.86550903,-0.363204807,23.614119,22.441803,21.533543,20.545258,19.93816,19.897621,19.75341,19.339457,18.960716,19.231026,0.650563,GALAXY
14.81288624,0.264595747,22.868986,22.537537,21.527218,20.68878,19.950361,19.353548,19.116508,18.683231,17.871004,17.713713,0.733606,GALAXY
15.23472977,0.376953125,24.519512,22.480028,21.501513,20.484474,19.898718,19.452974,19.274483,18.731487,18.381382,18.864353,0.7535471,GALAXY
309.8618743,-1.007372911,,22.832645,21.48947,,20.796339,20.540888,,19.388575,,,0.537,GALAXY
19.79920197,-0.376189888,22.307558,21.850586,21.48297,20.886967,20.647089,20.260773,19.856348,19.967466,19.693243,19.871346,0.8466878,GALAXY
322.3377861,-0.061509594,22.56047,22.13268,21.477919,20.809046,20.094393,19.673748,19.567747,19.245762,,,0.9688259,GALAXY
25.68751144,-0.186684221,22.762623,22.250252,21.47382,20.599506,19.835941,19.704021,19.382133,19.026886,18.118599,18.498201,0.908292,GALAXY
25.704422,0.078159511,22.751493,22.172165,21.46924,21.00808,21.107145,20.92977,20.643044,20.57254,20.775167,21.067528,0.603529,GALAXY
16.80475807,0.174458906,24.39177,22.761915,21.460278,20.488615,19.975475,19.711973,19.58218,19.176853,18.970245,19.117592,0.544444,GALAXY
17.5070858,0.083886176,22.832495,22.254108,21.459074,20.741518,20.352367,19.882223,19.309322,19.016285,18.664822,18.696014,0.77174103,GALAXY
16.35656929,0.188873187,23.168158,22.833471,21.453838,19.782694,19.623447,19.348618,19.004725,18.8384,17.806923,18.036625,0.891274,GALAXY
15.13471127,0.231578827,22.645182,22.543777,21.452223,20.741053,20.434486,,,20.136608,19.809853,19.92729,0.5888052,GALAXY
334.1610413,0.716389954,22.103119,21.94178,21.449669,20.954006,20.519705,19.969696,20.073263,19.909254,19.715776,19.96813,0.975,GALAXY
26.87750244,-0.126165405,22.58097,22.150818,21.447224,20.724325,20.211435,20.144007,19.98812,19.738375,19.20374,19.262985,0.71525437,GALAXY
15.09942245,-0.395507783,24.14525,22.479284,21.445738,20.497526,19.962597,19.48876,18.92247,18.514067,18.029177,18.096897,0.755231,GALAXY
353.3696899,0.149524838,21.67576,21.80893,21.439764,21.193457,21.834505,20.678087,,,20.085781,19.646788,0.685043,GALAXY
334.5242004,0.15373978,22.014402,21.572884,21.431509,21.041689,21.031088,20.698643,20.745731,20.113861,19.964792,19.402145,0.6121,GALAXY
20.91448021,-0.131725177,23.732954,22.335438,21.422174,20.71326,20.320505,19.789713,19.543915,19.06557,18.820063,18.997583,0.66249686,GALAXY
16.70029449,-0.524086654,23.986734,22.629261,21.417587,20.471455,19.997314,19.728817,19.294504,19.190445,18.790197,19.06587,0.6425335,GALAXY
19.65211487,0.268956661,23.954369,22.967016,21.41578,20.543003,20.187637,19.686089,19.363045,18.889372,19.234608,19.569092,0.5139792,GALAXY
333.7837219,0.594007432,22.3667,21.7963,21.4123,21.3659,20.9088,,,,,,1.1297,GALAXY
27.0032959,-0.090697065,23.37847,22.605515,21.404335,20.937593,20.723778,20.427755,20.44805,19.866684,20.131346,20.089808,0.41322443,GALAXY
27.08684158,-0.359950632,22.610262,22.049685,21.38163,21.032751,20.706001,20.646362,20.512545,19.698029,20.042427,19.676483,0.59256476,GALAXY
16.60228729,-0.373112917,22.749945,21.82169,21.378267,21.11366,21.171396,20.952599,,,,,0.114052,GALAXY
353.4153442,-0.563448012,22.555046,22.109215,21.376143,20.552866,19.878187,19.479395,19.00629,18.660923,17.99624,18.231253,0.83,GALAXY
19.28179169,0.457068145,22.637566,22.203337,21.36778,20.802546,20.663918,20.227045,19.88019,19.432922,19.732796,19.983437,0.54873365,GALAXY
322.604521,0.195980983,23.00653,22.203413,21.364363,20.644915,20.337658,19.866095,19.78224,19.168802,,,0.723,GALAXY
15.45355701,-0.238619328,23.552858,22.578203,21.360685,20.42447,19.946587,19.333792,19.183783,18.781597,18.080078,18.03823,0.823756,GALAXY
27.05053139,-0.343522668,26.138725,22.63827,21.351381,20.445913,20.16946,19.587,19.255436,19.163116,19.10649,19.177092,0.55808514,GALAXY
18.9185009,0.104964472,23.425026,22.332022,21.349161,20.818155,20.37073,21.019318,20.626114,20.95926,19.890415,19.735516,0.6582217,GALAXY
26.3421154,0.100642718,24.970516,22.744453,21.342548,20.495243,20.082647,19.609653,19.413713,19.068735,19.22218,19.586117,0.59361476,GALAXY
15.56844044,0.084579468,22.940987,22.260544,21.340147,20.91973,20.510607,20.001612,,19.657125,19.212566,18.681705,0.349494,GALAXY
24.39632034,0.099830739,22.592424,22.067734,21.338322,20.85523,20.503433,20.244726,19.701992,19.41112,19.77616,19.74665,0.487334,GALAXY
25.05327988,-0.349541605,24.999018,22.68797,21.302309,20.342857,19.897802,19.327553,18.94142,18.879074,18.696121,19.119524,0.613031,GALAXY
14.84889603,0.316657484,22.69543,22.088919,21.29945,21.011375,20.822824,20.679628,20.861456,,19.738964,19.78764,0.539691,GALAXY
27.3134613,0.238886237,21.743969,21.463968,21.281874,21.11191,20.372437,20.22455,20.442387,20.3197,19.497398,19.651201,0.8345959,GALAXY
26.76146317,-0.11107181,22.48943,22.055588,21.264603,20.496607,19.95082,19.661625,19.273603,18.79541,18.581387,18.86398,0.61412424,GALAXY
25.53643799,-0.037757255,22.241247,21.833254,21.257105,20.882935,20.53867,20.441584,20.251642,19.563847,18.911032,18.816723,0.726611,GALAXY
37.79812241,0.675450504,22.50125,21.725218,21.24657,20.590054,20.190065,19.433065,19.224583,18.994535,,,0.8713358,GALAXY
310.1809733,-0.76352214,22.522514,22.12219,21.241428,20.330204,20.340492,20.223492,19.508099,19.013592,,,0.607967,GALAXY
333.9157104,0.636847019,22.472757,21.96891,21.23842,20.714064,20.30973,20.195715,19.987606,19.914257,19.69196,20.086525,0.542,GALAXY
2.653477236,0.666190913,23.29146,22.389008,21.227602,20.598759,20.3342,19.940434,19.393154,19.237446,19.39883,19.238205,0.422,GALAXY
16.07839203,-0.424120784,23.328007,22.074116,21.21841,20.787418,20.510406,20.18573,20.272678,19.428577,20.084778,20.094429,0.279036,GALAXY
11.03560334,0.943682949,22.471624,22.096556,21.218264,20.752838,20.494076,20.259697,19.923164,19.532427,19.067795,18.7025,1.170581,GALAXY
359.7226843,-0.31979181,22.862717,22.207825,21.204502,20.224384,19.847677,19.21483,19.012552,18.611525,18.68127,19.073278,0.62,GALAXY
21.63874245,-0.364907771,22.560986,21.984653,21.191378,20.314995,19.771017,19.212593,19.03075,18.669687,18.232143,18.271206,0.890107,GALAXY
25.25486183,0.359729886,21.754896,21.69493,21.178522,20.623932,20.076761,19.772158,19.47695,19.10946,17.921324,17.687746,1.12806,GALAXY
22.45746994,0.153305262,22.4574,21.7268,21.1783,20.9629,20.9248,,,,21.52495,21.530031,0.253883,GALAXY
354.4299579,0.221070941,23.06002,22.118717,21.16956,20.631134,20.465054,19.76568,20.17543,19.281277,19.408173,19.190783,0.47,GALAXY
18.73199654,0.171642706,26.054983,22.184954,21.131678,20.390188,20.138607,19.769403,19.546833,19.178392,18.734003,18.847797,0.65455556,GALAXY
16.65104485,0.081650421,24.375166,22.647417,21.130793,20.4152,20.086987,19.468924,19.223557,19.330076,19.470192,19.504229,0.45876956,GALAXY
333.7499084,0.471686274,24.198301,22.676228,21.129526,20.274288,20.066084,19.477247,19.21718,18.829994,18.571392,18.215052,0.43,GALAXY
17.69588852,-0.213767558,22.528889,21.865337,21.126461,20.625591,20.438921,20.099411,19.794699,19.77129,19.295383,19.195095,0.57015306,GALAXY
353.0877686,-0.913305104,24.183182,22.659739,21.086645,20.242617,19.844065,19.492802,19.119833,18.727356,,,0.567,GALAXY
359.7064209,-0.407199144,23.834366,22.20538,21.075941,20.46682,20.166842,19.814985,19.718348,19.147985,19.051998,19.050884,0.4648064,GALAXY
19.69556618,-0.347984344,23.842758,22.325006,21.050201,20.652445,20.239855,20.048489,19.928185,19.619606,19.788776,19.553612,0.3515673,GALAXY
352.5507202,-0.831359208,22.914133,21.977894,21.049232,20.70865,20.334538,19.892305,19.50815,19.42655,19.67929,19.585903,0.418,GALAXY
24.61824799,0.017000299,,22.465021,21.04475,20.558552,20.234222,19.951773,19.957064,19.291887,19.788166,19.67442,0.342905,GALAXY
15.93463326,0.333169758,,22.45643,21.041325,20.491735,20.233488,,,19.651577,19.697926,20.044086,0.35234907,GALAXY
352.5894165,-0.429923356,24.976578,22.633022,21.02462,19.995447,19.52179,19.04197,18.621851,18.487385,18.643524,18.953442,0.5659252,GALAXY
58.30884967,0.077992622,21.35049,21.109282,21.022053,20.966022,20.682892,20.608845,20.06698,20.33019,,,0.73,GALAXY
18.67336082,0.343475014,24.790815,22.318344,21.009417,20.220394,19.765003,19.196344,18.772442,18.570055,18.4239,18.534578,0.5201563,GALAXY
16.94524193,-0.349007517,22.37695,22.058107,20.9976,20.293444,19.932976,19.465313,19.132822,18.55384,17.668198,17.447414,0.56552,GALAXY
20.74401093,0.332915962,21.722956,21.30721,20.966688,20.424881,19.87674,19.397057,18.977932,18.608912,18.339394,18.565641,0.87723523,GALAXY
14.98925686,-0.331137538,22.270912,21.655016,20.960625,20.673723,20.322872,19.781385,19.851303,19.498085,19.578897,19.441404,0.30476215,GALAXY
18.78911209,0.447454274,23.561235,22.275105,20.935905,20.45774,20.182552,19.807661,19.609783,19.270174,19.412245,19.829763,0.43470454,GALAXY
24.84824753,0.122131407,23.052942,22.004398,20.927494,20.190447,19.885387,19.736883,19.173376,17.91017,16.75581,16.414602,0.570443,GALAXY
352.6807861,0.078304946,21.814806,21.271667,20.923847,20.325449,20.173107,19.417465,19.284573,18.643158,18.60829,18.793423,0.79,GALAXY
37.82696963,-1.033025839,22.734814,21.701363,20.922308,20.125443,19.762793,19.28361,18.970518,18.496729,,,0.6626676,GALAXY
24.06639862,-0.401577383,22.84894,21.966784,20.913164,20.10847,19.789438,19.348446,18.896559,18.415916,18.15444,18.391651,0.5413636,GALAXY
352.5758057,-1.030766249,24.006498,22.154331,20.89264,20.045912,19.683146,19.163773,18.649572,18.412216,18.333551,18.463888,0.56,GALAXY
322.2424602,-0.011623525,22.455946,21.706081,20.883808,20.571362,20.157001,19.417953,19.796068,19.444027,,,1,GALAXY
58.4545338,-0.266143317,23.241604,21.71461,20.88,20.06728,19.6388,19.468468,18.98694,18.569368,,,0.682,GALAXY
40.51890182,0.029904751,21.771088,21.30479,20.868647,20.3619,20.077826,19.748455,19.377531,19.044306,,,0.5976235,GALAXY
9.666671863,0.77124971,23.345486,22.301958,20.859123,19.912962,19.464577,19.122742,18.78701,18.489914,18.688168,18.749275,0.5575104,GALAXY
16.90583229,-0.301909387,22.805191,21.999825,20.85012,20.463345,20.165403,19.78743,20.14942,20.171358,19.619316,19.529621,0.4219064,GALAXY
22.57423782,0.335957289,22.591652,21.71837,20.845722,19.972042,19.742674,19.465563,19.059347,19.000246,18.282324,18.435677,0.600957,GALAXY
15.93530273,-0.342700422,25.714415,22.565634,20.843874,20.17074,19.770071,19.339483,18.898647,18.573624,18.931232,18.91716,0.39430243,GALAXY
25.80173302,-0.055096194,22.330637,21.667843,20.842184,20.570358,20.283699,19.864195,19.640747,19.34105,19.39759,19.216146,0.350127,GALAXY
22.58072472,0.0654478,23.475597,22.20337,20.840656,20.089558,19.719923,19.417559,18.90225,18.501347,18.637379,18.599457,0.4894665,GALAXY
5.667790651,0.116205691,23.55684,21.935307,20.84004,19.681473,19.051184,18.747253,18.45963,17.957886,17.750113,18.122322,0.7965167,GALAXY
18.44835854,0.345896095,22.096264,21.575193,20.832916,20.60239,20.301987,20.011742,19.80822,20.106308,,,0.39380243,GALAXY
15.50239658,0.164166942,22.828224,22.001514,20.830818,20.16343,19.767101,19.309513,18.772396,18.147097,17.850605,17.797274,0.483679,GALAXY
15.7365799,-0.405194283,24.656437,22.362017,20.820667,20.15542,19.754465,19.301613,18.972029,18.8013,18.828054,18.888582,0.4168555,GALAXY
26.5501709,0.249945164,23.486528,22.218994,20.81993,19.909157,19.562366,19.336552,18.85298,18.66458,18.508745,18.690994,0.5939399,GALAXY
351.9108887,-0.341299504,23.299753,22.073711,20.813717,20.182312,19.803816,19.352728,18.84501,18.365908,17.603281,17.259527,0.47,GALAXY
352.5114441,0.157420561,21.522308,21.55901,20.812698,20.761328,20.573265,20.390118,19.97225,20.09734,18.949327,18.68399,0.3474917,GALAXY
22.16464615,0.068934023,,22.266354,20.810421,20.227596,19.8779,19.473415,19.200073,19.159292,19.392971,19.569221,0.39297915,GALAXY
27.39432716,0.173364222,23.278316,22.08198,20.809694,19.939857,19.581059,18.989063,18.681816,18.461302,18.512234,18.83596,0.5778878,GALAXY
13.42623615,0.038045499,22.541073,21.730314,20.771536,20.160309,19.831022,19.54006,19.243303,18.9507,19.08538,18.838194,0.415,GALAXY
14.48188496,0.024122316,22.86354,21.86873,20.771358,19.945353,19.68719,19.08052,18.58598,18.31411,18.20316,18.185986,0.5972045,GALAXY
16.47840118,-0.015698746,21.830889,21.358027,20.770027,19.896097,19.440926,19.209476,18.986538,18.621998,18.139004,18.532768,0.812353,GALAXY
1.371002721,0.254133727,22.978867,22.008738,20.762424,20.020945,19.829842,19.506264,19.244814,19.026852,19.203856,19.211733,0.51,GALAXY
27.37824249,-0.309908211,22.719004,21.72712,20.748909,20.072556,19.684847,19.236418,18.820555,18.351631,18.684599,18.917774,0.5701151,GALAXY
17.51527023,0.246237606,24.760614,22.257618,20.709156,19.790607,19.38969,18.87979,18.515545,18.198273,18.24748,18.404612,0.513579,GALAXY
20.84403419,-0.376306683,22.35941,21.68717,20.693962,20.01565,19.614567,19.338938,18.958534,18.748024,19.087818,19.005182,0.4371327,GALAXY
29.22968292,0.765671253,23.558563,22.295269,20.684044,19.964533,19.55534,19.075018,18.775408,18.514647,19.133419,19.315023,0.4359102,GALAXY
17.24318504,0.232600495,,22.160976,20.680279,19.922043,19.44023,19.291325,18.776031,18.508303,18.616133,18.441784,0.457204,GALAXY
27.98694992,-0.564317226,21.563635,20.994438,20.678654,20.165703,19.806286,19.69657,19.598475,19.57981,18.916246,18.706448,0.7989367,GALAXY
25.40570641,0.548293233,22.571205,21.59487,20.669903,19.896753,19.703016,19.695639,19.352623,19.102558,19.082472,19.024282,0.433968,GALAXY
15.27878952,-0.605157852,23.305883,22.028082,20.667667,19.93806,19.580439,19.50365,18.84779,18.690155,18.841663,18.842808,0.471009,GALAXY
331.2461833,-0.448015485,21.657326,21.27484,20.659727,19.981853,19.667253,19.210516,19.06763,18.664053,,,0.656,GALAXY
17.03656387,-0.258799076,22.158882,21.457054,20.658947,20.405045,20.115889,19.374071,19.64421,19.164846,19.823679,19.649578,0.2859588,GALAXY
27.19778252,-0.408819675,23.154186,22.051237,20.64549,20.028536,19.676142,19.189812,18.677034,18.523838,18.70322,18.96311,0.3539543,GALAXY
14.37965012,-0.009772532,22.627552,21.784233,20.637573,19.677372,19.20515,18.834778,18.403074,18.159863,18.007673,18.329473,0.5868143,GALAXY
25.96236038,-0.173287272,21.761744,21.209015,20.61394,20.116196,19.671707,20.389217,19.684412,,,,0.216831,GALAXY
27.43353844,0.420397311,24.31291,22.205528,20.6132,19.750435,19.290316,18.852434,18.381939,18.083359,18.210758,18.280575,0.4829292,GALAXY
351.6843262,-0.735095143,23.307598,21.982658,20.612774,19.68862,19.186657,18.792366,18.630842,18.320507,18.300734,18.60545,0.6446069,GALAXY
334.3739624,0.817843676,23.445923,22.023867,20.589771,19.72837,19.373146,19.214169,18.842407,18.664587,18.52735,18.501154,0.516,GALAXY
27.99353409,0.063202456,21.961466,21.213028,20.588352,19.997086,19.663239,19.370014,19.0344,18.795006,18.593418,18.853779,0.58217925,GALAXY
334.9307861,-0.470374763,23.307959,21.89696,20.568886,20.012003,19.57961,19.074116,18.659767,18.48583,19.004292,18.976162,0.37,GALAXY
43.07466125,-1.188475251,24.58163,22.52695,20.543919,19.90166,19.46877,19.168127,18.970922,18.446878,,,0.4170944,GALAXY
37.10889053,0.657707453,22.689192,21.993929,20.542078,19.605446,19.247044,18.84612,18.284775,18.004221,,,0.6237989,GALAXY
15.00032806,0.239703178,22.414455,21.4793,20.528557,19.783463,19.544945,19.203482,18.766798,18.517052,18.542103,18.795218,0.5575554,GALAXY
351.7310791,-0.687117517,21.952404,21.353395,20.516178,19.89935,19.718071,19.483547,19.24407,19.019522,18.710005,18.846972,0.6442721,GALAXY
19.21037865,-0.306776762,22.556988,21.65175,20.515224,19.735102,19.315723,18.992664,18.500372,18.307083,18.26076,18.581886,0.560308,GALAXY
352.2468567,-0.49556455,22.173296,21.241692,20.512789,19.697418,19.21745,18.511953,18.111538,17.757929,17.640715,17.744951,0.840126,GALAXY
334.7988281,0.730690479,22.51121,21.585388,20.508884,19.773563,19.635513,19.159801,19.124147,18.773943,18.65484,18.923306,0.511524,GALAXY
18.53168297,0.083757862,21.474892,20.831543,20.505308,19.913122,19.618355,19.484076,18.944168,18.686092,18.575272,18.80396,0.6294473,GALAXY
352.719635,-0.409262478,22.70392,21.628942,20.504505,20.142303,19.766262,19.70274,19.158539,19.111944,19.514963,19.631372,0.37,GALAXY
16.29135704,0.003129598,23.28122,22.014534,20.494703,19.925903,19.537645,19.194294,18.796854,18.515472,18.118736,17.92385,0.448606,GALAXY
16.67685318,0.198868155,21.940329,21.197529,20.492907,20.218985,20.121655,19.955788,19.550137,19.718527,19.40334,19.42466,0.2515438,GALAXY
25.22839928,-0.395115882,22.740225,21.604513,20.492231,19.974709,19.596483,19.317068,18.818295,18.836447,19.126743,19.027775,0.387732,GALAXY
16.20829391,-0.327242792,21.980606,21.290306,20.490595,20.15763,19.80987,19.677114,19.189821,19.164883,19.44495,19.255291,0.35498118,GALAXY
16.59471512,-0.355844349,23.882204,22.075068,20.4845,19.629223,19.234,18.811508,18.387642,18.176594,18.084902,17.98799,0.4478138,GALAXY
17.22535133,0.343190163,,22.05965,20.47685,19.765245,19.413832,18.931292,18.65816,18.462147,18.616863,18.7527,0.39832672,GALAXY
18.93741226,-0.402303189,21.62554,21.167614,20.460451,20.04027,19.851772,19.460032,19.125793,19.056128,19.115782,19.093697,0.47023666,GALAXY
58.36476537,-0.190621343,21.868725,21.176966,20.460358,20.132086,19.528336,19.414303,19.91175,18.862642,,,0.68,GALAXY
16.70802116,-0.394390523,22.499655,21.484993,20.453915,20.02076,19.821089,19.635998,19.517305,18.948675,19.600803,19.720993,0.25,GALAXY
21.08888245,0.29378736,21.741943,21.34841,20.448477,19.76848,19.487368,19.121885,18.689709,18.52639,18.543217,18.853985,0.5768138,GALAXY
25.37699509,0.184155494,21.78328,21.296082,20.436678,19.821545,19.489552,19.200516,18.893553,18.509281,18.63834,18.841335,0.599229,GALAXY
25.74842072,0.002683214,21.562712,20.89688,20.433094,20.130909,19.843948,19.371988,19.35737,19.001856,18.698383,18.721699,0.241803,GALAXY
24.53205299,0.124645501,22.120474,21.204054,20.414875,19.728268,19.361547,18.948666,18.66744,18.178215,17.439259,17.377884,0.697874,GALAXY
25.10664177,0.042650569,23.370075,21.79787,20.412031,19.838318,19.52193,19.082178,18.88924,18.744398,18.949686,19.02805,0.417558,GALAXY
25.38094711,-0.209418625,22.563828,21.56664,20.405142,19.855658,19.453062,19.169666,18.723625,18.50321,18.606438,18.760036,0.4838085,GALAXY
352.6832275,-0.378273576,22.778387,21.673187,20.403341,19.760015,19.372414,18.977386,18.698326,18.425123,18.374557,18.333937,0.42,GALAXY
323.4523017,-0.697239191,23.635292,21.822681,20.389923,19.599602,19.227255,18.927477,18.55666,18.3169,,,0.4706459,GALAXY
19.76737785,0.531778097,22.269957,21.628008,20.387234,19.61385,19.21798,18.704935,18.256964,17.853313,17.566284,17.741709,0.6123093,GALAXY
24.31920624,0.17147927,23.048536,21.729645,20.387228,19.799456,19.440014,19.244503,18.732023,18.629234,18.966103,19.132769,0.406522,GALAXY
24.60059547,-0.303958833,22.587862,21.794226,20.372606,19.805883,19.446115,19.003922,18.83185,18.755856,19.024006,19.035315,0.383331,GALAXY
17.19840431,-0.540171087,22.880068,21.670311,20.361637,19.730677,19.31791,18.756737,18.491621,18.148874,16.977844,16.451181,1.05602,GALAXY
15.14133453,-0.349735111,22.769382,21.753902,20.360197,19.602646,19.234642,18.658823,18.37172,18.174736,18.478281,18.526012,0.461968,GALAXY
18.52309608,0.125014126,23.375383,21.899807,20.349855,19.675953,19.20675,19.016102,18.386248,18.227083,18.405,18.516382,0.4335045,GALAXY
17.62299347,-0.421772391,21.816832,20.863604,20.323833,19.979893,19.469503,19.011034,19.088472,18.800755,18.018724,17.901493,0.8449057,GALAXY
16.44227409,0.050376076,23.302273,21.490572,20.321316,19.680557,19.292622,19.055445,18.76388,18.621056,18.755703,19.049946,0.49027076,GALAXY
23.46886635,-0.248898223,24.400011,21.920008,20.30784,19.614042,19.22188,18.692045,18.19703,18.147146,17.73088,17.485308,0.4477248,GALAXY
349.6802368,0.553647935,23.757565,21.768475,20.305906,19.689941,19.233448,18.843683,18.341356,18.067194,18.769611,18.937399,0.3010916,GALAXY
14.36351967,-0.555041671,22.78454,21.604551,20.30193,19.580072,19.223082,18.855623,18.488192,18.078953,17.77654,17.752481,0.55199987,GALAXY
19.00675392,0.194847718,22.00594,20.969643,20.294537,19.9501,19.696156,19.452341,19.378967,19.381481,18.840172,18.740852,0.342382,GALAXY
334.6145325,0.115928791,22.437,21.580904,20.288097,19.66504,19.304148,19.00695,18.582747,18.368858,18.513786,18.622236,0.495,GALAXY
29.95235487,0.506013093,22.333384,21.388979,20.284832,19.804909,19.391094,18.8742,18.519375,18.274214,18.04644,17.69699,0.4099288,GALAXY
9.824051288,0.900354643,22.989779,21.27232,20.271193,19.815784,19.515848,19.281572,19.04925,18.559828,,,0.3523108,GALAXY
19.46670532,-0.277006179,21.903988,21.149809,20.267242,19.909369,19.773638,19.80162,19.2874,19.283089,19.801086,19.813879,0.354764,GALAXY
334.6845703,0.076742381,22.064528,21.453197,20.241026,19.813467,19.495382,19.124105,18.8135,18.736084,19.24359,19.28807,0.326,GALAXY
15.70373631,0.115998134,21.103533,20.712135,20.21881,19.669184,19.50255,19.205952,18.648449,18.371346,17.907017,18.07261,0.6389617,GALAXY
25.47324562,0.241326571,22.068281,21.39342,20.2101,19.579481,19.253393,18.921156,18.675951,18.394165,18.534807,18.741827,0.427916,GALAXY
19.3964386,0.187286898,23.043695,21.651794,20.186918,19.635092,19.27777,18.862473,18.418127,18.104265,18.655354,18.764309,0.36278734,GALAXY
352.7295227,0.154057115,22.62342,21.654957,20.175081,19.387457,19.076351,19.252111,18.96363,18.563677,18.520473,18.844166,0.47881436,GALAXY
334.9660645,0.081354082,21.882324,21.149866,20.172659,,19.42189,19.081066,18.783876,18.759003,19.320189,19.19,0.341,GALAXY
359.281189,-0.953187346,22.188385,21.371714,20.168642,19.407745,19.18669,19.11898,18.656153,18.4069,17.914583,17.670874,0.5364779,GALAXY
25.53227043,-0.222571433,22.307987,21.307455,20.167816,19.406029,18.991589,18.775473,18.433592,18.242167,18.195778,18.37043,0.4897929,GALAXY
18.84443855,-0.034589007,22.179764,20.717972,20.167301,19.99689,19.794699,19.889065,19.906584,,19.88784,20.313335,0.0480781,GALAXY
24.55472183,-0.164810717,22.497995,21.399284,20.1593,19.580406,19.24174,18.846287,18.508583,18.224184,18.369625,18.475815,0.471593,GALAXY
19.76077843,0.205909654,21.446993,20.857637,20.158537,19.635057,19.355371,19.057806,18.78276,18.46517,18.250294,18.426796,0.5560033,GALAXY
15.17221069,0.049157865,20.89446,20.736124,20.153152,19.655712,19.5674,19.139538,18.75368,18.33959,18.265293,18.314945,0.5600532,GALAXY
26.96549416,-0.041017294,23.68882,21.68498,20.152882,19.494928,19.082245,18.63697,18.207983,17.772429,17.023857,16.74895,0.473511,GALAXY
333.9920654,-0.40532887,21.904905,21.218784,20.143929,19.773535,19.303652,,,18.365454,,,0.345,GALAXY
353.3034668,-0.037244651,24.377508,21.515148,20.113575,19.530773,19.165722,18.730442,18.42157,18.132736,18.742868,18.827509,0.27488,GALAXY
26.71558571,0.16687341,22.22609,21.12909,20.112541,19.680235,19.356987,18.870342,18.544785,18.208181,18.596588,18.429333,0.28834906,GALAXY
20.50653839,0.175136626,22.309088,21.03942,20.099432,19.539911,19.280247,19.105837,18.687426,18.558558,17.791885,17.90886,0.5990023,GALAXY
334.0475464,0.53628087,21.891464,21.185661,20.098259,19.660282,19.284073,18.818233,18.496798,18.075153,18.433018,18.486687,0.43,GALAXY
355.8296602,0.354312582,23.30204,21.479542,20.095987,19.450153,19.02514,18.684477,18.43946,18.18661,18.446962,18.536879,0.3994291,GALAXY
27.1596241,0.311740965,22.540382,21.319014,20.090143,19.428759,19.057316,18.67927,18.257587,18.08383,18.410013,18.55477,0.40604064,GALAXY
333.8138428,0.679103196,22.43534,21.5863,20.089537,19.3328,18.913797,18.714699,18.368639,18.032887,18.28068,18.52765,0.4573475,GALAXY
17.48307228,0.483984381,22.699062,21.322807,20.068718,19.215084,18.790327,18.43258,17.994469,17.716812,17.702728,17.87861,0.5145842,GALAXY
17.20242119,-0.55300945,20.873724,20.53872,20.058832,19.7223,19.60117,19.208832,19.122915,18.82924,18.974909,19.035667,0.15,GALAXY
334.9465027,0.104069062,21.533146,20.556818,20.054089,19.78671,19.61731,19.663202,19.90857,19.627748,20.26625,19.92262,0.2122,GALAXY
19.4646759,-0.327446461,21.662937,20.86827,20.050013,19.817759,19.487877,19.011341,18.651552,18.537054,18.514004,18.122215,0.3405867,GALAXY
353.0606995,-0.536087334,21.54512,20.942879,20.048496,19.589499,19.17519,18.94907,18.71723,18.462181,18.377268,18.42158,0.4,GALAXY
333.7004395,-0.292714357,21.447197,20.900269,20.036392,19.678095,19.250948,19.151165,18.743383,18.370945,18.84509,18.656708,0.36,GALAXY
1.193832242,0.162464193,20.758083,20.451908,20.026222,19.336906,19.006948,18.910418,18.566038,18.301212,17.4329,17.467222,0.7886699,GALAXY
334.0355225,0.702470005,23.282421,21.456486,20.021372,19.446014,19.068537,18.49517,18.178967,17.757215,18.4558,18.593565,0.36,GALAXY
27.29216003,0.216038182,21.43445,20.73158,19.997498,19.757887,19.453426,19.358345,19.182537,19.09598,18.681477,18.520443,0.348099,GALAXY
351.8435059,-0.808343709,22.038626,20.989979,19.99587,19.589125,19.273659,19.036093,18.744642,18.561857,19.163715,19.239874,0.274,GALAXY
18.32816124,0.482236445,21.319431,20.75626,19.965199,19.553354,19.26498,18.8828,18.639372,18.623001,18.47798,18.585926,0.44223744,GALAXY
37.53845311,-0.977830572,22.422522,21.20619,19.962793,19.480852,19.090925,18.665949,18.425041,18.054327,,,0.371996,GALAXY
14.43319225,-0.173721686,22.600182,21.079302,19.961256,19.475636,19.167583,18.68411,18.425035,18.247692,18.78852,18.896452,0.26597932,GALAXY
14.47328949,0.266822964,22.76839,21.179853,19.95143,19.088371,18.574211,18.389557,18.270775,17.659113,17.244545,17.329128,0.4937117,GALAXY
45.82599572,-1.002590797,21.800732,20.967249,19.95096,19.543715,19.218937,18.939545,18.609465,,,,0.395,GALAXY
21.39151764,-1.095520139,20.429686,20.062311,19.947273,19.611454,19.623667,19.553726,19.222395,18.920734,18.264978,17.995173,0.59579,GALAXY
323.4351208,-0.772025381,22.277056,20.9737,19.94666,19.478086,19.114716,18.709352,18.39866,18.106466,,,0.344,GALAXY
16.91028023,0.328414768,23.046604,21.24709,19.94519,19.451233,19.027267,18.733727,18.44126,18.19169,18.733274,19.065933,0.26909775,GALAXY
25.82890511,-0.546247005,22.540855,21.182135,19.944618,19.426868,19.015942,18.657307,18.226229,17.89784,18.18444,18.241821,0.37982213,GALAXY
21.31423759,-0.117256269,22.597282,21.34189,19.944263,18.958433,18.507067,18.141874,17.76352,17.485018,17.543844,17.893526,0.5458651,GALAXY
16.00129318,-0.244058043,22.198622,21.071552,19.928352,19.389637,19.142437,18.813547,18.52371,18.315908,19.106194,19.247854,0.2273879,GALAXY
26.46900749,-0.424734265,23.754164,21.50525,19.92044,19.349558,18.952374,18.572796,18.207937,18.01687,18.300167,18.442327,0.4016761,GALAXY
16.05883026,-0.15355587,22.946558,21.458557,19.907625,19.308277,18.942205,18.54442,18.228851,18.026476,18.296303,18.35759,0.3961475,GALAXY
20.79797935,-0.36668992,22.09344,21.199451,19.902271,19.391184,19.04604,18.758234,18.477537,18.133842,18.416712,18.464811,0.4369208,GALAXY
10.6529894,0.918073777,23.712532,21.502811,19.894169,19.086508,18.71201,18.392641,18.156738,17.887476,,,0.5002655,GALAXY
20.92521477,0.896746933,22.668167,20.965626,19.886951,19.33529,18.962145,18.85079,18.672125,18.243353,,,0.255,GALAXY
27.27330589,-0.426828772,22.984808,21.363085,19.884007,19.369596,18.954481,18.574793,18.242603,18.06576,18.67734,18.839268,0.32557115,GALAXY
54.75420861,0.330948661,21.61932,20.714918,19.873695,19.43166,19.072235,18.781929,18.473145,18.057552,,,0.42,GALAXY
45.39247131,-0.636803508,20.832724,20.39983,19.861359,19.446718,19.244675,18.944714,,,,,0.563,GALAXY
27.73243141,-0.085495643,21.731672,20.819252,19.860682,19.307201,18.984955,18.670488,18.36997,18.078413,18.117945,18.199999,0.4247346,GALAXY
45.66918743,0.352098508,21.464891,20.772823,19.860306,19.480942,19.146147,18.822727,18.512384,18.221245,,,0.3792185,GALAXY
44.22134399,0.092362784,20.92929,20.46419,19.859207,19.641184,19.317482,19.185444,18.933588,18.625221,,,0.3672028,GALAXY
27.55483818,-0.348736078,22.096203,21.19206,19.859058,19.390942,19.02164,18.58275,18.361654,18.17206,18.635645,18.743916,0.35488123,GALAXY
17.21235657,-0.08451201,21.429222,20.846344,19.828962,19.360594,19.019703,18.805319,18.448221,18.27669,18.362192,18.426723,0.43035555,GALAXY
16.51837158,-0.466345668,21.993584,20.991343,19.825512,19.0587,18.661436,18.424776,17.992245,17.81569,17.94926,18.153343,0.5019683,GALAXY
18.49367714,-0.106505811,21.688648,20.934626,19.821356,19.329779,19.012506,18.71764,18.244873,18.05505,18.242794,18.204697,0.45624176,GALAXY
25.62333107,0.116168804,21.749588,20.899626,19.814875,19.361639,19.092474,18.927662,18.510462,17.997356,18.124329,18.212585,0.403362,GALAXY
46.17572823,-1.053979571,22.06015,20.999432,19.809679,18.965145,18.72328,18.304577,17.906578,,,,0.445,GALAXY
17.94388771,0.027499409,21.885183,20.813562,19.80935,19.414669,19.130987,18.752192,18.514427,18.191343,18.87944,18.948067,0.28121036,GALAXY
24.20236397,-0.214308739,23.11269,21.265017,19.804945,19.174492,18.790937,18.442781,18.135447,17.944426,18.136742,18.27416,0.382575,GALAXY
36.10068512,0.034302931,21.832436,20.898615,19.802362,19.354895,19.038177,18.609215,,18.131907,,,0.4236043,GALAXY
26.24432564,-0.099200696,21.583609,20.850437,19.801199,19.095617,18.739925,18.516806,18.249025,18.018017,18.021004,18.265366,0.54991996,GALAXY
14.07521349,0.614346511,22.071741,20.983736,19.790247,19.083311,18.674467,18.31433,17.997807,17.833258,17.93573,18.137638,0.4733833,GALAXY
17.62007904,-0.051690299,22.345497,20.983173,19.76954,19.309505,18.937746,18.598085,18.33789,18.139757,18.713196,18.790726,0.28207606,GALAXY
14.12264404,0.503987165,23.056772,21.28743,19.766775,19.166094,18.792612,18.467638,18.072561,17.854984,17.920488,17.796513,0.4209863,GALAXY
353.3707886,0.186131209,21.127434,20.711563,19.756397,19.190125,18.82068,18.427246,18.145094,17.73041,17.822454,17.867865,0.4390611,GALAXY
352.6877441,-0.174167782,21.120945,20.555191,19.754011,19.35577,19.163155,19.064186,18.814629,18.351282,18.983936,18.929516,0.424,GALAXY
352.9089966,-0.351644009,21.204117,20.585815,19.751429,19.184967,18.902773,18.818607,18.5152,18.19891,17.865404,18.158445,0.5461428,GALAXY
24.30646706,0.188776538,22.737036,21.0812,19.747349,19.203827,18.891605,18.521637,18.183237,17.899502,18.482845,18.541332,0.303872,GALAXY
15.42764854,0.512019992,,21.46287,19.744282,19.081404,18.655516,18.320066,18.06659,17.680367,17.729464,17.956131,0.4211181,GALAXY
43.92729187,-0.180715486,21.775976,20.871626,19.738844,19.272442,18.941044,18.685951,18.523537,18.330175,,,0.275918,GALAXY
334.5189514,0.172351062,21.681612,20.704166,19.736712,19.28196,18.996046,18.558199,18.225628,17.891777,18.347153,18.312748,0.43,GALAXY
25.78147125,0.442309409,21.072987,20.525114,19.729757,19.505917,19.127136,18.968374,18.772242,18.593756,18.648624,18.589653,0.3551331,GALAXY
351.8696289,-0.782829404,22.389442,20.754812,19.725199,19.291542,19.059591,18.648369,18.469719,18.298992,18.86915,18.829735,0.216,GALAXY
352.1889038,-0.649809241,22.820574,21.123146,19.713943,19.044422,18.705511,18.485289,18.088396,17.795053,17.988955,18.160664,0.45,GALAXY
23.5174408,0.039655328,22.926653,20.987066,19.713394,19.037973,18.56835,17.213888,16.976831,16.856997,16.738115,16.852814,0.292242,GALAXY
14.14271723,0.76158999,21.984945,20.888237,19.703794,19.068531,18.669266,18.412308,17.908669,17.729496,17.778084,18.010452,0.4798882,GALAXY
26.58112717,0.089728639,22.711245,21.182497,19.684965,19.048092,18.74473,18.618998,18.114386,17.684404,,,0.370657,GALAXY
36.87014771,0.439734668,22.88383,21.172459,19.656546,19.098377,18.75056,18.3856,18.05948,17.882568,,,0.3643478,GALAXY
16.87620926,0.147375241,22.50367,20.779465,19.644688,19.208195,18.888533,18.425076,18.195482,18.0799,18.510246,18.602953,0.28014544,GALAXY
43.67441177,-0.003557708,21.236166,20.646442,19.641388,19.288054,18.945692,18.981823,18.378006,18.20541,,,0.36,GALAXY
359.2728882,-0.847109437,22.312983,20.88753,19.620531,19.121622,18.748056,18.43797,18.082294,17.602917,17.881855,17.996027,0.3279119,GALAXY
18.64420319,-0.06110511,21.977886,20.524366,19.619535,19.162802,18.850441,18.439688,18.236525,18.062298,18.54507,18.72395,0.17850646,GALAXY
20.55695915,-0.420422792,22.742554,20.942364,19.618982,19.109556,18.766226,18.413551,18.21107,17.940853,18.69558,18.823706,0.24030887,GALAXY
19.4020462,0.052000333,25.427958,20.955782,19.617697,19.140894,18.822443,18.559597,18.343697,18.299828,18.686491,18.85531,0.30659986,GALAXY
322.3617526,0.071528118,21.772707,20.833755,19.604689,19.107351,18.721819,18.39786,18.051794,17.724918,,,0.4217528,GALAXY
19.76322556,-0.428810477,21.203249,20.286514,19.603685,19.213894,18.981098,18.574905,18.398048,18.272823,18.865513,19.092066,0.1608668,GALAXY
343.6499329,1.061346412,20.2807,20.558144,19.598677,19.191751,18.767189,18.52864,18.222038,17.91831,18.174566,18.082584,0.328,GALAXY
15.62463951,-0.438500702,21.55143,20.051779,19.598257,19.346455,19.14429,19.386429,19.249546,,19.740314,20.018599,0.050019793,GALAXY
322.2989524,-0.077813624,21.942139,20.810265,19.575846,18.923857,18.569603,18.22332,17.833708,17.61264,,,0.43,GALAXY
356.7995676,1.032000191,21.262497,20.418865,19.565544,19.219437,18.894323,18.617586,18.4863,18.094427,,,0.266286,GALAXY
25.04975891,-0.303771794,21.31945,20.561232,19.564688,19.138527,18.83835,18.57858,18.18717,17.947533,18.432327,18.483282,0.391486,GALAXY
27.48651886,0.093284145,21.770525,20.659672,19.526697,19.03878,18.696,18.407207,18.031677,17.735271,18.102882,18.035324,0.34977093,GALAXY
334.672821,-0.152660802,23.096014,20.926674,19.511644,19.041178,18.608578,18.33434,18.022322,17.773869,18.153746,18.047441,0.37,GALAXY
16.73449516,-0.247635648,21.167126,19.90284,19.49155,19.249393,19.170324,19.10813,19.013273,19.148987,19.695093,19.905512,0.07996698,GALAXY
14.83764553,0.517114699,23.019222,21.024878,19.49051,18.923038,18.58436,18.47225,18.118734,17.786806,18.039051,18.056704,0.3748477,GALAXY
334.3772278,0.152426153,22.156265,20.705349,19.472801,18.968157,18.635872,18.373821,18.090017,17.771202,18.390411,18.444975,0.322,GALAXY
9.744305923,1.027134765,21.406454,20.491236,19.443779,19.039238,18.727291,18.357683,18.00592,17.721922,18.056227,17.949179,0.3566064,GALAXY
359.3340149,0.670105755,21.28156,20.461685,19.423018,18.984503,18.707685,18.372723,18.247358,17.96162,18.289272,18.179789,0.2206938,GALAXY
27.04214478,0.012920031,22.679085,20.97083,19.420868,18.83053,18.35024,18.13478,17.661795,17.296001,17.28578,17.116133,0.37124,GALAXY
44.21487808,-0.064277925,20.504118,20.051052,19.42063,19.050453,18.800562,18.924145,18.789707,18.764051,,,0.3940777,GALAXY
25.00784302,0.470602602,21.795631,20.781475,19.409676,18.839104,18.471062,18.207146,17.937693,17.706284,18.032906,18.144249,0.402822,GALAXY
19.45505333,-0.090356119,21.274433,20.232262,19.409628,19.0099,18.7943,18.458944,18.226343,18.032114,18.475533,18.408508,0.23413797,GALAXY
16.5220108,-0.549532771,23.09189,20.80531,19.405989,18.882362,18.551723,18.161062,17.941364,17.714958,18.351387,18.50754,0.25908074,GALAXY
19.42974854,-0.189205274,23.47324,20.902594,19.398624,18.352345,17.928274,18.081533,17.468187,17.140041,16.855675,17.120113,0.5581191,GALAXY
26.75279045,0.178956553,21.291174,20.438055,19.385574,18.9742,18.693968,18.449173,18.184319,18.00865,18.29032,18.408043,0.35330546,GALAXY
26.56946182,0.140146047,21.075745,20.14376,19.384119,19.002113,18.772268,18.453213,18.392216,18.242798,18.874887,19.046719,0.21564257,GALAXY
14.8639679,-0.187076211,22.07281,20.710203,19.36475,18.766054,18.403437,18.13457,17.786089,17.566961,17.675385,17.784101,0.41668215,GALAXY
354.6266904,0.417547266,20.825127,20.226297,19.35783,18.862562,18.509712,18.437014,18.112078,17.880718,17.693195,17.802876,0.463707,GALAXY
28.28053121,1.098587949,21.262625,20.172401,19.355371,18.97301,18.705097,18.376724,18.197412,18.157671,,,0.181,GALAXY
20.96702385,0.626484632,21.869898,20.462223,19.352333,18.914242,18.608774,18.271193,18.041132,17.786795,18.596237,18.717205,0.2562311,GALAXY
26.19728279,-0.15187718,20.671667,20.138248,19.331684,18.977734,18.60924,18.586475,18.296997,17.926939,18.127495,18.09604,0.3884065,GALAXY
335.0338135,-0.335073858,22.432955,20.618076,19.331587,18.822742,,18.43908,18.220724,17.953722,17.873526,17.856527,0.329,GALAXY
333.9633484,0.792343915,22.538845,20.647131,19.31086,18.757835,18.273066,17.91731,17.527443,17.142721,17.636503,17.624878,0.32,GALAXY
25.52206421,-0.387362003,22.27902,20.652134,19.308846,18.753323,18.379341,17.947657,17.64061,17.357645,18.004929,18.175655,0.279743,GALAXY
38.76663971,-0.708707511,21.756948,20.3628,19.302444,18.837255,18.453499,18.173075,,17.508183,,,0.2838444,GALAXY
23.25086975,-0.585983872,20.794641,20.147972,19.30166,18.989252,18.707048,18.493639,18.384754,17.94542,18.39169,18.345745,0.35717085,GALAXY
24.99011993,0.12318027,21.316887,20.35166,19.293892,18.868088,18.507961,18.15899,17.875475,17.576517,18.024403,18.197128,0.3129,GALAXY
45.72147097,-0.034034633,20.40304,19.618238,19.287493,19.137926,19.103994,19.061312,19.147432,,,,0.1656627,GALAXY
16.64620399,-0.374089479,22.027086,20.455837,19.28685,18.814882,18.520025,18.496765,18.278837,18.233646,18.419968,18.53011,0.26042205,GALAXY
27.08231544,0.184346423,21.423765,20.294544,19.271807,18.82548,18.560316,18.449797,18.189325,18.058687,18.492268,18.948061,0.2051184,GALAXY
334.2481995,-0.325096279,21.435646,20.002575,19.270956,18.891893,18.63916,18.306808,18.097706,18.063845,18.729021,19.020338,0.13,GALAXY
19.28098488,-0.147421122,22.442007,20.330612,19.26931,18.756544,18.366396,17.931309,17.612968,17.488453,18.122955,18.384651,0.15010874,GALAXY
17.29047585,-0.13149406,21.214615,20.238592,19.264915,18.885082,18.536577,18.415648,18.282951,18.101917,17.979656,18.034561,0.2815065,GALAXY
334.4034119,-0.00968538,21.537205,20.28785,19.26132,18.816605,18.378199,18.104824,17.726645,17.311493,17.606295,17.463463,0.29,GALAXY
17.42084694,-0.038695142,21.249472,20.27303,19.256954,18.86008,18.549109,18.615084,18.374529,17.930542,18.290787,18.299639,0.297494,GALAXY
24.94908714,-0.086083867,21.22776,20.305899,19.251444,18.841246,18.48416,18.228743,18.024397,17.674095,18.195198,18.142803,0.348629,GALAXY
352.9980164,0.287346363,21.469032,20.130047,19.23736,18.808228,18.554718,18.20137,18.016663,17.808529,18.468306,18.62378,0.1856313,GALAXY
21.60303688,0.161507264,22.046604,20.546207,19.228495,18.693758,18.428282,18.082254,17.839405,17.63232,17.978123,18.090076,0.27315027,GALAXY
20.42815971,-0.063957758,21.775362,20.25359,19.228146,18.775623,18.49657,18.259405,17.969088,17.588993,17.672272,17.417362,0.218833,GALAXY
44.18943405,0.008997601,21.78344,20.495256,19.222464,18.74486,18.419195,18.09682,17.826723,17.448235,,,0.36,GALAXY
9.995327488,0.874619594,21.53703,20.201853,19.22118,18.804762,18.53619,18.18276,17.956139,17.9125,18.442944,18.772335,0.1872016,GALAXY
26.99050522,-0.464852095,21.365627,20.25445,19.215239,18.799261,18.38492,18.04881,17.761244,17.460371,17.89626,17.77577,0.328135,GALAXY
352.7353821,-0.857591331,21.347628,20.341259,19.204782,18.805283,18.451834,18.397535,18.102123,17.936451,18.236755,18.210758,0.35,GALAXY
25.30965614,-0.351858616,22.670174,20.786972,19.202358,18.60468,18.242165,17.819149,17.476309,17.199337,17.508892,17.545227,0.3410477,GALAXY
22.22479248,-0.294607848,22.086388,20.421766,19.202082,18.681705,18.349371,17.894234,17.642805,17.427105,17.995712,18.095161,0.23947248,GALAXY
20.49536896,-0.069327258,21.485432,20.465302,19.199577,18.742886,18.424894,18.055561,17.761509,17.589205,17.99889,18.047215,0.38504994,GALAXY
36.08256149,0.00240953,23.325914,20.836023,19.191654,18.463428,18.066048,18.0259,,17.483582,,,0.4408317,GALAXY
17.62652588,-0.2641958,21.057243,20.078138,19.185043,18.879126,18.627443,18.6731,18.541485,18.30062,18.73328,18.915035,0.2710884,GALAXY
356.0110692,0.292027036,20.567667,19.973013,19.172754,18.874363,18.596403,18.453018,18.208933,17.993023,18.40749,18.389568,0.3980498,GALAXY
322.2351589,0.003095461,20.952065,20.125988,19.157347,18.729046,18.381874,18.119473,17.762394,17.555746,,,0.2893889,GALAXY
9.980951368,0.882307965,21.361008,20.157425,19.157137,18.878654,18.511232,18.640583,18.254631,18.294725,18.31051,18.455559,0.280139,GALAXY
29.3049736,-0.987852335,20.654139,20.063673,19.143913,18.816128,18.562466,18.415129,18.091263,17.861668,17.844051,17.713306,0.4409238,GALAXY
27.7385025,-0.05272454,20.894064,20.228552,19.143854,18.746624,18.425512,18.192917,17.972553,17.767147,18.07129,18.079874,0.4268156,GALAXY
18.17867088,-0.395944268,22.301353,20.414255,19.135235,18.599686,18.261099,17.781874,17.500233,17.211323,17.70729,17.669495,0.253944,GALAXY
1.216625314,0.144675761,20.841148,19.932083,19.134289,18.715254,18.482105,18.104177,17.925507,17.757675,18.25174,18.33113,0.1868393,GALAXY
17.99300766,0.376535296,22.685877,20.64425,19.112074,18.433998,18.039045,18.314142,,,17.493303,17.72868,0.4202198,GALAXY
19.66121863,0.589855439,21.065775,20.14019,19.111862,18.706293,18.349594,18.090052,17.806223,17.560207,18.11949,18.086596,0.32529545,GALAXY
37.63846303,-1.042994201,23.431076,20.761208,19.103971,18.532248,18.081173,17.771866,17.505075,17.229895,,,0.3818043,GALAXY
334.8995361,0.790189087,22.631964,20.765734,19.098295,18.424976,17.99961,17.728294,17.359703,17.13197,17.381731,17.594204,0.4191606,GALAXY
354.382105,0.433544041,20.121256,19.739395,19.083416,18.894753,18.459484,18.379751,18.15775,17.920816,17.842653,17.596916,0.3138215,GALAXY
334.980835,0.196671352,21.445887,20.270239,19.066866,18.568106,18.180908,17.633598,17.265472,16.948576,17.360794,17.287828,0.35,GALAXY
21.96243095,-0.229140446,20.656458,20.022446,19.058685,18.524527,18.160446,17.88803,17.632874,17.425661,17.724443,17.872025,0.4377552,GALAXY
27.73563576,-0.10628511,22.77908,20.533669,19.055515,18.481705,18.105509,17.80209,17.415157,17.157223,17.536758,17.591955,0.3699533,GALAXY
331.4947763,-0.514177446,20.534128,19.426125,19.049036,18.817848,18.69125,18.992598,18.735754,,,,0.08211463,GALAXY
22.42865944,0.204254553,20.598238,19.898705,19.04735,18.560146,18.237282,17.904995,17.615982,17.308098,17.763857,17.70784,0.253532,GALAXY
19.31245613,0.106370866,21.317566,20.178759,19.042427,18.621197,18.39756,18.30439,17.978453,17.739592,18.253935,18.29911,0.3443701,GALAXY
333.7608032,0.043004923,21.216621,20.544348,19.02532,18.471823,18.204966,18.180119,17.982443,17.713789,17.989138,18.364521,0.3318367,GALAXY
9.801543648,0.713962724,22.731403,20.622976,18.998926,18.436296,18.060448,17.772438,17.452847,17.151913,17.545914,17.590239,0.3430755,GALAXY
334.006958,0.546352148,21.382555,20.094563,18.997211,18.551083,18.233173,18.00059,17.699018,17.481073,18.05185,18.3305,0.246,GALAXY
17.09420013,0.195886105,22.08237,20.22677,18.979431,18.499022,18.17676,17.863968,17.637161,17.483147,18.0628,18.242947,0.22438508,GALAXY
18.37759972,-0.163020879,20.96127,19.987103,18.978378,18.584194,18.247992,18.191597,17.865696,17.710428,17.899189,17.880535,0.29673493,GALAXY
356.7167002,0.754255442,21.392601,20.01181,18.9748,18.511913,18.264402,17.951777,17.811249,17.62485,18.145134,18.07991,0.1915892,GALAXY
322.357129,0.201950135,21.798023,20.19434,18.969307,18.495178,18.154757,17.873419,17.638058,17.440422,,,0.27,GALAXY
14.11450195,-0.353191257,22.140987,20.393759,18.965008,18.385456,18.068106,17.695988,17.378166,17.081034,17.509573,17.517593,0.28996077,GALAXY
45.83465153,0.101632732,21.095222,19.873802,18.944767,18.49917,18.245525,17.786682,17.542383,17.402548,,,0.11,GALAXY
351.6815796,-0.709950149,20.708296,19.82391,18.937363,18.597359,18.302782,18.253138,17.932005,17.683357,18.087215,18.03008,0.3017141,GALAXY
310.1449514,-1.020449157,21.031404,20.122663,18.928648,18.479198,18.14702,17.861904,17.549232,17.248802,,,0.35,GALAXY
14.02181755,0.563902311,20.710455,19.741547,18.921537,18.53498,18.327831,18.015411,17.931683,17.780155,18.366688,18.424282,0.2186097,GALAXY
16.15344048,-0.297139406,21.777702,20.220442,18.913742,18.430904,18.132423,17.8125,17.621946,17.38015,17.91643,18.019127,0.24690418,GALAXY
46.65526193,0.178691447,19.836178,19.364883,18.90078,18.690596,18.373404,18.429012,18.052538,17.79559,,,0.2649219,GALAXY
9.705341014,0.687909731,20.59078,19.835539,18.893784,18.538464,18.219212,18.156261,17.857553,17.587887,17.859177,17.955227,0.342908,GALAXY
1.245107974,-0.020880708,22.657112,20.381004,18.889498,18.360695,18.035042,17.937836,17.636894,17.504858,17.98927,18.086113,0.303306,GALAXY
15.99872589,-0.048516158,20.679518,19.870474,18.886904,18.509832,18.182392,17.867603,17.636179,17.395018,17.91032,17.946674,0.3144055,GALAXY
334.7165527,-0.229120418,21.658644,19.974018,18.884333,18.502897,18.247185,17.886051,17.770767,17.525497,18.242527,18.412794,0.22,GALAXY
20.24290276,-0.119479924,20.466448,19.545536,18.880623,18.482075,18.361752,18.074923,17.785667,17.64296,17.578316,17.4845,0.1658603,GALAXY
352.469696,-0.323564798,21.264626,19.917173,18.870169,18.38853,18.125973,17.751358,17.500084,17.281874,17.709642,17.756914,0.25,GALAXY
45.47471984,0.259745849,24.269306,20.472412,18.868467,18.299719,17.925495,17.834404,17.598736,17.28541,,,0.383197,GALAXY
37.86640445,-0.977403959,20.629343,19.77916,18.865143,18.502018,18.162155,17.951302,,17.509115,,,0.2861773,GALAXY
22.26787376,-0.156806529,21.296919,19.819677,18.861414,18.421337,18.177769,17.85965,17.633053,17.598288,18.116405,18.263239,0.1690213,GALAXY
29.98957746,0.553369601,20.432459,19.754309,18.838121,18.50728,18.100336,17.911488,17.630163,17.400492,17.896408,17.88496,0.3120363,GALAXY
5.605646914,0.249064687,22.01462,20.266132,18.810305,18.239548,17.932076,17.728668,17.501556,17.16589,17.559174,17.676607,0.3059808,GALAXY
10.90276528,0.876776765,22.2384,20.20376,18.799469,18.31419,17.970564,17.987988,17.492195,17.165094,17.056963,17.17183,0.385639,GALAXY
16.90833473,-0.378911823,20.838179,19.588081,18.774666,18.376955,18.12203,17.707533,17.50274,17.292412,17.834675,17.730946,0.245376,GALAXY
26.96859932,0.48845005,20.422155,19.532394,18.769432,18.42116,18.217703,17.856773,17.633532,17.406729,17.865059,17.79734,0.2316581,GALAXY
37.71980667,0.394938469,20.373978,19.416489,18.75065,18.4506,18.379799,18.335323,18.201082,18.18333,,,0.2188824,GALAXY
359.3338318,-0.974953532,20.397823,19.721827,18.736843,18.3313,17.992073,17.8147,17.50839,17.273067,17.645123,17.705519,0.3390777,GALAXY
18.84209061,0.254717201,22.271542,20.242836,18.73636,18.097414,17.762222,17.394167,17.10671,16.834667,17.04453,17.060684,0.3901896,GALAXY
43.83637238,-0.233271092,21.382792,19.797518,18.730194,18.2828,18.052212,17.972183,17.820072,17.689701,,,0.22,GALAXY
15.78395176,0.089636303,21.160805,20.024017,18.72697,18.215399,17.875463,17.805742,17.504156,17.314547,17.475693,17.59365,0.3489321,GALAXY
45.30993652,-0.493048251,21.149904,19.859419,18.708933,18.286425,18.000708,17.866936,17.531954,,,,0.3067542,GALAXY
54.07516935,0.542101539,21.468067,19.89929,18.70738,18.17191,17.833597,17.456362,17.18968,17.000868,,,0.2045566,GALAXY
333.7346497,0.332826763,19.295452,18.983295,18.69227,18.295494,18.040789,18.085396,17.762287,17.471148,17.352219,17.388588,0.585371,GALAXY
15.02834988,-0.259780288,19.777514,19.219194,18.671507,18.396576,18.27663,18.019205,17.782219,17.607979,17.94272,17.847382,0.2274716,GALAXY
355.9686813,0.179738656,20.564968,19.630728,18.670822,18.24594,17.992928,17.7914,17.58226,17.437567,17.940865,18.126764,0.197681,GALAXY
333.8757935,0.654532135,21.333254,19.926838,18.66643,18.144037,17.772758,17.519314,17.164486,16.97343,17.586094,17.73951,0.2841401,GALAXY
352.6094666,0.08117912,21.749786,19.811365,18.660582,18.163172,17.841951,17.500008,17.275984,17.023134,17.551971,17.768162,0.225,GALAXY
14.37664509,0.148765311,21.082685,19.709873,18.652136,18.253319,17.97131,17.816801,17.549675,17.444717,17.91132,18.050056,0.28560513,GALAXY
23.94125366,-0.266443312,21.556236,19.669975,18.64233,18.17412,17.829494,17.464373,17.18829,17.061285,17.617306,17.782387,0.153015,GALAXY
37.83373734,-0.9018783,21.221924,19.864063,18.62609,18.145813,17.823742,17.53208,17.269833,17.037622,,,0.2866859,GALAXY
27.28887177,-0.430334628,22.338839,20.335117,18.617296,18.049486,17.704863,17.617332,17.317411,17.090765,17.387554,17.511751,0.3337843,GALAXY
5.721125292,0.283284366,20.768866,19.499828,18.600174,18.18372,17.965132,17.74011,17.386335,17.184269,16.901436,16.59078,0.2137085,GALAXY
18.9215107,-0.46890676,20.515377,19.400457,18.596922,18.153618,17.925707,17.67893,17.465096,17.763884,17.807833,18.031874,0.1776336,GALAXY
46.08611849,0.165057474,21.676392,19.787249,18.591541,18.118328,17.800285,17.561535,17.302942,17.203705,,,0.1880096,GALAXY
22.20032692,0.077998497,21.763727,20.191078,18.58484,17.97265,17.621136,17.438877,17.128489,16.886047,17.147907,17.35906,0.39235,GALAXY
353.0718689,0.27773872,20.815218,19.443571,18.583023,18.152525,17.925743,17.667097,17.30395,16.757742,16.159626,15.863007,0.187,GALAXY
10.8746302,0.087539171,20.381084,19.433285,18.56853,18.246769,17.920248,17.604866,17.445303,17.167933,17.817598,17.67342,0.27156,GALAXY
17.26203728,-0.229889616,22.180443,20.020685,18.551508,18.015215,17.612968,17.737587,17.50355,17.216206,17.766485,17.971848,0.2952776,GALAXY
351.9255981,-0.755192161,20.563997,19.814224,18.546522,18.695019,18.349201,18.039988,17.820406,17.549728,17.666416,17.444395,0.252,GALAXY
17.28138733,0.4971838,20.361235,19.380947,18.541254,18.15213,17.934046,17.618433,17.42262,17.242424,17.825813,17.896341,0.23609358,GALAXY
18.70962715,0.381315917,21.081484,19.669113,18.527628,18.013803,17.70966,17.443043,17.173319,17.014833,17.55163,17.735008,0.2426591,GALAXY
334.8369446,-0.373495817,21.31866,19.484932,18.500128,18.037748,17.74599,17.288988,17.026722,16.897982,17.467184,17.67451,0.15,GALAXY
14.86533451,-0.261399001,21.763144,19.744385,18.494604,18.003605,17.71638,17.390415,17.172976,17.051235,17.555414,17.659092,0.22626883,GALAXY
18.85951233,0.571635604,20.871534,19.495611,18.493347,18.069765,17.840172,17.732248,17.456612,17.230228,17.650833,17.782324,0.23802756,GALAXY
27.46555901,0.427087158,19.15253,18.872976,18.469618,18.245483,18.066809,17.821482,17.586166,17.385628,17.565052,17.42294,0.25263,GALAXY
1.643888116,-0.02610198,20.383698,19.134325,18.467299,18.045532,17.804024,17.80773,17.622221,17.653269,18.149824,18.48604,0.1,GALAXY
334.3487549,0.281226993,20.429115,19.413319,18.448587,18.073606,17.78289,17.453983,17.227825,16.946415,17.284113,17.142654,0.3003749,GALAXY
16.87997818,0.15352048,20.57914,19.495728,18.428596,17.971298,17.607323,17.590305,17.236595,17.060333,17.32903,17.401665,0.294878,GALAXY
25.80112267,-0.228077888,20.432253,19.273115,18.418234,18.000338,17.747654,17.45942,17.227001,16.998339,17.520212,17.608746,0.2346974,GALAXY
20.42384911,-0.129607797,22.401657,19.853895,18.36941,17.809155,17.461172,17.30619,17.034615,16.830605,17.243221,17.498016,0.2842915,GALAXY
334.717041,-0.160617307,21.097801,19.551653,18.361221,17.908987,17.613745,17.476318,17.26674,17.116898,17.405592,17.706257,0.25,GALAXY
43.79283142,-0.151929155,20.57859,19.271425,18.35157,17.896362,17.623404,17.438795,17.253101,17.087372,,,0.1831408,GALAXY
351.988678,0.069265962,20.857964,19.25566,18.337154,17.883127,17.640837,17.353306,17.0555,16.968718,17.315,17.222296,0.12168123,GALAXY
353.2472229,-0.783623993,21.218122,19.506851,18.336437,17.861263,17.536345,17.323746,17.112226,16.912094,17.40749,17.425882,0.208,GALAXY
26.55350113,0.302770674,22.759382,20.090042,18.326546,17.643013,17.267986,17.242344,16.900227,16.652807,16.808445,17.032473,0.4105472,GALAXY
10.95880005,0.841158308,20.76238,19.251902,18.322384,17.855202,17.493052,17.374546,17.133398,17.068708,17.242718,17.558105,0.1311129,GALAXY
19.71120453,-1.037458897,20.314741,19.058418,18.275118,17.812551,17.603361,17.266909,17.033514,16.811554,17.324928,17.499603,0.1752484,GALAXY
25.06209183,-0.028920185,20.919138,19.205954,18.26617,17.850603,17.535114,17.386742,17.185486,17.138142,17.638264,17.880013,0.124138,GALAXY
24.32979965,-0.118267171,22.873764,19.902868,18.25976,17.649174,17.330673,17.331274,17.037014,16.748446,17.012877,17.23926,0.3465047,GALAXY
19.80434418,0.209072366,20.79552,19.230268,18.258568,17.830631,17.579079,17.475368,17.253866,17.148127,17.455503,17.301891,0.196,GALAXY
43.81934738,-0.306581557,19.734512,18.760256,18.249264,17.875788,17.728466,17.468853,17.324085,17.228556,,,0.1294386,GALAXY
15.00033951,-0.223924622,20.547018,19.116894,18.230097,17.76614,17.508476,17.118187,16.763721,16.579859,16.981731,17.034779,0.193218,GALAXY
17.36897087,-0.268070459,21.38748,19.656668,18.211403,17.670534,17.341265,17.425867,17.168127,16.951399,17.101185,17.343493,0.2971279,GALAXY
25.50144386,-0.177213416,21.554718,19.493147,18.198948,17.68894,17.369125,17.034235,16.777874,16.503498,16.435375,16.2626,0.254726,GALAXY
46.14169417,-0.901155652,19.00499,18.59264,18.160803,17.693121,17.414087,17.356667,17.096268,,,,0.5111608,GALAXY
354.346867,0.439018196,19.841742,19.033545,18.153885,17.773148,17.456175,17.471703,17.220282,17.030128,17.159584,17.151096,0.2679783,GALAXY
18.83446884,0.44496119,20.299255,18.883158,18.15385,17.734972,17.41606,17.388414,17.115396,16.971897,17.16232,17.408813,0.1223567,GALAXY
24.90814972,0.181928441,20.631344,19.336596,18.151508,17.660118,17.330233,17.267792,17.02478,16.802397,17.183096,17.309067,0.2789,GALAXY
14.16369856,0.355286292,20.084984,19.105247,18.117178,17.681322,17.338594,17.124016,16.816494,16.559021,17.02634,17.010048,0.2985166,GALAXY
1.01168622,0.195897993,20.194586,18.926733,18.10496,17.68629,17.437527,17.314087,17.04989,16.824068,17.31812,17.56557,0.19,GALAXY
21.47205925,0.272998393,20.058031,18.799423,18.100979,17.657417,17.476238,17.13168,16.882666,16.67703,16.73473,16.762283,0.1210506,GALAXY
16.5857048,0.146185309,21.89561,19.530981,18.097256,17.56744,17.255938,17.164507,16.93666,16.669222,17.031507,17.272114,0.2704166,GALAXY
349.598999,0.668344021,20.764153,18.998217,18.051168,17.631006,17.345142,17.070347,16.883833,16.834467,17.484877,17.691534,0.1510179,GALAXY
20.85581207,-0.488628387,19.481636,18.460365,18.036085,17.824757,17.755236,,,,,,0.02855159,GALAXY
14.72828197,-0.328872561,21.38878,19.344364,18.031319,17.51862,17.206758,16.982178,16.756004,16.590172,17.161327,17.372356,0.22631587,GALAXY
9.878370283,1.024065288,20.155045,19.001614,18.016638,17.584871,17.30284,17.133442,16.87026,16.667564,,,0.2468501,GALAXY
7.85854578,0.473544121,20.28114,19.000408,18.011246,17.588339,17.24978,17.148027,16.87724,16.78588,16.564003,16.67866,0.1486622,GALAXY
16.01892471,0.012646182,21.101799,19.159815,17.997551,17.528454,17.233168,16.991734,16.712896,16.58273,17.132645,17.33154,0.1923161,GALAXY
19.1258297,0.094713956,19.454454,18.360807,17.963451,17.708086,17.62482,18.191452,18.151583,18.278044,18.11851,18.4681,0.1057438,GALAXY
15.2057066,0.048315346,20.219099,18.88225,17.959501,17.496706,17.210476,16.97394,16.65419,16.692554,16.780369,16.891247,0.2005138,GALAXY
349.6116638,0.63964963,19.266632,18.602472,17.930037,17.671421,17.35282,17.54974,17.33906,17.153275,17.383047,17.243847,0.2801808,GALAXY
349.8722534,0.599194467,19.180252,18.387278,17.865374,17.503447,17.317455,17.281109,17.109486,17.079323,17.402807,17.490696,0.118214,GALAXY
17.43661118,-0.332356632,21.053686,19.333988,17.863205,17.31016,16.999153,16.951391,16.670013,16.420475,16.722746,16.95251,0.2964309,GALAXY
19.53807068,0.125645638,19.972967,18.765736,17.792612,17.368124,17.074629,16.939209,16.72503,16.497175,17.05562,17.17625,0.2447257,GALAXY
359.5715442,-0.26677065,20.163448,18.512281,17.745102,17.433353,17.19646,16.908861,16.770475,16.807362,17.539917,17.931942,0.1101519,GALAXY
36.8434639,0.611061096,19.885138,18.553572,17.715963,17.303043,17.033972,17.172602,16.965687,16.907347,,,0.1637156,GALAXY
11.00590208,0.114597712,21.112955,19.020306,17.680372,17.187601,16.868206,16.712296,16.521267,16.382673,16.781364,16.959623,0.2170908,GALAXY
352.3477173,-0.814779401,21.646212,19.264109,17.673336,17.082666,16.749327,17.180456,16.895283,16.652252,16.206656,16.403475,0.3007163,GALAXY
27.26234436,-0.075395077,20.369965,18.720715,17.582888,17.0849,16.7884,16.724361,16.52178,16.365908,16.740461,17.006603,0.2026139,GALAXY
25.76621819,-0.026466105,20.80351,18.782133,17.571093,17.08243,16.777372,16.946104,16.712374,16.595606,16.691677,16.990932,0.2003247,GALAXY
24.70161819,-0.048870116,19.965277,18.388235,17.570358,17.157549,16.891617,16.979057,16.793224,16.838238,16.71381,16.727657,0.07375269,GALAXY
17.63201523,-0.437130481,19.826965,18.345371,17.562416,17.130022,16.847567,16.738214,16.501532,16.484018,16.84902,17.160574,0.102909,GALAXY
14.23937988,0.003764483,20.652088,18.743229,17.549747,17.071434,16.759567,16.903128,16.671425,16.605074,16.820232,17.147152,0.1948427,GALAXY
353.311554,0.019099351,20.044294,18.542038,17.508701,17.065844,16.78582,16.973867,16.756573,16.639936,16.808382,16.949684,0.1872209,GALAXY
9.825929666,0.699204184,20.597733,18.924643,17.498331,16.959127,16.618296,16.922575,16.546295,16.311243,16.514065,16.654457,0.280073,GALAXY
16.8962822,-0.453327179,21.412418,18.972189,17.489437,16.928858,16.577965,16.676058,16.401073,16.179918,16.402994,16.609158,0.270449,GALAXY
9.743751463,0.957549883,19.77014,18.36279,17.45314,17.006794,16.697062,16.617191,16.376848,16.276867,16.694933,16.96368,0.1515911,GALAXY
1.17152016,0.119968219,19.692806,18.260921,17.43478,17.025534,16.74995,16.58126,16.405893,16.425453,16.916615,17.266752,0.1075148,GALAXY
322.6107826,-0.03431074,18.819986,17.896626,17.42057,17.093538,16.912178,17.444435,17.293953,17.182938,,,0.1366957,GALAXY
353.2333984,0.03395592,19.34224,18.139723,17.410257,17.029526,16.764147,16.694529,16.529083,16.422796,16.695147,16.929962,0.1288116,GALAXY
23.49267578,-0.262203574,20.653412,18.54454,17.390919,16.900402,16.590202,16.813719,16.52722,16.388283,16.450031,16.647633,0.189979,GALAXY
322.3737876,0.017260828,19.397657,18.090893,17.37961,17.002787,16.727686,16.893827,16.627026,16.570902,,,0.127699,GALAXY
16.29393387,-0.159969136,21.068573,18.811474,17.375727,16.831062,16.517824,16.774826,16.51146,16.2892,16.429092,16.669584,0.2623699,GALAXY
46.73141736,-0.028012723,19.505224,18.111269,17.36991,16.980833,16.712343,16.65483,16.438349,16.334661,,,0.1121218,GALAXY
20.00084305,-0.370930374,19.42811,18.119724,17.36006,16.945961,16.742733,16.729795,16.528765,16.350327,16.194979,16.114426,0.1491951,GALAXY
15.41589737,-0.213919669,20.21083,18.313173,17.334534,16.89996,16.570316,16.500631,16.269651,16.265572,16.744175,17.09444,0.1123339,GALAXY
51.00948715,-0.413387895,19.709078,18.323503,17.313402,16.789743,16.607378,16.708157,16.481436,16.097752,,,0.225193,GALAXY
27.07764053,0.165064424,20.888607,18.545877,17.304514,16.809156,16.526299,16.555212,16.290615,16.121897,16.560461,16.832779,0.2039222,GALAXY
25.04406929,-3.81E-04,19.356724,18.031937,17.285975,16.887901,16.635223,16.59,16.41904,16.369333,16.691406,16.911427,0.1248876,GALAXY
45.32489777,-0.645038664,19.243216,18.020689,17.188385,16.743914,16.503967,16.329842,16.18495,16.023386,,,0.1829448,GALAXY
15.73261833,0.488708645,18.659971,17.573177,17.11276,16.810259,16.689358,17.382519,17.213726,17.265785,17.072964,17.42365,0.08777546,GALAXY
10.89954363,0.249264636,18.826551,17.738129,17.081856,16.623234,16.405458,16.272707,16.057798,15.96418,15.966835,16.118057,0.1088746,GALAXY
15.86246681,0.48018831,19.44318,17.87523,17.057665,16.662027,16.390741,16.287172,16.096195,16.134912,16.610847,16.996454,0.0942022,GALAXY
25.68759727,-0.320137888,19.245173,17.803488,17.039566,16.645765,16.377651,16.508743,16.313313,16.314032,16.50811,16.82491,0.1261,GALAXY
18.87258911,0.168823525,19.469263,17.77274,16.97651,16.611202,16.366,16.359505,16.172295,16.380058,16.733496,17.172163,0.04365582,GALAXY
2.785660733,0.845752595,17.654919,17.072264,16.959028,16.741724,16.731602,16.92706,16.817167,16.761751,17.058126,17.38034,0.1084671,GALAXY
18.26368523,-0.066467315,19.406488,17.679676,16.943409,16.596407,16.370256,17.050863,16.882128,16.832321,16.736097,16.897202,0.1095851,GALAXY
355.9151793,0.42435971,20.111013,18.16942,16.91254,16.421766,16.099157,16.037014,15.790656,15.624746,15.977887,16.300484,0.1858554,GALAXY
37.6728731,-0.992640014,18.917982,17.529947,16.791357,16.241076,16.251795,16.43455,16.239578,16.349419,,,0.07992325,GALAXY
54.54171593,0.269195238,19.731913,17.996313,16.74658,16.266665,15.939917,16.144634,15.931414,15.800316,,,0.1980933,GALAXY
45.59245198,-0.092720227,18.366276,17.1812,16.730854,16.425789,16.266775,16.632168,16.474575,,,,0.08469393,GALAXY
334.3445435,0.352194577,19.038204,17.469166,16.671171,16.237946,15.938605,16.235264,15.992501,16.020039,16.00211,16.341866,0.0954068,GALAXY
19.63694572,-0.160731927,19.161644,17.429047,16.639973,16.229979,16.000032,15.928012,15.747414,15.765671,16.038849,16.236223,0.07822004,GALAXY
17.46459007,0.045536261,18.52386,17.21143,16.607876,16.228313,16.05204,16.259306,16.060278,16.038809,16.016296,16.118933,0.08563337,GALAXY
10.63136927,0.849313279,20.123207,17.614265,16.590324,16.137575,15.8353615,16.321638,16.154318,16.065878,16.06599,16.486656,0.1507265,GALAXY
18.15784836,0.085558675,19.149336,17.38083,16.512375,16.09302,15.798841,15.746197,15.53127,15.580843,15.996946,16.341743,0.06771279,GALAXY
19.24651718,0.324587137,18.897902,17.243408,16.480244,16.068365,15.825209,16.116915,15.912203,15.972252,16.115088,16.479534,0.07815762,GALAXY
14.32378674,0.024777416,19.953915,17.692736,16.479786,15.990347,15.691365,16.21155,15.980677,15.833555,15.698725,15.974508,0.193503,GALAXY
26.3008728,-0.093793347,19.704405,17.675152,16.41442,15.923748,15.627308,16.069841,15.864449,15.699855,15.580618,15.828688,0.1989252,GALAXY
353.2257385,-0.105573937,18.179613,16.944122,16.393805,16.067081,15.86533,16.421688,16.23308,16.325245,16.107187,16.437662,0.06968629,GALAXY
14.983881,-0.374255836,19.732489,17.537529,16.37926,15.899805,15.591911,15.853846,15.650599,15.512714,15.596598,15.872219,0.1709491,GALAXY
25.25918388,0.306574106,19.37378,17.429193,16.3551,15.890606,15.60735,15.889633,15.673679,15.601917,15.714399,16.046465,0.1487914,GALAXY
17.95491028,-0.498727083,19.754795,17.596521,16.35209,15.855616,15.533335,15.786168,15.571227,15.436039,15.60267,15.865943,0.1789889,GALAXY
14.73863506,0.396162629,17.986366,16.800962,16.319855,16.035957,15.854848,16.838358,16.696451,16.870674,16.274525,16.693985,0.04529315,GALAXY
25.23380661,0.156946957,19.381111,17.402695,16.29709,15.840137,15.547698,16.05854,15.84155,15.749426,15.684975,16.002838,0.1677291,GALAXY
11.01894581,1.031810344,19.037577,17.203636,16.27773,15.809777,15.605718,15.862908,15.636099,15.540634,15.281687,15.296407,0.1117266,GALAXY
13.86926058,0.581123132,18.156216,16.828749,16.18276,15.796477,15.534886,15.524341,15.262714,15.193936,15.221576,15.197205,0.04207643,GALAXY
334.8780823,0.800883889,17.671658,16.581789,16.140993,15.800012,15.665647,15.6548,15.476677,15.483973,15.7585335,15.997077,0.08704372,GALAXY
334.6663818,-0.399832577,18.319489,16.774836,16.121796,15.723087,15.535601,15.837636,15.61856,15.654747,15.645438,15.924947,0.0947788,GALAXY
23.80252838,-0.162948877,18.582117,16.890827,16.103178,15.688072,15.427355,15.989812,15.809379,15.840014,15.656032,16.0371,0.08259515,GALAXY
19.12913895,0.45103237,18.40382,16.822983,16.092968,15.695717,15.434473,15.968307,15.760397,15.840295,15.661192,16.06671,0.0770366,GALAXY
322.6197325,0.019174549,19.189447,17.1566,16.075224,15.636141,15.292811,15.572047,15.360264,15.303056,,,0.1344146,GALAXY
322.3917753,0.026276249,18.684233,16.905165,16.04575,15.639338,15.336795,15.422985,15.19869,15.294982,,,0.05225878,GALAXY
333.9218445,0.30999729,17.832619,16.622725,16.044971,15.673162,15.485695,15.568447,15.349236,15.429497,15.605308,15.896977,0.05676228,GALAXY
351.7933044,-0.699648678,18.761602,16.973349,16.027344,15.586022,15.268692,15.606516,15.381999,15.371855,15.370654,15.762642,0.09899741,GALAXY
20.81311226,-0.329735935,17.71441,16.511393,16.023016,15.676079,15.521085,15.879915,15.610477,15.600324,15.52128,15.818082,0.07673978,GALAXY
10.85089594,0.01625706,17.352825,16.40864,16.022112,15.703585,15.602863,15.724085,15.634563,15.563188,15.692614,16.06514,0.08130283,GALAXY
14.97898102,0.279688001,18.876318,16.902126,15.923544,15.499228,15.180193,15.452407,15.2383585,15.205555,15.266502,15.620151,0.1189621,GALAXY
18.9363842,0.232806087,18.147987,16.614635,15.876288,15.463736,15.151872,15.258348,14.953048,14.985075,15.115754,15.458278,0.04448288,GALAXY
19.64327812,-0.162262708,18.379673,16.68086,15.82343,15.358294,15.101031,15.399309,15.119488,15.129395,15.201005,15.57456,0.0777866,GALAXY
15.88493252,-0.314353138,18.39946,16.632133,15.818627,15.45459,15.19788,15.211449,15.007955,15.018586,15.353983,15.697956,0.0959746,GALAXY
15.02712822,0.114579171,18.777428,16.778793,15.781978,15.362649,15.072798,15.361069,15.1475525,15.162241,15.144387,15.517,0.1114867,GALAXY
46.57217505,-0.14035956,18.780851,16.73725,15.747085,15.309568,15.006239,15.388776,15.156951,15.14889,,,0.1096187,GALAXY
15.84466457,-0.46315676,18.388075,16.53557,15.667554,15.244745,14.92628,14.917682,14.672039,14.785311,15.167472,15.640266,0.05024933,GALAXY
19.85375836,0.626107625,17.10078,16.029932,15.646786,15.377833,15.268971,15.965833,15.846313,15.953768,15.555403,15.926147,0.04725703,GALAXY
18.62452126,0.21561785,18.083403,16.365368,15.628974,15.2401495,14.9737,15.319519,15.066653,15.076161,15.08258,15.404778,0.04631242,GALAXY
16.5286026,0.341130197,17.49929,16.199642,15.609948,15.264988,15.060567,15.472945,15.282265,15.385616,15.241713,15.65495,0.04366197,GALAXY
18.38807297,0.496735901,18.123606,16.395422,15.547379,15.093565,14.768562,15.2666855,15.044046,15.072013,14.861774,15.178268,0.04410461,GALAXY
19.64145088,-0.228830948,17.756498,16.240803,15.492505,15.044032,14.728755,14.697821,14.322569,14.206288,14.196531,14.379658,0.04724927,GALAXY
26.01055145,-0.118952148,17.7111,16.212975,15.46847,15.059072,14.796276,15.428328,15.223252,15.276988,14.854788,15.266026,0.07938684,GALAXY
15.35842705,-0.077952921,18.547705,16.410582,15.44274,15.006427,14.668325,15.215976,14.985252,14.9958105,14.728581,15.097375,0.1121951,GALAXY
353.105835,-0.848640263,16.883656,15.751396,15.4257,15.241781,15.157439,16.725693,16.63012,16.874289,15.915049,16.448435,0.01756229,GALAXY
322.3651375,0.033372029,17.400574,16.00127,15.360802,14.986892,14.777397,15.291178,15.08541,15.141212,,,0.05238194,GALAXY
13.85808062,0.60547472,18.058836,16.224058,15.344211,14.923807,14.629779,15.2106,15.000581,15.0251045,14.890792,15.348166,0.08651891,GALAXY
16.98237038,-0.416214615,18.070469,16.217756,15.330005,14.911635,14.627406,15.207977,14.999274,15.083335,14.929558,15.380334,0.0745378,GALAXY
9.226524353,-1.129156828,17.127449,15.803005,15.205938,14.857451,14.694254,15.626179,15.432933,15.495929,,,0.07308392,GALAXY
5.536670685,0.366489887,17.799454,16.014633,15.18004,14.755325,14.490341,15.085979,14.86983,14.96783,14.421534,15.627351,0.0709714,GALAXY
20.22746849,-0.52564168,18.135403,16.118425,15.176127,14.749338,14.4514,15.29812,15.0756855,15.105915,14.826741,15.21795,0.09286907,GALAXY
24.88239098,-0.031446427,16.834866,15.624359,15.11038,14.78649,14.596029,15.612237,15.440231,15.4824705,14.790407,15.198121,0.05662025,GALAXY
9.26707077,-1.152347207,17.838377,15.9447975,15.055981,14.633099,14.353849,14.85956,14.644824,14.662286,,,0.07367822,GALAXY
359.4323236,-0.175348315,17.470917,15.8611765,15.037324,14.575936,14.288123,14.71937,14.476737,14.486687,14.402716,14.853023,0.07580695,GALAXY
14.04655781,0.681692129,17.70358,15.772579,14.904634,14.484404,14.224504,14.918346,14.684685,14.786998,14.4333515,14.889416,0.06732104,GALAXY
18.74834442,0.259177625,17.430948,15.645978,14.873397,14.468358,14.208651,14.462116,14.244451,14.351739,14.551742,15.023761,0.04835012,GALAXY
27.73849869,0.233944833,17.67158,15.740597,14.866472,14.445229,14.161887,14.797823,14.582009,14.636777,14.372317,14.798992,0.08215288,GALAXY
19.05265427,-0.109171934,17.462212,15.625117,14.792736,14.364529,14.088481,14.518013,14.296612,14.405652,14.429179,14.914965,0.04677115,GALAXY
19.35515404,-0.339557052,16.557728,15.280623,14.766434,14.421472,14.300477,15.370072,15.175336,15.258526,14.507826,14.805794,0.05328047,GALAXY
18.72616386,0.303616405,17.41036,15.528296,14.683998,14.234386,13.946431,14.398446,14.143665,14.241696,14.190898,14.696331,0.04426393,GALAXY
359.4319763,0.655747771,16.851082,15.372834,14.635619,14.227109,13.919445,14.500721,14.228199,14.300261,13.899927,14.29015,0.02324975,GALAXY
18.81608391,0.213083506,17.299149,15.440749,14.611775,14.19798,13.894134,14.400842,14.164956,14.284943,14.077405,14.562138,0.0450918,GALAXY
17.09706688,0.088983119,17.163614,15.406876,14.579811,14.170234,13.881467,14.350275,14.104132,14.217474,14.088532,14.564387,0.04688035,GALAXY
18.59031677,0.180598855,17.188713,15.374306,14.552637,14.152177,13.887981,14.479749,14.328525,14.444941,14.233463,14.728782,0.04425097,GALAXY
19.01377869,-0.115791604,16.912683,15.272344,14.539568,14.161018,13.934417,15.006316,14.789316,14.903436,14.394631,14.8774805,0.04616641,GALAXY
16.59822083,-0.145483196,16.841732,15.223548,14.519781,14.133733,13.899148,14.25405,14.014788,14.083857,14.150841,14.595258,0.04799442,GALAXY
353.3273926,-0.450409234,17.056948,15.125236,14.250523,13.808474,13.529852,14.499296,14.288299,14.373095,13.677652,14.198818,0.05848471,GALAXY
25.07260895,-0.29441154,16.910097,15.0416355,14.212299,13.785285,13.545887,14.2851,14.076425,14.172341,13.7898655,14.250195,0.05829316,GALAXY
14.36470699,-0.471770465,17.042196,15.064958,14.143837,13.676131,13.385426,13.875147,13.651771,13.769477,13.611016,14.096813,0.04391004,GALAXY
349.5648458,0.261049749,16.074648,14.667605,14.038194,13.690193,13.47316,14.366032,14.117119,14.182105,13.711218,14.187965,0.02979402,GALAXY
356.1246674,0.320577686,16.22545,14.526646,13.7655735,13.361621,13.123,13.9552965,13.756026,13.923661,13.481446,13.983683,0.02203225,GALAXY
18.74002266,0.430215955,16.506117,14.518913,13.677379,13.23732,12.961156,14.136511,13.908953,14.015154,13.033397,13.548896,0.04481899,GALAXY
19.72337914,-1.001989126,16.373474,14.421473,13.562842,13.136902,12.874557,14.100784,13.893341,14.00733,13.006773,13.523109,0.04525734,GALAXY
18.23871231,-0.345300972,15.902545,14.077345,13.291538,12.888501,12.626759,13.225631,13.04489,13.173378,13.013969,13.540274,0.01877255,GALAXY
18.20206642,-0.290434569,15.654995,13.834952,13.015623,12.584038,12.290326,12.898688,12.666692,12.765743,12.466808,13.004671,0.01754371,GALAXY
9.823622271,0.913246149,15.419991,13.703784,12.949208,12.550669,12.29041,13.052836,12.848157,13.025121,12.652846,13.152787,0.01414404,GALAXY
45.9544467,-1.103765812,15.540345,13.658577,12.816475,12.3695345,12.098079,13.41927,13.173158,,,,0.01363066,GALAXY
9.80514373,0.863622015,14.763513,13.166665,12.418087,12.020036,11.712891,12.867058,12.552818,12.608815,11.783983,12.2799425,0.01393385,GALAXY
18.92366409,0.061293326,,24.663637,,,,19.407478,19.026014,18.668657,17.205185,17.567383,0.81823,GALAXY
309.9597734,-1.055778237,,22.863737,,,19.877558,19.131315,,18.316587,,,0.827,GALAXY
310.0866987,-0.934909432,23.245567,22.71079,,,20.1364,19.769712,,18.88249,,,0.6,GALAXY
323.4923662,-0.942605357,21.072989,20.339928,,,18.87371,18.642868,18.458788,18.199816,,,0.347,GALAXY
20.3208065,-0.544202924,,12.470222,,,,13.708673,13.520264,13.667747,12.707787,13.237856,0.01743267,GALAXY
333.6608887,-0.328546464,21.577065,,,,18.062922,17.757643,17.447142,17.110054,17.509815,17.55891,0.39,GALAXY
333.6810303,0.173383445,18.147623,,,,15.152173,15.326957,15.068451,15.092532,15.0872755,15.179164,0.0565093,GALAXY
334.9122314,0.236212432,21.50783,,,,18.22935,17.720167,17.472504,17.198273,17.55099,17.549862,0.34,GALAXY
353.1625366,-0.940392375,,,,,,17.121975,16.806017,16.647411,16.886879,17.03994,0.2688194,GALAXY
353.3397217,-0.739104748,,,,,,19.076614,18.88808,18.525366,17.972378,18.116007,0.4529785,GALAXY
16.77068138,-0.212248161,23.591146,,,,20.578785,20.248133,19.780624,19.441938,18.165375,18.411179,0.677922,GALAXY
17.15469551,-0.144524291,,,,,19.369173,18.801912,18.509272,17.974329,17.392061,17.478827,0.677463,GALAXY
17.8217659,0.193678871,,,,,21.486538,20.095928,,,19.406519,19.117556,0.629993,GALAXY
18.39033508,0.26345098,,,,,19.556517,19.1295,19.507801,18.534126,19.3902,19.51154,0.25956804,GALAXY
18.70027161,0.228486538,,,,,,20.384794,,20.019028,18.840118,18.707949,0.95487,GALAXY
19.87310028,0.100349173,24.88704,,,,21.486748,20.338747,19.969873,19.50443,19.250654,19.315765,0.7939898,GALAXY
20.79437828,-0.226591006,,,,,,18.563656,18.404396,18.12852,17.933472,17.824928,0.38359252,GALAXY
21.8207798,0.342794687,,,,,,18.923725,18.729286,18.373566,,,0.3791664,GALAXY
24.72725677,0.448017985,24.426052,,,,18.87168,18.328943,17.948603,17.660055,17.890926,17.870838,0.301772,GALAXY
26.49353981,0.073507078,22.63103,,,,20.403006,19.878931,19.535412,19.658113,19.50045,19.736286,0.461129,GALAXY
9.90610408,0.852795653,,,,,,17.385899,17.200624,17.058952,17.284206,16.9431,0.1943453,GALAXY
14.26275202,0.524267438,,,,,20.592556,19.931969,19.982866,19.688503,19.325016,19.591019,0.66,GALAXY
53.51567375,-0.008639133,21.71305,,,,18.764488,18.555727,18.380825,18.032557,,,0.317,GALAXY
310.2052072,-0.966998887,,,,,,,,19.010286,,,0.495,GALAXY
322.3004312,0.245520831,,,,,,18.34398,18.121922,17.842299,,,0.519,GALAXY
356.0082281,0.516931415,,,,,,13.328851,13.009259,12.982869,12.240112,12.635417,0.022509,GALAXY
9.266572952,-1.151358962,,,,,,,,,,,0.07367822,GALAXY
13.43544102,0.042469438,,,,,,20.03402,19.959198,19.421217,18.736444,18.668016,0.8288195,GALAXY
18.00151062,-1.27908051,,,,,,21.089233,,19.815805,,,1.067227,GALAXY
21.4336834,-1.290908933,,,,,,20.131365,19.678051,19.347355,,,0.299,GALAXY
354.1278687,0.295943171,,,,,,16.139704,16.017004,16.765106,,,0.008897385,GALAXY
43.32782745,-1.299337864,,,,,,18.36464,18.017775,17.640314,,,0.3727967,GALAXY