counter,RA,DEC,G_MAG_AB,R_MAG_AB,Y_MAG_AB,J_MAG_AB,H_MAG_AB,K_MAG_AB,ch1_mag,ch2_mag,gj,rj,jk,rk,petro_g,petro_r,Fpk,Hpk,redshift,specObjID,class
182,23:18:03.03,+00:09:49.3,23.6101,22.0933,20.478785,19.780508,19.528711,18.803232,17.174395,16.914455,3.8295915,2.3127916,0.9772757,3.2900672,4.675730300903321,5.399697635650635,-999.0,-999.0,-999.0,0,none
74,01:58:21.09,+00:27:52.7,22.806,21.9611,19.966055,19.82468,19.153103,18.769571,17.981083,17.459742,2.9813192,2.136419,1.0551089,3.1915278,4.469256099700928,4.5163005867004395,1.43,1.35,1.352,NIRES091818,QSO
9,00:04:11.62,+00:13:14.3,23.269,21.3521,19.879957,19.562054,19.061491,18.58928,18.880589,18.582056,3.7069452,1.7900465,0.9727744,2.7628207,5.1634283409118655,4.658480529785156,-999.0,-999.0,-999.0,0,none
216,23:43:27.59,-00:33:48.1,23.1697,21.6726,20.06199,20.018776,19.466085,18.889189,18.226269,18.054785,3.1509244,1.6538236,1.129587,2.7834105,4.317666881561279,4.048205108642578,-999.0,-999.0,-999.0,0,none
130,22:25:12.61,+00:37:34.7,22.9488,21.8369,20.605837,20.033295,19.3979,17.102247,19.06589,19.020247,2.9155042,1.8036058,2.9310484,4.734654,9.143940673828125,6.046041000366211,-999.0,-999.0,-999.0,0,none
71,01:57:25.40,-00:51:14.6,22.4808,21.2006,19.952055,19.570675,19.041164,18.556599,17.626598,17.351961,2.9101255,1.6299245,1.0140761,2.6440005,4.39398454284668,4.146215274810791,-999.0,-999.0,0.583,Gemini18B,QSO
16,00:15:52.05,-00:59:15.6,23.1471,21.6604,20.154078,19.971056,19.268772,18.851816,18.694536,18.780142,3.1760442,1.6893442,1.1192397,2.8085837,4.850057750701905,3.8054020042419436,-999.0,-999.0,-999.0,0,none
205,23:36:21.76,+00:52:25.2,22.497,21.4211,20.189142,19.430565,18.993237,18.190762,17.257559,16.97206,3.0664346,1.9905355,1.2398032,3.2303386,4.91356799697876,5.650602951049805,-999.0,-999.0,-999.0,0,none
126,22:24:09.44,-00:15:23.9,23.5393,22.9742,20.697332,19.717018,18.881552,17.971811,17.905102,17.479963,3.8222826,3.257181,1.7452067,5.0023875,3.7165393981933597,3.4708608283996583,-999.0,-999.0,2.22,Gemini,QSO
64,01:53:37.11,-00:38:13.0,22.9359,21.9708,19.698969,19.662199,18.90244,18.596663,19.040916,19.135971,3.2737005,2.3086011,1.0655364,3.3741374,6.12366459274292,6.299298728942872,-999.0,-999.0,-999.0,Gemini18B,none
11,00:12:15.00,+00:48:25.7,23.9467,22.395,20.113674,19.478487,19.022444,18.68961,17.535511,17.013062,4.4682117,2.9165132,0.78887737,3.7053905,4.105442882537842,3.4036914825439455,-999.0,-999.0,-999.0,0,none
104,22:08:45.96,+00:37:43.5,22.9371,20.9344,19.581144,19.254114,18.582037,18.251202,18.462442,18.483479,3.682985,1.6802862,1.0029124,2.6831985,7.616030754089356,8.61390259552002,-999.0,-999.0,999.0,TSPEC082918,??
160,22:51:55.04,+01:02:43.4,23.8958,21.4062,20.095106,19.63998,19.159197,18.720953,18.436796,18.500093,4.255819,1.7662199,0.9190272,2.685247,5.365720767974854,7.608189880371094,-999.0,-999.0,-999.0,NIRES092218,none
49,00:50:03.70,-00:12:07.3,22.9633,21.5985,19.41552,18.999687,18.589474,18.230623,18.57537,18.57858,3.9636133,2.5988119,0.76906383,3.3678756,3.2534093284606933,2.9962311630249023,-999.0,-999.0,-999.0,Gemini,none
224,23:48:12.30,-00:50:12.6,22.609,21.1276,20.083197,19.416544,18.921864,18.507973,18.828014,18.737932,3.192455,1.7110555,0.9085711,2.6196265,6.685589218139649,5.417208744049073,-999.0,-999.0,-999.0,0,none
211,23:40:03.28,+00:31:22.2,23.1593,21.4226,20.320578,19.896946,19.18763,18.74853,19.133343,19.216005,3.2623537,1.5256536,1.1484164,2.67407,5.917190013885499,6.066427196502686,-999.0,-999.0,-999.0,0,none
62,01:52:52.36,+00:25:08.0,22.7449,21.1421,19.733086,19.34337,18.922548,18.539125,18.166182,18.034271,3.401529,1.7987287,0.8042449,2.6029735,7.267899284362794,6.099358337402344,-999.0,-999.0,-999.0,0,none
141,22:34:56.25,+00:05:30.7,23.0998,21.4567,20.116999,19.856535,19.162626,18.82419,18.735205,18.722849,3.243265,1.6001642,1.0323447,2.6325088,8.70642505645752,5.332527912139893,-999.0,-999.0,-999.0,0,none
30,00:23:23.35,+00:50:05.3,23.0183,21.3112,20.369282,19.609398,19.12661,18.706873,19.053808,19.138788,3.408901,1.7018011,0.9025248,2.6043258,5.823100662231446,5.4548447113037115,-999.0,-999.0,-999.0,0,none
171,23:05:51.49,-00:22:44.6,23.218,21.5843,20.369322,19.71894,19.502129,18.738487,18.922981,18.953276,3.4990594,1.8653581,0.9804534,2.8458114,7.828253997802735,6.140914741516114,-999.0,-999.0,-999.0,NIRES091818,none
24,00:21:17.54,+00:15:05.4,23.0772,21.445,20.046766,19.897892,19.115116,18.766512,17.920576,17.905872,3.1793077,1.5471075,1.13138,2.6784873,4.996158130645752,4.466119674682617,-999.0,-999.0,-999.0,0,none
140,22:34:30.53,+00:05:57.5,22.9573,21.2383,20.152035,19.68024,19.094809,18.551361,18.896025,18.880016,3.2770593,1.5580595,1.1288794,2.6869388,6.450364517211915,6.991379516601563,-999.0,-999.0,-999.0,0,none
194,23:27:18.28,+00:42:52.9,23.4302,21.4754,19.87039,19.568232,19.156895,18.783468,18.235868,18.010054,3.8619688,1.9071691,0.7847632,2.6919322,11.796745948791504,11.215480476379396,-999.0,-999.0,-999.0,0,none
57,01:47:24.56,+00:15:29.2,22.1109,21.0349,19.865736,19.447983,18.967905,18.277002,16.9584,16.33638,2.6629179,1.5869176,1.1709803,2.7578979,4.666844078063965,5.548934062957764,-999.0,-999.0,-999.0,TSPEC082818,none
208,23:38:04.57,+00:52:13.1,23.7703,21.8756,20.20495,19.414211,18.533905,17.883938,16.502172,16.138258,4.356088,2.4613893,1.5302743,3.9916635,4.197441535949707,8.715049186706544,-999.0,-999.0,-999.0,0,none
125,22:23:52.60,-00:47:48.8,23.1344,21.564,20.313519,19.634243,19.132523,18.841915,19.191797,19.229916,3.5001562,1.9297559,0.79232776,2.7220836,4.8529324607849125,3.7803109817504885,-999.0,-999.0,-999.0,NIRES091818,none
18,00:17:42.14,+00:37:17.9,22.6011,22.0745,19.97713,19.735699,19.408669,18.87875,19.073723,19.142057,2.865402,2.3388002,0.85694873,3.1957488,6.200504550933839,7.203081596374512,-999.0,-999.0,-999.0,0,none
10,00:11:39.70,-00:10:25.3,23.1258,22.328,20.269125,19.460985,19.313692,18.569656,17.359503,16.895254,3.6648138,2.8670137,0.8913287,3.7583423,5.177803024291992,3.7071301231384277,-999.0,-999.0,-999.0,0,none
152,22:48:06.28,+00:33:11.1,24.4809,22.7865,20.454222,19.783106,19.319017,18.818525,17.339958,17.265293,4.6977935,3.0033948,0.9645804,3.9679751,3.467201728820801,4.443120105743408,-999.0,-999.0,0.88,Gemini,QSO
124,22:22:43.35,-00:29:56.1,22.657,21.3166,19.755054,19.198795,18.70238,18.372616,18.937078,18.852842,3.458204,2.1178052,0.8261794,2.9439845,3.8994913558959965,3.587950126647949,-999.0,-999.0,-999.0,0,none
164,22:58:52.53,+00:18:39.8,23.1365,21.7715,20.219894,19.874706,19.216335,18.649614,18.929468,18.889223,3.261793,1.8967931,1.2250918,3.1218848,6.699702186584473,3.8033109283447266,-999.0,-999.0,-999.0,NIRES092218,none
201,23:30:54.91,+00:56:56.9,23.3269,21.59,20.255287,19.866182,19.098785,18.762281,18.960617,18.887865,3.460718,1.7238176,1.1039008,2.8277183,6.217754322052002,5.991155261993408,-999.0,-999.0,-999.0,0,none
203,23:33:07.40,+00:55:06.4,22.8613,21.6184,20.593056,20.108574,19.40683,18.839222,18.514269,18.550991,2.7527254,1.5098264,1.2693518,2.7791781,4.4786649971008305,5.934701499938965,-999.0,-999.0,-999.0,0,none
150,22:46:26.06,+00:48:08.5,22.9831,21.2728,20.21288,19.64929,19.053354,18.640886,18.932909,18.851236,3.3338106,1.6235101,1.0084037,2.6319137,4.725650253295899,5.120565250396729,-999.0,-999.0,999.0,NIRES092218,?
196,23:28:01.96,-00:28:22.1,22.1886,20.7876,19.264484,19.21418,18.566456,17.895296,16.86127,16.672306,2.9744203,1.5734193,1.3188847,2.892304,6.251731189727783,5.233472774505615,-999.0,-999.0,-999.0,0,none
112,22:14:38.06,+00:49:09.2,22.4646,21.082,19.866644,19.31235,18.520248,17.994434,18.144482,18.041004,3.15225,1.7696512,1.3179148,3.087566,6.960016777038574,5.772919750213624,-999.0,-999.0,999.0,TSPEC082818,??
4,00:00:32.18,+00:41:42.1,23.4021,21.9563,20.369802,19.740633,19.582993,18.790592,18.524115,18.444016,3.6614664,2.2156675,0.9500407,3.165708,4.812683120727539,4.537471172332764,-999.0,-999.0,-999.0,0,none
200,23:30:49.95,+00:50:20.9,23.5168,21.3072,20.206676,19.65708,18.99095,18.608528,18.662817,18.742205,3.85972,1.6501195,1.0485514,2.6986709,4.459063190460205,7.534224632263184,-999.0,-999.0,-999.0,NIRES092318,none
191,23:26:07.59,+00:17:49.1,22.4975,21.6561,19.991018,19.706724,19.271854,18.870152,18.078615,18.154795,2.790775,1.9493749,0.8365725,2.7859473,3.9870468978881837,3.9162184524536134,-999.0,-999.0,999.0,NIRES091818,??
237,23:56:46.43,-00:56:22.2,23.693,22.7535,20.780567,19.689388,19.182117,18.623104,17.578903,17.09441,4.003612,3.0641115,1.0662841,4.1303954,4.430574783325196,3.396634620666504,-999.0,-999.0,0.876,Gemini,QSO
127,22:24:20.46,+00:50:38.2,23.1191,21.7748,20.02563,19.261927,18.930933,17.068174,18.27231,17.830782,3.8571737,2.5128725,2.1937523,4.7066245,,5.072997333526612,-999.0,-999.0,-999.0,0,none
25,00:21:32.72,+00:43:38.3,22.6211,21.2211,20.135817,19.563522,19.0333,18.48406,17.640324,17.274273,3.057577,1.6575773,1.0794619,2.737039,5.915884082794189,5.352652770996094,-999.0,-999.0,-999.0,0,none
95,02:18:13.61,+00:13:26.3,22.4433,20.9345,19.473173,19.42382,18.676888,18.112679,18.356007,18.29546,3.0194795,1.510679,1.3111418,2.8218207,3.648585662841797,5.4509246520996095,-999.0,-999.0,2.181,TSPEC082818,QSO
131,22:25:21.99,-00:19:46.3,23.1917,21.464,20.499958,19.880795,19.428612,18.812025,19.084314,19.134626,3.3109052,1.5832059,1.0687693,2.6519752,5.521230045318604,5.2501998710632325,-999.0,-999.0,-999.0,0,none
81,02:02:21.07,-00:30:40.4,22.1663,20.5981,19.52792,18.963036,18.362194,17.929186,17.917034,17.790567,3.203264,1.6350648,1.0338496,2.6689143,5.861782356262207,6.278912910461426,-999.0,-999.0,999.0,TSPEC082718,??
76,01:59:10.14,+01:01:26.5,22.8906,21.6125,19.566975,19.465324,19.37619,18.71226,18.106535,18.053753,3.4252756,2.1471746,0.753065,2.9002395,3.284772445678711,4.4104499244689945,-999.0,-999.0,999.0,NIRES091818,??
20,00:17:55.84,+00:50:47.5,23.1346,21.6043,20.109879,19.58175,19.257719,18.624626,19.282793,19.323788,3.5528486,2.0225484,0.9571246,2.979673,5.655830451965333,4.317667636871338,-999.0,-999.0,999.0,NIRES080418_0922,?
189,23:25:33.45,+00:56:58.8,23.8279,22.9265,20.245733,19.509106,19.007557,18.765951,17.742996,17.029814,4.318794,3.4173944,0.7431544,4.1605487,3.4860195236206057,6.200766265869141,-999.0,-999.0,1.569,Gemini,QSO
206,23:37:07.75,-00:11:45.4,23.324,21.6017,20.316574,20.00307,19.204714,18.724482,18.995108,19.043505,3.3209283,1.5986288,1.2785891,2.8772178,4.602810779571533,4.401302742004395,-999.0,-999.0,-999.0,0,none
172,23:06:33.75,-00:19:49.4,22.8103,21.3927,20.025105,19.823763,19.23852,18.672869,18.515001,18.582495,2.9865377,1.5689371,1.150894,2.719831,5.854463779449463,5.918236118316651,-999.0,-999.0,-999.0,0,none
105,22:10:00.83,+00:11:47.2,23.4526,21.524,20.23551,19.823439,19.052326,18.72413,18.952425,19.051607,3.6291616,1.7005613,1.0993079,2.799869,5.864134391784669,6.2875377960205086,-999.0,-999.0,999.0,NIRES080218,??
79,02:00:00.35,-00:25:18.6,22.7116,21.4309,20.275082,19.648737,19.240614,18.807434,18.86826,18.902428,3.0628622,1.7821634,0.84130275,2.623466,4.897363952636719,5.32547142791748,-999.0,-999.0,-999.0,0,none
219,23:46:42.13,+00:12:07.3,22.3867,21.927,19.524292,19.42613,18.730734,18.419031,18.601303,18.698864,2.9605691,2.5008695,1.007099,3.5079684,4.380393871307374,6.145096515655518,-999.0,-999.0,-999.0,Gemini18B,??
186,23:23:39.28,-00:22:11.4,22.5997,21.5122,20.094967,19.623615,18.983282,18.478287,17.814896,17.756956,2.9760854,1.8885839,1.1453284,3.0339122,4.276372192382813,4.315576183319092,0.92,-999.0,-999.0,0,none
43,00:41:29.50,+00:08:01.0,22.945,21.3517,19.978182,19.558575,18.967634,18.608295,18.639807,18.708858,3.3864248,1.7931249,0.9502791,2.743404,5.62028556060791,4.547664081573487,-999.0,-999.0,2.1?,NIRES080418_0922,QSO?
123,22:22:41.69,-00:04:27.0,25.0389,24.1704,19.51476,19.443378,19.524351,18.53955,21.240738,21.13822,5.5955215,4.7270217,0.90382755,5.6308494,2.3705351428985595,1.6392499866485597,-999.0,-999.0,-999.0,0,none
56,01:47:12.37,+00:44:53.4,22.9546,21.197,20.276417,19.533281,19.029354,18.521955,18.486404,18.569769,3.4213178,1.6637189,1.0113257,2.6750445,6.5444542465209965,7.484827354431153,-999.0,-999.0,-999.0,Gemini18B,none
178,23:14:39.55,+00:38:14.1,21.6501,20.5894,18.88922,18.42292,17.938824,17.622385,17.894796,17.841461,3.2271802,2.1664789,0.8005351,2.9670138,5.443083023071289,5.18538256072998,-999.0,-999.0,999.0,TSPEC083018,??
48,00:49:55.39,-00:47:11.9,23.137,21.459,20.070227,19.792374,19.226503,18.75854,18.96958,19.012737,3.3446252,1.6666257,1.0338343,2.70046,4.462199237823486,4.58948182296753,-999.0,-999.0,-999.0,0,none
220,23:46:48.35,+00:49:20.4,22.5014,21.4157,19.98606,19.813034,19.08719,18.698067,18.08767,18.115824,2.6883657,1.6026666,1.1149672,2.7176337,10.609125114440918,9.62850228881836,-999.0,-999.0,-999.0,NIRES092318,none
132,22:26:21.82,-00:25:59.7,23.7838,21.656,20.013607,19.480682,19.105747,18.765566,18.705353,18.568567,4.3031173,2.1753175,0.7151164,2.8904338,3.876491409301758,5.333050964355469,-999.0,-999.0,-999.0,0,none
51,00:50:48.70,+00:27:23.6,21.8593,21.2488,20.038279,19.534382,19.237791,18.31422,16.821789,16.27835,2.3249185,1.7144182,1.2201613,2.9345794,5.344289600372314,4.056307319641114,1.0799999,0.71,-999.0,0,none
145,22:42:53.04,+00:53:30.5,23.0533,21.509,20.023502,20.008501,19.278221,18.817123,18.352617,18.161888,3.0447996,1.5004995,1.1913775,2.691877,4.104658870697022,3.989399311065674,-999.0,-999.0,-999.0,0,none
133,22:26:26.09,-00:13:27.8,22.5786,21.3126,19.95645,19.613358,19.182976,18.698317,18.576996,18.527761,2.9652421,1.6992414,0.91504085,2.6142821,3.605983909606934,3.326590187072754,-999.0,-999.0,999.0,NIRES080318,?
102,02:22:52.91,-00:43:52.2,22.366,21.4493,20.584728,19.633734,19.290407,18.819748,17.858881,17.660727,2.7322652,1.8155668,0.8139857,2.6295524,6.013893871307373,6.141959712982178,-999.0,-999.0,-999.0,0,none
55,00:54:26.80,+00:14:38.8,21.9034,20.5287,19.514503,18.972878,18.324804,17.761864,17.752895,17.750784,2.9305227,1.5558221,1.2110137,2.7668357,5.5606957511901856,5.220927452087403,1.02,0.75,999.0,TSPEC082718,??
13,00:14:53.85,+00:40:01.2,22.8729,21.6203,19.584682,19.468552,18.930237,18.389635,17.401804,16.856028,3.4043481,2.1517484,1.0789164,3.2306647,5.219359050750732,3.32240841293335,-999.0,-999.0,-999.0,0,none
167,23:01:59.80,+00:14:27.6,22.9114,21.6928,20.404778,19.844791,19.153393,18.746202,18.95189,19.03635,3.0666082,1.8480089,1.0985888,2.9465976,4.871489295959472,6.184039169311523,-999.0,-999.0,999.0,NIRES080218,?
80,02:02:14.29,-00:17:48.4,21.8464,21.402,20.201174,19.581646,19.269642,18.770527,17.991934,18.009,2.264753,1.8203542,0.81111896,2.631473,4.18228284072876,3.7259482955932617,67.49,37.32,-999.0,0,none
36,00:30:04.97,+00:25:01.2,22.997,22.1429,19.825134,19.30157,18.621954,18.00772,17.517044,16.839203,3.6954286,2.8413293,1.2938498,4.135179,4.942317741394043,9.212417839050293,-999.0,-999.0,-999.0,0,none
238,23:57:38.45,+00:45:41.5,24.2575,22.233,20.239206,20.153868,19.7104,18.63258,17.57046,17.1792,4.1036315,2.0791318,1.5212878,3.6004195,4.177317054748535,3.467201728820801,-999.0,-999.0,0.467,Gemini,QSO/AGN
110,22:12:55.27,+00:01:08.2,23.321,22.5719,20.776718,20.233511,19.261162,18.842813,17.56702,16.81474,3.087488,2.3383882,1.3906974,3.7290854,4.087670436859131,3.5309733123779297,1.1,0.53,1.522,NIRES091818,QSO
239,23:58:39.99,-00:48:57.7,23.1612,21.356,20.390093,19.708775,19.160656,18.689625,18.879488,18.875639,3.4524248,1.6472261,1.0191497,2.6663756,8.057205848693847,6.028007217407227,-999.0,-999.0,-999.0,0,none
233,23:54:46.84,-00:44:17.6,22.8219,22.169,20.728575,20.110823,19.538248,18.31124,16.67346,16.039476,2.7110765,2.0581777,1.7995833,3.857761,4.78811515045166,3.341226585388184,-999.0,-999.0,?,Gemini,QSO
37,00:30:30.88,-00:34:22.4,22.7951,21.4104,20.252615,19.41549,19.010408,18.311056,17.27934,16.989735,3.3796098,1.994911,1.104433,3.0993438,7.020652313232422,7.197854095458985,7.81,-999.0,-999.0,0,none
33,00:25:51.87,+00:21:13.9,22.5651,21.1335,19.855371,19.519297,19.030584,18.423338,18.573938,18.621902,3.0458028,1.6142023,1.0959586,2.7101607,5.342198146820069,5.1631666259765625,-999.0,-999.0,-999.0,0,none
23,00:20:54.03,+00:13:31.0,23.2039,21.5391,20.198078,19.671373,19.165905,18.602667,19.037373,18.97446,3.5325258,1.867727,1.0687064,2.9364333,5.445174476623535,4.528845909118653,-999.0,-999.0,999.0,NIRES080418_0922,?
139,22:32:53.43,-00:53:39.8,23.0978,21.7016,20.312096,20.08417,19.1705,18.798594,18.93794,18.999502,3.0136297,1.6174295,1.2855757,2.9030051,5.650341613769531,5.227199924468994,-999.0,-999.0,-999.0,NIRES091818,none
32,00:24:58.30,+00:30:00.1,23.4141,22.1628,20.401876,19.716919,19.025162,18.792313,18.128263,17.662277,3.6971815,2.4458807,0.9246062,3.3704867,3.149649364471436,2.7913249855041506,-999.0,-999.0,-999.0,0,none
17,00:17:32.34,-00:04:45.3,23.3359,21.9261,20.305336,19.435913,18.911001,18.540066,17.72955,17.802277,3.899986,2.4901865,0.8958472,3.3860335,7.096446922302246,5.243143386840821,-999.0,-999.0,-999.0,Gemini18B,none
116,22:18:05.21,-00:32:07.0,22.8613,21.1197,20.173965,19.534903,19.108465,18.430433,18.840542,18.86857,3.3263967,1.5847967,1.1044692,2.6892657,7.127286987304688,5.860736629486084,-999.0,-999.0,-999.0,Gemini18B,??
227,23:49:46.64,+00:04:58.2,23.916,22.1409,20.290226,19.628986,19.419092,18.879122,17.924667,18.002878,4.2870135,2.511913,0.74986446,3.2617774,7.272080680847169,5.620547275543213,-999.0,-999.0,-999.0,0,none
128,22:24:20.46,+00:50:38.2,23.1191,21.7331,20.02563,19.261927,18.930933,17.068174,18.27231,17.830782,3.8571737,2.471174,2.1937523,4.664926,4.281076641082764,,-999.0,-999.0,-999.0,0,none
163,22:56:40.07,-00:53:15.9,23.3758,21.4325,20.191818,19.669353,19.326406,18.797338,19.283978,19.277096,3.7064455,1.7631471,0.8720149,2.6351619,4.993805717468262,5.603035789489747,-999.0,-999.0,-999.0,Gemini,none
38,00:34:44.86,-00:48:56.2,22.9673,21.5015,20.031553,19.727467,19.18467,18.213379,17.300392,16.852503,3.2398336,1.7740324,1.5140876,3.2881198,3.6883127059936527,3.4520430335998538,-999.0,-999.0,-999.0,0,none
19,00:17:48.72,-00:14:51.5,22.6335,21.3365,19.893913,19.661568,18.998552,18.533945,18.027304,18.096281,2.9719312,1.6749322,1.1276225,2.8025546,5.301948806762695,5.078486171722412,-999.0,-999.0,-999.0,0,none
212,23:40:15.28,-00:10:33.7,21.7893,21.3575,19.72542,19.04834,18.453045,17.986286,17.640783,17.40266,2.7409608,2.30916,1.0620536,3.3712134,6.271071659088135,5.134940311431885,4.81,-999.0,-999.0,0,none
188,23:24:31.24,+00:43:17.3,22.8844,21.4918,20.636532,19.943657,19.542995,18.828064,19.434258,19.292433,2.9407423,1.5481431,1.1155928,2.6637359,5.428447002410889,4.599936447143555,-999.0,-999.0,-999.0,0,none
63,01:52:52.36,+00:25:08.0,22.7449,21.1878,19.733086,19.34337,18.922548,18.539125,18.166182,18.034271,3.401529,1.8444288,0.8042449,2.6486735,,,-999.0,-999.0,-999.0,0,none
190,23:26:03.07,+00:45:33.4,22.7989,21.0463,19.979486,19.06826,18.843279,18.087446,17.383953,17.210388,3.7306402,1.9780405,0.98081386,2.9588542,8.44454168701172,7.967036933898926,-999.0,-999.0,-999.0,0,none
166,23:00:57.18,+00:03:07.5,22.7111,22.5785,20.430912,19.406677,18.698065,18.01242,17.048405,16.385134,3.3044221,3.1718233,1.3942565,4.5660796,5.702874938964844,3.5495301475524905,-999.0,-999.0,2,TSPEC082918,QSO?
165,23:00:34.41,-00:16:18.2,23.1933,22.0836,20.200583,19.83673,18.989428,18.325249,17.09672,16.57262,3.356571,2.2468698,1.5114802,3.75835,4.863909381866455,4.549232105255127,-999.0,-999.0,-999.0,0,none
226,23:49:20.89,+00:01:44.5,23.6576,22.1485,20.174185,19.63071,19.269247,18.885256,18.376717,18.006044,4.0268893,2.5177896,0.74545467,3.2632442,3.3819986000061038,3.3307719612121582,-999.0,-999.0,-999.0,0,none
70,01:57:17.03,-00:42:59.1,23.0052,21.752,20.066425,19.505253,19.07873,18.617168,17.698195,17.794424,3.4999464,2.2467477,0.8880843,3.134832,7.150025596618653,6.049961437225342,-999.0,-999.0,-999.0,NIRES092218,none
198,23:30:05.56,-01:03:50.4,23.675,21.6209,20.191742,19.594645,19.243488,18.886896,19.085066,19.128284,4.080354,2.0262544,0.7077483,2.7340026,3.796515403747559,4.2246232566833495,-999.0,-999.0,-999.0,0,none
232,23:54:44.62,+00:39:54.4,23.0312,22.0909,20.350735,19.848028,19.25468,18.853582,17.807272,17.680412,3.183172,2.242872,0.9944457,3.2373176,4.764592529296875,5.3029945335388184,-999.0,-999.0,-999.0,0,none
242,23:59:19.39,+00:05:31.7,23.0784,21.6486,20.024931,19.888184,19.825838,18.824001,18.114698,17.913889,3.1902158,1.7604158,1.0641822,2.8245978,3.4366226234436037,3.7612318496704105,-999.0,-999.0,-999.0,0,none
229,23:51:25.29,-00:06:12.4,23.3304,22.4066,20.594193,19.302832,18.849758,18.310598,18.078878,17.900877,4.0275683,3.103769,0.99223316,4.096002,4.28081530380249,2.6554177036285402,-999.0,-999.0,-999.0,0,none
151,22:47:00.72,+00:43:39.9,22.9215,21.1824,19.896692,19.308329,18.837448,18.34663,18.65688,18.689234,3.6131704,1.8740709,0.9616984,2.8357692,4.56334582901001,5.043202617645264,-999.0,-999.0,-999.0,0,none
195,23:27:38.81,-00:20:26.7,22.1651,20.923,19.792755,19.394022,18.776772,18.17455,17.603346,17.259592,2.7710779,1.5289781,1.2194728,2.7484508,4.683309837341309,4.0813979644775396,-999.0,-999.0,-999.0,0,none
199,23:30:27.35,-00:41:00.8,23.2681,22.2314,20.753023,19.529284,18.932806,17.825876,16.126738,15.644488,3.738817,2.7021158,1.7034081,4.405524,3.914127376556397,5.229029663085938,-999.0,-999.0,-999.0,0,none
146,22:44:24.48,+00:38:14.0,22.8212,21.7656,20.106691,19.700924,19.13018,18.680605,19.067896,19.115528,3.1202753,2.064676,1.0203189,3.0849948,3.6548585128784183,4.500619216918945,-999.0,-999.0,0,NIRES092218,star
85,02:05:03.70,-00:03:25.4,22.6001,21.6243,20.097383,19.601007,18.935972,18.88011,18.199638,17.766153,2.9990919,2.0232923,0.72089756,2.7441897,4.121124629974365,3.288954219818115,26.39,19.23,-999.0,0,none
108,22:12:25.31,-00:19:07.9,23.2905,21.5276,20.326508,19.958334,19.174051,18.779768,18.910446,18.82611,3.3321664,1.5692651,1.1785659,2.7478309,3.852969165802002,5.054963550567627,-999.0,-999.0,999.0,NIRES080218,??
83,02:04:28.27,+00:29:13.4,23.1015,21.9574,20.379364,19.898903,19.585093,18.881916,18.236177,18.039913,3.2025964,2.0584962,1.0169867,3.0754828,3.8550598640441898,3.5064060974121096,-999.0,-999.0,-999.0,0,none
65,01:54:00.58,+00:31:12.6,24.8057,23.7166,20.068058,19.977674,19.696375,18.204708,20.090279,20.055918,4.8280253,3.7389257,1.7729663,5.511892,3.5709616928100587,3.1896373672485354,-999.0,-999.0,-999.0,Gemini,none
60,01:50:57.64,+00:33:43.0,22.7847,21.6376,19.834211,19.890991,19.534481,18.848858,18.083433,17.689007,2.893709,1.7466085,1.0421332,2.7887416,4.6373106994628905,4.882204879760742,-999.0,-999.0,-999.0,0,none
109,22:12:54.72,-00:49:52.2,22.3034,22.9673,20.031353,19.577742,19.281546,18.63762,18.80808,18.855581,2.7256582,3.3895586,0.9401206,4.329679,4.758581394195557,5.207859455108643,-999.0,-999.0,-999.0,NIRES080318,weak-det
214,23:41:46.54,-00:38:08.5,22.6612,21.3805,20.44949,19.833729,19.340961,18.774496,18.641905,18.64007,2.8274705,1.5467718,1.0592326,2.6060042,5.88582727432251,5.014975547790527,-999.0,-999.0,-999.0,0,none
89,02:08:19.54,+00:52:57.8,22.9257,21.3742,20.131605,19.66052,19.082092,18.679695,17.81442,17.863415,3.2651784,1.71368,0.9808253,2.6945052,4.271667743682862,6.511000053405762,-999.0,-999.0,2.055,NIRES092318,QSO?
97,02:18:32.57,+00:51:49.2,22.9512,21.3784,20.525423,19.680748,19.568932,18.73362,18.618752,18.715855,3.2704523,1.6976526,0.9471282,2.6447806,7.383158843994141,8.153387031555177,-999.0,-999.0,999.0,NIRES092218,?
230,23:51:34.41,+00:38:14.5,22.654,21.7743,20.057123,19.58326,19.094927,18.864212,19.024065,18.900663,3.0707395,2.1910398,0.7190474,2.910087,7.687643211364747,6.16757341003418,-999.0,-999.0,-999.0,0,none
41,00:37:53.85,-00:51:52.3,22.1846,21.7524,19.709091,18.755983,18.263372,17.356277,15.874057,15.2813,3.4286172,2.9964159,1.3997067,4.3961225,4.490426307678223,4.547664081573487,-999.0,-999.0,0.860,TSPEC082718,QSO
31,00:24:03.57,-00:04:21.8,22.7103,21.4831,20.295824,19.942816,19.524878,18.641287,19.234577,18.920824,2.7674844,1.5402849,1.3015288,2.8418136,5.177280349731445,5.661057197570801,-999.0,-999.0,999.0,NIRES080418_0923,?
187,23:24:24.10,-00:51:16.1,22.9224,21.8431,19.99708,19.901556,19.08157,18.669817,17.476011,17.172007,3.0208433,1.9415433,1.2317389,3.1732821,3.2534093284606933,4.657434803009034,4.54,-999.0,-999.0,0,none
12,00:14:17.53,+00:46:14.3,23.4829,21.7386,20.51426,20.134527,19.215633,18.81685,18.401943,18.482817,3.3483732,1.6040723,1.3176764,2.9217486,4.666844078063965,6.753542953491212,-999.0,-999.0,-999.0,0,none
15,00:15:13.51,-00:32:59.1,22.5644,21.4342,20.108301,19.459167,19.2629,18.521544,17.394745,17.093983,3.105232,1.9750326,0.93762386,2.9126563,5.240790596008301,4.6221516265869145,-999.0,-999.0,0.832,Gemini18B,QSO
168,23:02:14.08,+00:12:02.5,23.4823,21.8817,20.572971,19.798117,19.296574,18.749569,17.879591,17.828129,3.684183,2.0835836,1.0485476,3.132131,6.790132438659668,6.735247077941895,-999.0,-999.0,999.0,NIRES091818,?
84,02:04:50.82,+00:04:41.0,22.6148,21.0828,20.213615,19.535616,18.97197,18.428946,18.410091,18.439005,3.0791833,1.5471838,1.1066703,2.653854,5.911179256439209,5.5303776054382325,-999.0,-999.0,-999.0,Gemini18B,none
50,00:50:20.57,-00:25:48.4,22.78,21.1146,19.916998,19.537792,18.88238,18.449102,18.361729,18.370527,3.2422082,1.5768068,1.0886897,2.6654963,5.232427425384522,4.838296440124512,-999.0,-999.0,-999.0,0,none
6,00:00:46.11,-00:32:03.2,22.7765,21.1863,19.772924,19.500998,18.896547,18.531534,18.9445,18.713732,3.275503,1.6853025,0.9694632,2.6547656,4.504539653778076,4.317667636871338,-999.0,-999.0,-999.0,0,none
52,00:52:04.54,+00:19:52.8,22.1481,20.9057,19.13795,19.150032,18.646292,18.090773,17.164408,16.80752,2.9980676,1.7556684,1.0592593,2.8149276,3.6828238677978518,4.052125545501709,-999.0,-999.0,-999.0,0,none
26,00:21:42.95,-00:06:07.2,22.9102,21.4839,20.649193,19.832794,19.161688,18.693705,18.775902,18.722273,3.0774057,1.6511056,1.1390895,2.790195,8.126988945007325,5.427924705505371,-999.0,-999.0,2.1,NIRES092318,QSO
213,23:40:47.19,-00:33:05.1,22.7686,21.1931,20.181984,19.57212,18.883665,18.394823,18.40211,18.415436,3.1964796,1.6209791,1.1772975,2.7982764,6.4268426513671875,6.703883583068848,-999.0,-999.0,-999.0,0,none
176,23:10:52.68,-00:38:12.1,22.7125,21.4982,20.241413,19.782381,19.498589,18.881065,19.627443,19.593887,2.9301183,1.7158182,0.90131557,2.6171336,5.397083885192871,5.273722492218018,-999.0,-999.0,-999.0,0,none
118,22:19:28.51,+00:57:19.3,22.6611,21.0888,19.972645,19.292482,18.664204,18.172895,18.434444,18.312239,3.3686178,1.7963178,1.1195868,2.9159045,4.739763977050782,4.572754726409912,-999.0,0.41,999.0,TSPEC082918,??
106,22:10:36.79,-00:57:17.2,22.1284,20.4083,19.101992,18.615494,18.24469,17.727022,17.180386,16.917213,3.5129068,1.7928064,0.88847244,2.6812787,6.67330485534668,8.453950584411622,-999.0,0.31,999.0,TSPEC082818,??
73,01:57:59.67,-00:42:38.6,22.4548,21.1398,19.75863,19.330526,18.873207,18.43902,18.770966,18.723246,3.124273,1.8092725,0.8915061,2.7007785,4.292576614379883,5.534820716857911,-999.0,-999.0,-999.0,Gemini18B,AGN
40,00:36:13.06,-00:52:30.9,23.5897,21.8578,20.31352,19.822058,19.249277,18.864023,19.327871,19.262728,3.7676427,2.0357416,0.9580344,2.9937758,5.993507675170899,4.638617385864258,-999.0,-999.0,-999.0,0,none
185,23:23:36.35,+00:12:05.8,23.0964,21.5583,20.0404,19.858252,19.233782,18.892618,18.469349,18.516819,3.2381475,1.7000482,0.9656333,2.6656814,3.4708608283996583,4.589220108032227,-999.0,-999.0,-999.0,0,none
45,00:47:16.57,+00:22:49.6,22.5392,21.1434,19.91221,19.479342,18.916168,18.47449,18.79018,18.857439,3.059858,1.6640584,1.0048522,2.6689105,5.271631038665772,3.9873082351684572,-999.0,-999.0,-999.0,Gemini18B,QSO??
135,22:28:35.29,-00:39:35.4,22.8392,21.7639,20.312128,19.699232,19.439983,18.732332,17.176493,16.81226,3.1399667,2.0646684,0.96689975,3.031568,5.050259479522706,6.011279743194581,-999.0,-999.0,-999.0,NIRES092218,none
243,23:59:41.10,-00:06:24.9,21.9948,21.9932,20.402294,19.903374,18.932192,18.458908,17.99646,17.593521,2.0914266,2.0898263,1.4444655,3.5342917,4.9815217323303225,3.2408640060424805,-999.0,-999.0,-999.0,Gemini18B,none
39,00:35:34.68,-00:21:06.6,22.7201,21.6114,19.96295,19.662773,19.345064,18.798473,18.160852,18.1016,3.057327,1.9486272,0.86429965,2.8129268,4.201100635528564,3.7803109817504885,-999.0,-999.0,-999.0,0,none
34,00:26:16.07,+00:30:17.1,22.7666,21.6697,20.304832,20.140182,19.317274,18.841904,17.98598,17.808239,2.626417,1.5295179,1.2982787,2.8277965,4.8456142616271975,4.927943058013916,-999.0,-999.0,-999.0,0,none
78,01:59:55.13,-00:51:17.4,23.4811,21.598,20.37697,20.087072,19.343431,18.828447,18.016905,17.624575,3.3940275,1.510927,1.2586249,2.7695518,4.6861845474243164,6.807382965087891,-999.0,-999.0,-999.0,0,none
192,23:26:27.92,-00:51:45.3,22.8124,21.2038,19.911064,19.69192,19.166407,18.557207,18.390116,18.451147,3.1204813,1.5118806,1.1347121,2.6465926,6.115823719024658,6.499239120483399,-999.0,-999.0,-999.0,0,none
121,22:20:39.14,+00:03:03.2,23.4369,22.0153,20.536144,20.005934,19.507166,18.762663,17.784386,17.775654,3.4309652,2.0093668,1.2432708,3.2526374,7.548598937988282,6.3134120750427245,-999.0,-999.0,-999.0,0,none
202,23:31:33.21,-00:08:15.8,23.0142,21.3127,19.323694,19.105051,18.566893,17.942284,16.987457,16.546293,3.909149,2.207649,1.1627673,3.3704162,4.363405437469483,3.5503141593933107,-999.0,-999.0,-999.0,0,none
180,23:16:45.59,+00:50:42.7,23.021,21.3233,20.301716,19.655495,19.219265,18.586868,18.706934,18.64379,3.365505,1.6678045,1.0686263,2.7364306,4.780274276733398,5.017327583312989,-999.0,-999.0,-999.0,0,none
5,00:00:35.67,+00:57:16.6,22.5714,21.4646,19.758677,19.176252,18.59557,18.133766,17.54958,17.5643,3.395147,2.288347,1.0424861,3.330833,4.633912937164307,3.947581569671631,-999.0,-999.0,-999.0,0,none
236,23:55:45.45,-00:11:21.8,22.4901,22.6377,20.820984,20.213734,18.977888,18.047157,17.674706,17.11865,2.276367,2.4239652,2.1665764,4.5905414,3.339135509490967,3.3213626861572267,25.24,-999.0,2.53,Gemini,QSO
120,22:20:13.89,+00:11:48.0,23.0467,21.4978,20.421642,19.955538,19.343464,18.891333,19.3694,19.223328,3.0911615,1.5422628,1.064205,2.6064677,4.6600485534667975,3.6987669525146485,-999.0,-999.0,1.93?,NIRES092218,QSO?
47,00:48:58.08,-00:15:34.6,24.0693,21.428,20.205864,19.821133,19.118395,18.69751,18.420877,18.223461,4.2481666,1.6068666,1.1236228,2.7304893,0.0,14.167803955078126,-999.0,-999.0,999.0,NIRES092318,?
53,00:52:37.69,+00:22:34.7,23.4212,21.7223,19.89816,19.65363,18.786823,18.301104,17.348104,17.021675,3.7675703,2.06867,1.3525256,3.4211955,4.976294609069824,5.207859455108643,-999.0,-999.0,-999.0,0,none
161,22:53:00.94,+00:06:13.2,21.7819,20.8818,19.570599,18.756773,18.53533,17.888144,16.709618,16.375813,3.0251272,2.1250265,0.86862934,2.9936557,4.160851295471192,3.8158562507629394,-999.0,0.35,0.820,TSPEC082818,QSO
91,02:10:50.30,+00:09:36.3,23.5632,22.3757,20.619398,20.576773,19.54517,18.546062,17.060972,16.695597,2.986427,1.7989271,2.0307102,3.829637,3.9776380004882816,3.165592638015747,-999.0,-999.0,0.59,Gemini,QSO/AGN
75,01:59:07.42,-00:00:28.1,22.7116,21.8037,19.41448,18.999475,18.597271,18.190443,18.31191,18.279144,3.7121236,2.8042238,0.8090323,3.613256,6.788564414978028,5.680659381866455,-999.0,-999.0,999.0,TSPEC082918,NL??
223,23:47:46.28,+00:17:18.7,23.0721,21.4338,20.609291,19.83519,19.534754,18.58587,19.20618,19.183153,3.2369096,1.5986097,1.249319,2.8479285,6.643771476745606,6.1628685836792,-999.0,-999.0,-999.0,0,none
88,02:08:15.52,+00:24:20.6,22.1142,21.132,19.65821,19.566977,18.990438,18.530066,17.7003,17.527111,2.5472238,1.5650232,1.0369109,2.601934,5.42165185546875,3.7928563041687013,-999.0,-999.0,0.551,Gemini18B,QSO
175,23:08:31.85,-00:18:43.0,22.3634,20.7532,19.660273,19.131529,18.579233,18.049341,18.006533,17.978643,3.2318704,1.6216714,1.0821875,2.7038589,5.426617641448975,5.246018096923828,-999.0,-999.0,999.0,TSPEC082918,??
100,02:20:24.54,+00:20:00.0,24.1987,23.1083,20.460827,19.858755,19.224665,18.855892,18.560385,18.136868,4.3399444,3.249544,1.0028628,4.2524066,4.60411784362793,3.438975036621094,-999.0,-999.0,2.26,Gemini,QSO
181,23:17:37.44,+00:36:09.2,23.462,21.5359,20.624369,19.866264,19.12385,18.80444,18.880075,18.975649,3.5957353,1.6696355,1.0618247,2.73146,4.798308437347412,6.318116901397706,-999.0,-999.0,999.0,NIRES080318,?
204,23:35:48.47,-00:13:58.1,22.9896,21.5389,20.357712,19.81245,19.404608,18.87862,18.787828,18.653955,3.1771486,1.7264497,0.93383014,2.6602798,4.457494789123535,4.450437927246094,-999.0,-999.0,-999.0,0,none
170,23:05:04.11,+00:50:12.6,22.6179,21.0459,19.819176,19.357265,18.78296,18.364195,18.233847,18.073605,3.2606351,1.6886346,0.9930705,2.681705,5.600683753967285,4.863387084960937,-999.0,-999.0,-999.0,0,none
42,00:41:15.48,-00:44:31.1,23.6233,21.5817,20.469414,19.6422,19.084064,18.842009,19.396353,19.481527,3.9810998,1.9394987,0.80019176,2.7396903,5.147485256195068,6.604567108154297,-999.0,-999.0,-999.0,0,none
197,23:28:11.55,+00:13:16.7,22.5696,21.5636,20.00899,19.985415,19.461254,18.857218,18.152271,18.05265,2.5841844,1.5781858,1.1281966,2.7063823,4.5764138259887694,5.619240211486817,-999.0,-999.0,-999.0,0,none
179,23:15:42.01,+00:13:04.0,22.5182,21.826,19.98681,19.542757,19.142614,18.647974,17.687464,17.762646,2.9754426,2.283243,0.8947829,3.1780257,5.1819847984313965,6.271071659088135,-999.0,-999.0,999.0,NIRES091818,?
35,00:26:37.47,-00:23:22.8,22.5556,21.7125,19.682829,19.535555,19.251791,18.810768,18.466146,18.51755,3.020044,2.1769445,0.72478664,2.901731,5.373561641693115,4.546880069732667,-999.0,-999.0,-999.0,0,none
99,02:20:16.96,-00:29:16.5,22.9192,21.5821,20.70371,20.02377,19.438465,18.86577,19.209831,19.1034,2.8954313,1.5583303,1.1579989,2.716329,5.047906688690186,5.294891944885254,-999.0,-999.0,-999.0,0,none
44,00:47:06.73,-00:49:54.6,22.4349,21.445,19.892275,19.672117,19.120352,18.818233,19.134884,19.119205,2.7627828,1.7728822,0.8538836,2.6267657,3.7217665214538576,4.024944202423096,-999.0,-999.0,-999.0,0,none
153,22:49:00.14,-00:18:04.3,23.9491,21.6459,20.378248,19.870897,19.069021,18.817608,18.98873,18.921543,4.0782027,1.7750032,1.0532893,2.8282924,4.700559608459473,7.371920585632324,-999.0,-999.0,-999.0,0,none
59,01:50:32.51,+00:58:34.5,22.3923,21.8449,20.239573,19.753225,19.13292,18.826435,18.119349,17.587133,2.639074,2.0916746,0.9267901,3.0184646,3.3119541664123537,3.245046157836914,-999.0,-999.0,-999.0,0,none
129,22:25:10.73,+00:37:25.0,22.4233,21.0541,19.63681,19.360802,19.429253,17.154995,20.263508,20.360723,3.0624979,1.6932981,2.2058077,3.8991055,4.223577907562256,3.3830439491271975,-999.0,-999.0,-999.0,0,none
241,23:59:05.67,-00:17:38.2,23.0456,21.4479,20.192467,19.723139,19.098528,18.637936,19.01207,18.926954,3.3224618,1.7247617,1.085203,2.8099647,4.3986886138916015,4.104397911071778,-999.0,-999.0,-999.0,NIRES092218,none
221,23:46:51.15,+00:50:37.0,22.4964,21.4684,19.971027,19.481907,18.95459,18.613375,17.799837,17.882986,3.0144937,1.9864919,0.86853206,2.8550239,4.678605388641357,5.165519416809082,-999.0,-999.0,.866,NIRES080318,QSO
225,23:49:11.85,-00:13:00.8,22.8922,21.497,20.11763,19.51373,19.131657,18.746956,19.407831,19.131176,3.3784711,1.9832704,0.7667731,2.7500434,4.35164412689209,3.6694945335388187,-999.0,-999.0,-999.0,0,none
107,22:11:30.28,-00:49:53.2,22.2006,21.1637,19.489397,19.185528,18.757067,18.322132,18.5239,18.499638,3.0150716,1.9781721,0.8633956,2.8415675,5.410151882171631,6.666248748779298,-999.0,-999.0,-999.0,0,none
14,00:15:11.16,+00:46:17.2,22.7267,21.7316,20.172855,19.629282,18.926327,18.54679,17.985064,17.977507,3.0974176,2.1023176,1.0824927,3.1848102,6.769223945617676,5.5771611328125,-999.0,-999.0,-999.0,Gemini18B,none
144,22:42:39.82,-00:38:47.7,23.4932,22.0036,20.241312,19.875326,19.145342,18.172308,17.212803,16.93403,3.617874,2.1282728,1.7030181,3.8312907,5.351346462249756,5.8821681747436525,1.34,0.83,0.61,Gemini,NLAGN
228,23:51:03.46,-00:13:38.9,23.2486,22.1326,20.623657,20.11738,19.562437,18.899805,18.02873,18.040573,3.1312196,2.0152204,1.217575,3.2327952,4.067022903442383,3.989399311065674,-999.0,-999.0,-999.0,0,none
210,23:39:23.31,+00:38:19.9,23.08,21.3445,20.414837,19.843487,19.134909,18.616552,18.704168,18.59565,3.236513,1.5010126,1.2269343,2.7279468,6.77340609741211,6.1887436180114745,-999.0,-999.0,999.0,NIRES092318,?
61,01:51:12.70,-00:41:59.3,23.1224,21.4989,19.94741,19.827023,19.214396,18.819948,18.81853,18.772259,3.2953775,1.6718767,1.0070742,2.6789508,3.941309097290039,5.710715812683106,-999.0,-999.0,-999.0,0,none
28,00:22:45.11,+00:25:00.8,22.4254,21.3845,20.160418,19.575296,19.088362,18.56883,17.666836,17.54623,2.8501031,1.8092039,1.0064658,2.8156695,5.467651371002198,5.614013088226319,-999.0,-999.0,-999.0,0,none
72,01:57:26.77,-00:09:38.7,22.6741,21.3599,20.655806,19.746346,19.029999,18.470629,18.689508,18.614697,2.927755,1.6135538,1.2757167,2.8892703,6.912971534729004,5.520706993103028,-999.0,-999.0,-999.0,Gemini18B,none
142,22:38:54.51,-00:46:48.6,23.318,21.6493,19.843952,19.63393,19.233133,18.777521,18.080412,18.011179,3.6840703,2.0153692,0.85640895,2.871778,5.6665460357666015,5.508946060180664,-999.0,-999.0,-999.0,NIRES080318,weak-det
98,02:19:24.01,+00:09:31.6,23.3084,21.7237,20.323467,20.20349,19.15548,18.886705,18.14731,18.209833,3.1049097,1.52021,1.3167838,2.8369937,7.166491355895997,7.216149971008301,-999.0,-999.0,-999.0,0,none
154,22:49:25.58,+00:40:31.8,23.8438,21.9546,20.092863,19.999817,19.480791,18.897232,18.730165,18.808495,3.8439825,1.9547822,1.1025847,3.0573668,4.407313877105713,5.161859939575195,-999.0,-999.0,-999.0,0,none
137,22:31:40.36,+00:26:24.3,22.9179,21.5276,19.894869,19.536808,19.242264,18.790472,17.990324,17.861074,3.3810918,1.9907911,0.74633586,2.7371268,3.2513182525634767,3.5900412025451662,-999.0,-999.0,-999.0,0,none
87,02:07:09.82,+01:00:00.0,22.8359,21.5775,20.149899,20.065105,19.6877,18.785833,17.80008,17.530842,2.7707937,1.5123937,1.279272,2.7916656,5.736851806640625,5.673602897644043,-999.0,-999.0,0.614,NIRES092318,QSO
173,23:07:07.46,-00:22:37.4,22.9015,21.4061,20.266409,19.835749,19.308086,18.801311,19.03053,18.933851,3.0657518,1.5703504,1.0344371,2.6047873,4.909124507904053,5.471310092926026,-999.0,-999.0,-999.0,0,none
101,02:20:52.74,+00:12:32.2,22.6398,21.2897,19.739939,19.590958,19.04162,18.388466,17.174377,16.862614,3.0488412,1.6987417,1.2024916,2.9012332,7.695745422363282,7.908753433227539,-999.0,-999.0,-999.0,0,none
134,22:27:59.75,+00:37:08.4,22.3075,21.0265,19.658749,19.264458,18.782236,18.350256,18.041807,18.13056,3.043043,1.7620428,0.9142016,2.6762443,5.031179969787598,4.441029407501221,-999.0,-999.0,-999.0,0,none
143,22:40:30.68,-00:54:20.0,23.6087,21.538,20.165825,19.724396,19.097414,18.710655,18.534485,18.585701,3.8843038,1.8136041,1.0137404,2.8273444,5.610092273712159,7.3389883117675785,-999.0,-999.0,0,NIRES092218,star
68,01:56:24.81,-00:14:58.7,22.6757,22.2178,20.456907,19.703093,18.97996,18.6483,17.489199,16.820826,2.9726064,2.5147073,1.0547923,3.5694995,3.8365034065246584,3.7217665214538576,-999.0,-999.0,1.528,NIRES080418_0922,QSO
119,22:19:31.16,+00:26:29.8,22.5225,20.9277,19.607481,19.205976,18.78914,18.257269,18.544968,18.419746,3.3165224,1.7217233,0.94870746,2.6704307,4.98204440689087,5.1937461090087895,-999.0,-999.0,999.0,TSPEC083018,??
54,00:53:12.69,+00:00:28.5,21.026,20.8156,19.17028,18.985386,18.43304,18.093754,18.002626,18.075323,2.040613,1.8302133,0.89163196,2.7218451,6.851814079284669,6.870631874084473,-999.0,-999.0,-999.0,0,none
8,00:03:35.28,-00:51:11.5,22.7775,21.6727,20.164904,19.68032,19.444046,18.82614,18.495144,18.555216,3.0971792,1.9923799,0.8541812,2.846561,4.977339580535889,4.570402313232422,-999.0,-999.0,-999.0,0,none
235,23:55:36.85,-00:16:00.1,22.1121,21.2792,19.77395,19.534441,19.194342,18.671068,18.602219,18.268713,2.5776594,1.7447584,0.8633727,2.608131,4.342757904052735,4.107011283874512,-999.0,-999.0,-999.0,0,none
148,22:44:42.43,+00:13:55.8,23.5527,21.8584,20.271105,19.961582,19.353455,18.726618,17.940624,18.015509,3.5911176,1.8968179,1.2349643,3.131782,8.357246726989747,5.901508266448975,-999.0,-999.0,999.0,NIRES092218,?
69,01:56:54.09,-00:16:59.1,23.359,22.0483,20.454084,19.548601,19.595116,18.845137,17.718231,17.39633,3.8103979,2.4996984,0.7034644,3.2031627,3.6600856361389162,3.544041687011719,-999.0,-999.0,-999.0,0,none
103,22:06:27.64,+00:33:32.0,22.9048,21.2536,19.848154,19.728151,18.947517,18.629257,18.134697,18.218039,3.1766489,1.5254476,1.098894,2.6243415,6.598817687988282,6.079233478546143,-999.0,-999.0,999.0,NIRES080218,??
157,22:50:48.71,-00:28:18.2,22.6612,21.377,20.214006,19.73506,19.173824,18.711393,19.144758,18.869888,2.9261396,1.6419408,1.0236663,2.665607,7.723188102722168,4.791512912750244,-999.0,-999.0,999.0,NIRES092218,?
111,22:14:33.20,-00:33:55.9,23.0674,21.4581,20.22961,19.703657,19.036207,18.550323,18.480854,18.491678,3.3637426,1.754442,1.1533335,2.9077754,6.247288455963135,6.358104904174805,-999.0,-999.0,-999.0,Gemini,??
113,22:15:46.88,-01:01:21.2,23.2509,21.4481,20.435453,19.943037,19.421736,18.72312,18.765358,18.647976,3.307863,1.5050619,1.2199172,2.724979,6.715906608581543,6.170709835052491,-999.0,-999.0,-999.0,0,none
193,23:27:08.60,-00:24:57.4,23.2947,21.5335,20.311543,19.628942,19.231495,18.893177,19.144272,19.218428,3.665758,1.904558,0.73576534,2.6403232,5.678307346343995,6.193447689056397,-999.0,-999.0,-999.0,0,none
231,23:54:13.88,-00:59:47.8,23.747,21.9869,20.246544,20.294317,19.348541,18.862354,18.756699,18.797974,3.4526823,1.6925828,1.4319628,3.1245456,3.5307123527526856,6.250163166046143,-999.0,-999.0,-999.0,Gemini,none
174,23:07:10.93,+00:49:22.5,23.7588,21.8108,20.76689,20.15876,19.232252,18.586742,18.616959,18.658789,3.6000402,1.6520402,1.5720176,3.2240577,6.445660446166992,7.014902137756348,-999.0,-999.0,-999.0,Gemini18B,??
218,23:45:42.89,-00:18:06.5,23.4904,21.5446,20.062492,20.01014,19.396074,18.768414,18.729773,18.819674,3.4802606,1.5344598,1.2417258,2.7761855,4.069375316619873,5.35003902053833,-999.0,-999.0,-999.0,0,none
158,22:51:06.19,-00:35:09.2,23.2218,21.4543,20.036585,19.675415,18.941433,18.644983,18.759281,18.759615,3.5463846,1.7788846,1.0304316,2.8093162,9.889862983703614,4.810331085205078,-999.0,-999.0,-999.0,NIRES092218,none
96,02:18:22.69,+00:25:38.8,22.0105,21.4954,19.492805,19.616907,18.94535,18.607805,19.080065,19.137821,2.3935926,1.8784921,1.0091017,2.8875937,6.565101402282715,5.879554801940918,-999.0,-999.0,999.0,NIRES092218,?
3,00:00:16.67,+00:05:22.5,23.3576,21.6781,20.202389,19.708937,19.207716,18.771132,18.017138,17.556839,3.6486623,1.9691637,0.93780506,2.9069686,5.721170059204102,6.595680885314942,-999.0,-999.0,999.0,NIRES080218,?
82,02:03:36.57,+00:41:51.7,22.9165,21.3897,20.034975,19.685446,18.994858,18.74491,19.061583,19.056417,3.231054,1.7042539,0.9405364,2.6447902,4.135237976074219,4.223577907562256,-999.0,-999.0,-999.0,NIRES092218,none
209,23:38:19.14,+00:25:37.5,22.7039,21.4185,19.931269,19.545547,18.851267,18.476404,18.622126,18.66442,3.1583517,1.8729532,1.0691432,2.9420962,3.9538544197082524,4.991453304290772,-999.0,-999.0,-999.0,Gemini18B,none
92,02:13:45.44,+00:24:36.4,23.3875,23.2332,20.801619,19.695654,19.080349,18.355148,17.307598,16.699816,3.6918466,3.537546,1.3405055,4.8780513,4.189339702606201,4.37777974319458,1.36,1.09,-999.0,0,none
77,01:59:33.91,+00:22:30.6,23.6137,21.6956,20.33918,19.909418,19.26813,18.669964,18.890892,18.727045,3.7042825,1.7861822,1.2394542,3.0256362,5.56174072265625,4.871489295959472,-999.0,-999.0,999.0,NIRES092318,?
162,22:55:30.02,-00:39:06.6,22.9867,21.2927,20.21586,19.713392,19.079727,18.670637,18.865507,18.671917,3.2733076,1.5793073,1.042755,2.6220622,4.8456142616271975,5.196098522186279,-999.0,-999.0,999.0,NIRES091818,?
22,00:19:53.94,+00:32:02.7,23.6121,21.4346,19.590584,19.424898,19.037031,18.715292,18.622532,18.253471,4.187202,2.0097024,0.70960605,2.7193084,3.2413866806030276,3.0610484733581544,-999.0,-999.0,-999.0,0,none
217,23:44:18.71,-00:36:09.6,23.5552,22.2729,20.406754,20.008617,19.367893,18.816364,18.055857,18.073925,3.546583,2.264282,1.192253,3.4565349,4.292315654754639,4.104658870697022,-999.0,-999.0,-999.0,0,none
93,02:16:26.11,-00:13:01.0,22.4859,21.6544,20.061005,19.642962,19.081964,18.694187,18.135307,17.726,2.8429391,2.0114381,0.9487742,2.9602122,3.996455795288086,3.263863952636719,-999.0,-999.0,999.0,NIRES092318,?
183,23:22:10.18,-00:14:50.2,22.9699,21.3655,19.980951,19.660084,19.005323,18.333895,18.217361,18.272192,3.3098161,1.7054155,1.3261889,3.0316043,5.195053173065186,4.885602264404297,-999.0,-999.0,-999.0,0,none
7,00:02:16.11,+00:37:17.9,22.115,22.3845,19.702408,19.731567,19.13925,18.790096,18.9538,18.83985,2.3834321,2.652933,0.941471,3.5944037,9.14132805633545,6.2263795852661135,-999.0,-999.0,-999.0,0,none
27,00:22:24.45,+00:52:00.9,23.1784,21.6555,20.419792,19.605831,19.046354,18.59778,19.033134,18.982973,3.5725687,2.049669,1.0080508,3.0577197,4.010569519042969,4.325769470214844,-999.0,-999.0,-999.0,0,none
147,22:44:30.21,+00:32:31.2,23.3099,21.7897,19.885225,19.615976,18.814022,18.8566,17.827799,17.109653,3.6939237,2.173723,0.7593764,2.9330993,2.966174732208252,2.987867614746094,-999.0,-999.0,-999.0,0,none
86,02:05:25.48,+01:02:07.6,22.4725,21.5082,20.364761,19.950455,19.284063,18.821999,17.087954,16.438395,2.522045,1.5577447,1.128456,2.6862006,5.7159433135986335,5.751226867675782,95.87,68.43,-999.0,0,none
58,01:50:04.17,-00:48:54.6,22.9078,21.7119,19.856508,19.672216,19.347776,18.832945,18.857979,18.336483,3.235584,2.039684,0.8392714,2.8789554,3.7753451957702637,3.008776485443115,-999.0,-999.0,-999.0,0,none
21,00:19:49.63,+00:41:16.5,21.9286,21.0621,19.90907,19.548784,18.946547,18.11601,16.779903,16.25257,2.3798158,1.513315,1.4327735,2.9460883,6.330138793945313,7.30605754852295,-999.0,-999.0,-999.0,0,none
149,22:45:30.70,+00:00:48.1,23.1277,21.7985,20.646494,20.037848,19.316118,18.781353,17.91845,17.8081,3.089853,1.7606523,1.2564944,3.0171466,4.782888027191162,4.706832080841065,-999.0,-999.0,-999.0,0,none
94,02:17:08.72,+00:19:29.2,23.3835,21.6818,20.401289,19.951826,19.16678,18.865675,18.773642,18.806326,3.4316728,1.7299745,1.086151,2.8161254,11.441296279907228,8.415792320251466,-999.0,-999.0,-999.0,0,none
156,22:50:18.05,-00:12:12.5,22.4923,20.868,19.706873,19.175581,18.670153,18.219614,18.58247,18.631426,3.3167188,1.6924188,0.95596683,2.6483855,6.280480934143067,5.896281520843506,-999.0,-999.0,999.0,TSPEC083018,??
138,22:32:29.33,+00:52:16.1,24.5428,22.4393,19.863876,19.513147,18.918985,18.722,17.447687,16.908815,5.029653,2.926153,0.7911471,3.7173,2.4902381916046146,2.749507432937622,-999.0,-999.0,1.374,Gemini,QSO
155,22:50:17.18,+00:41:53.0,22.3299,21.221,19.57708,19.523342,18.99673,18.447979,17.709066,17.595415,2.8065584,1.6976583,1.075363,2.7730212,4.368109886169433,4.112761081695557,-999.0,-999.0,-999.0,0,none
169,23:03:30.54,-00:21:55.6,23.1977,21.3927,19.949076,19.336523,18.948122,18.465664,17.904568,17.980604,3.8611772,2.056177,0.870859,2.9270358,4.068068252563477,3.640222492218018,-999.0,-999.0,-999.0,0,none
207,23:37:43.88,+00:36:40.6,25.0264,24.3983,19.972193,19.985252,19.898098,18.738932,19.434517,19.374002,5.0411468,4.4130473,1.2463206,5.659368,1.9429503421783447,2.174515188217163,-999.0,-999.0,-999.0,0,none
159,22:51:13.12,-00:45:55.8,22.8015,21.309,19.676579,19.41985,19.024092,18.704971,18.505428,18.58494,3.3816507,1.8891504,0.71487796,2.6040282,4.620844562530518,4.462199237823486,-999.0,-999.0,-999.0,NIRES092218,none
222,23:46:58.42,-00:38:06.5,23.2825,22.2705,20.37071,19.330584,18.322947,17.262726,15.530456,14.790944,3.9519155,2.9399164,2.0678577,5.007774,5.241051933288574,4.667889427185059,-999.0,-999.0,-999.0,0,none
122,22:22:15.16,+00:38:47.0,23.0037,21.3099,20.159761,19.6581,19.079111,18.424793,18.299309,18.373543,3.3456,1.6517999,1.2333068,2.8851066,5.19374573135376,6.962630905151368,-999.0,-999.0,-999.0,0,none
114,22:16:19.55,-00:49:09.0,23.3471,21.4086,20.007969,19.533133,18.902481,18.320763,18.241446,18.321165,3.8139665,1.8754671,1.2123698,3.0878367,5.611922012329102,6.301650764465332,-999.0,-999.0,-999.0,0,none
46,00:48:38.76,+00:16:49.0,21.9223,21.5359,20.1275,19.552826,19.139894,18.81935,18.422325,18.116707,2.3694742,1.983074,0.7334765,2.7165504,4.884295955657959,4.668935153961182,-999.0,-999.0,-999.0,0,none
117,22:18:33.98,-00:31:41.9,22.6182,21.5453,20.044748,19.909595,19.476137,18.715322,17.99036,17.7839,2.7086046,1.6357038,1.1942729,2.8299766,7.57944051361084,5.316062530517578,-999.0,2.235,-999.0,NIRES092218,QSO?
66,01:55:32.45,+00:00:27.4,22.0488,21.0772,19.757774,19.253906,18.795546,18.28835,18.618723,18.49646,2.794893,1.8232934,0.965557,2.7888503,5.97207612991333,4.798569774627686,-999.0,-999.0,-999.0,0,none
115,22:17:07.76,+00:09:24.5,22.9335,21.0136,19.829954,19.458551,18.780653,18.305244,18.29643,18.372522,3.4749486,1.5550478,1.1533068,2.7083545,4.77347912979126,6.5556925048828125,-999.0,-999.0,-999.0,0,none
90,02:09:30.43,+00:24:00.3,23.0074,21.3728,19.63063,19.523605,18.875786,18.196886,17.13543,16.662699,3.483795,1.8491952,1.3267192,3.1759143,3.6694941558837892,4.165033069610596,-999.0,-999.0,999.0,TSPEC083018,??
215,23:43:12.41,+00:02:16.8,23.1499,21.4187,20.264511,19.694263,19.247816,18.549038,18.228247,18.035093,3.4556367,1.7244356,1.1452254,2.8696609,4.464551651000977,4.7280022888183595,-999.0,-999.0,0.415?,Gemini18B,AGN
177,23:14:16.62,+00:06:13.8,22.9303,22.8443,20.712336,19.860361,18.999006,18.223532,16.894344,16.395842,3.0699384,2.983938,1.6368293,4.620767,4.045852695465088,3.0971158504486085,-999.0,-999.0,-999.0,Gemini,?
67,01:55:32.84,+00:06:34.2,22.5862,21.2838,19.826738,19.543222,19.21128,18.550753,18.114252,18.003977,3.042978,1.7405775,0.99246967,2.733047,5.657921527862549,5.050259479522706,-999.0,-999.0,-999.0,Gemini18B,none
2,00:00:15.00,-00:34:43.5,24.2109,22.2703,20.06885,19.78327,19.064283,18.481094,17.63439,17.652925,4.427629,2.4870298,1.3021754,3.789205,3.165592638015747,5.445174476623535,-999.0,-999.0,-999.0,Gemini,none
136,22:29:27.38,+00:19:56.0,23.7023,22.126,20.24262,20.285515,19.436777,18.564192,17.807322,17.590422,3.416784,1.8404844,1.7213229,3.5618072,4.997203102111817,5.101747455596924,-999.0,-999.0,0.615,Gemini,QSO
29,00:23:11.67,+00:38:13.7,23.3677,21.8579,20.167677,19.786095,19.002449,18.42485,18.676977,18.7132,3.5816057,2.0718057,1.3612441,3.4330497,4.035921123504639,3.996455795288086,-999.0,-999.0,-999.0,Gemini18B,none
240,23:58:59.67,-00:20:31.5,24.1739,22.1638,20.292862,20.045828,19.23095,18.689875,17.564264,17.57074,4.1280723,2.1179712,1.3559531,3.4739242,6.77026929473877,5.146701244354248,-999.0,-999.0,-999.0,NIRES091818,none
184,23:22:50.27,+00:55:01.3,22.4816,21.1675,19.807596,19.51542,18.952135,18.558062,18.733658,18.824621,2.9661787,1.6520784,0.9573592,2.6094375,4.261213874816895,4.706832080841065,-999.0,-999.0,-999.0,0,none
234,23:55:33.86,-00:12:10.0,22.9461,21.5711,19.596655,19.306894,18.85487,18.12852,16.99459,16.607683,3.6392057,2.2642057,1.1783751,3.4425807,4.004819343566894,4.306690338134766,-999.0,-999.0,-999.0,0,none
